Account,parsed_date,daily_pnl,total_fee,trade_count,win_trades,loss_trades,close_trades,buy_trades,total_volume_usd,avg_trade_size_usd,avg_equity_leverage,max_equity_leverage,avg_relative_leverage,avg_running_equity,fg_value,fg_class,win_rate,long_short_ratio,regime,leverage_group
0x083384f897ee0f19899168e3b1bec365f52a9012,2024-11-11,0.0,167.796055,177,0,0,0,0,900880.13,5089.718248587571,0.05095382646749683,0.600575462504919,0.3149660620697269,99877.77862167796,76,Extreme Greed,0.5,0.0,Greed,High Leverage
0x083384f897ee0f19899168e3b1bec365f52a9012,2024-11-17,0.0,67.883615,68,0,0,0,0,542413.18,7976.6644117647065,0.07992836237043904,0.6599758674234378,0.4936183999816621,99781.34519394118,90,Extreme Greed,0.5,0.0,Greed,High Leverage
0x083384f897ee0f19899168e3b1bec365f52a9012,2024-11-18,0.0,94.937983,40,0,0,0,0,949380.0,23734.5,0.23807555761057544,6.678291310534004,1.4687575294110728,99699.4402363,83,Extreme Greed,0.5,0.0,Greed,High Leverage
0x083384f897ee0f19899168e3b1bec365f52a9012,2024-11-22,-21227.0,33.823995,12,0,12,12,12,338240.0,28186.666666666668,0.3234299912717346,0.8732134959575162,1.7442701087306147,86581.01357458332,94,Extreme Greed,0.0,1.0,Greed,High Leverage
0x083384f897ee0f19899168e3b1bec365f52a9012,2024-11-26,1603.1,104.62249,27,12,0,12,12,465700.0,17248.14814814815,0.21649573086911417,1.655608787051899,1.067363856874602,79694.48755714815,79,Extreme Greed,1.0,0.8,Greed,High Leverage
0x083384f897ee0f19899168e3b1bec365f52a9012,2024-11-28,-132271.0,131.679967,82,0,82,82,82,1316799.98,16058.536341463414,67.66166408719509,721.8291,0.9937473366974545,22831.373429365853,77,Extreme Greed,0.0,1.0,Greed,High Leverage
0x083384f897ee0f19899168e3b1bec365f52a9012,2024-11-30,0.0,390.92155299999996,23,0,0,0,0,1116918.77,48561.68565217392,485.6168565217391,3827.2769,3.00513351629586,100.0,84,Extreme Greed,0.5,0.0,Greed,High Leverage
0x083384f897ee0f19899168e3b1bec365f52a9012,2024-12-06,-175611.000056,121.229992,33,0,33,33,33,1212299.96,36736.36242424243,367.3636242424243,8145.2417000000005,2.2733492980168144,100.0,72,Greed,0.0,1.0,Greed,High Leverage
0x083384f897ee0f19899168e3b1bec365f52a9012,2025-01-19,71393.964098,780.33644,465,23,89,112,112,5306093.62,11410.954021505377,114.10954021505376,2256.3732999999997,0.7061418878362545,100.0,77,Extreme Greed,0.20535714285714285,0.31728045325779036,Greed,High Leverage
0x083384f897ee0f19899168e3b1bec365f52a9012,2025-01-20,40218.599998,23.971493,51,28,0,28,28,479429.99,9400.588039215687,94.00588039215687,1569.6229999999998,0.5817347938018376,100.0,76,Extreme Greed,1.0,1.2173913043478262,Greed,High Leverage
0x083384f897ee0f19899168e3b1bec365f52a9012,2025-02-02,76710.0,92.923496,10,9,0,9,9,1858470.0,185847.0,1858.47,9312.9,11.500734397963289,100.0,60,Greed,1.0,9.0,Greed,High Leverage
0x083384f897ee0f19899168e3b1bec365f52a9012,2025-02-03,101011.685664,2355.038296,839,256,115,371,350,19794543.66,23593.019856972587,7.882288901910093,1270.9623,1.46000234074758,49631.849656157974,44,Fear,0.6900269541778976,0.7157464212678937,Neutral,High Leverage
0x083384f897ee0f19899168e3b1bec365f52a9012,2025-02-04,375620.270243,704.19937,531,83,28,111,111,5616220.88,10576.687156308852,0.11423566966619972,4.668387339887618,0.6545151107903691,227489.74579366035,72,Greed,0.7477477477477478,0.2642857142857143,Greed,High Leverage
0x083384f897ee0f19899168e3b1bec365f52a9012,2025-02-05,44400.9058,700.101577,210,78,0,78,78,5582863.3100000005,26585.063380952382,0.05807898232440615,1.2064983720078708,1.6451583985609304,459763.46239553276,54,Neutral,1.0,0.5909090909090909,Neutral,High Leverage
0x083384f897ee0f19899168e3b1bec365f52a9012,2025-02-09,30897.0887,0.0,141,132,0,132,132,1432708.93,10161.056241134751,0.020740928222989997,0.31244695863874683,0.6287947022661544,494669.0685729995,46,Neutral,1.0,14.666666666666666,Neutral,High Leverage
0x083384f897ee0f19899168e3b1bec365f52a9012,2025-02-10,55086.0,0.0,48,16,0,16,16,1537560.0,32032.5,0.0580965830098841,0.6174741394954334,1.982261078213579,556689.9135540827,43,Fear,1.0,0.5,Neutral,High Leverage
0x083384f897ee0f19899168e3b1bec365f52a9012,2025-02-11,0.0,0.0,6,0,0,0,0,807600.01,134600.00166666668,0.23947487415903748,0.7111292589335696,8.329426190004407,562063.1481249994,47,Neutral,0.5,0.0,Neutral,High Leverage
0x083384f897ee0f19899168e3b1bec365f52a9012,2025-02-24,10152.12224,561.226533,59,31,0,31,31,1603504.46,27178.041694915253,0.04771831387517894,0.5053514938892837,1.681853562285064,569335.3373696266,49,Neutral,1.0,1.1071428571428572,Neutral,High Leverage
0x083384f897ee0f19899168e3b1bec365f52a9012,2025-02-25,115445.395538,555.888761,219,93,0,93,93,2898197.14,13233.776894977169,0.020773942450572985,1.2422088220041059,0.8189432874947442,638688.4982991501,25,Fear,1.0,0.7380952380952381,Fear,High Leverage
0x083384f897ee0f19899168e3b1bec365f52a9012,2025-02-28,115287.0,137.273975,55,1,0,1,1,1372739.97,24958.908545454546,0.031130835143837625,0.854617671878947,1.5445273695261634,801748.006158563,16,Extreme Fear,1.0,0.018518518518518517,Fear,High Leverage
0x083384f897ee0f19899168e3b1bec365f52a9012,2025-03-01,9482.221441,6.71802,45,36,0,36,36,134360.89,2985.797555555556,0.003691243247711017,0.02089761146730848,0.18476953974254348,807502.0900447776,20,Extreme Fear,1.0,4.0,Fear,High Leverage
0x083384f897ee0f19899168e3b1bec365f52a9012,2025-03-03,533974.662903,268.294625,641,540,0,540,540,5365898.24,8371.136099843994,0.007264324243408498,0.34491370776689273,0.5180294160976936,1160997.3920896894,33,Fear,1.0,5.346534653465347,Fear,High Leverage
0x083384f897ee0f19899168e3b1bec365f52a9012,2025-03-24,40200.0,39.819998,5,4,0,4,4,398200.0,79640.0,0.05762591159095461,0.14411184748619105,4.92834690607756,1374819.0942063995,45,Neutral,1.0,4.0,Neutral,High Leverage
0x083384f897ee0f19899168e3b1bec365f52a9012,2025-04-12,307855.80341,66.62407,31,31,0,31,31,666240.85,21491.640322580646,0.013592227765801638,0.1730067816670736,1.3299630724550733,1453273.8608556446,43,Fear,1.0,1.0,Neutral,High Leverage
0x23e7a7f8d14b550961925fbfdaa92f5d195ba5bd,2024-11-30,11715.94323,34.68082399,55,46,0,46,8,135847.3,2469.9509090909087,0.02312681064109184,0.21940023262968905,1.4940186161249256,106107.98077178019,84,Extreme Greed,1.0,0.1702127659574468,Greed,Low Leverage
0x23e7a7f8d14b550961925fbfdaa92f5d195ba5bd,2024-12-01,0.0,0.0,1,0,0,0,0,0.06,0.06,5.372432107892358e-07,5.372432107892358e-07,3.629267150110642e-05,111681.26240601,81,Extreme Greed,0.5,0.0,Greed,Low Leverage
0x23e7a7f8d14b550961925fbfdaa92f5d195ba5bd,2024-12-06,0.0,1.31668822,34,0,0,0,34,48513.58,1426.8700000000001,0.0127763518754504,0.057753741237685265,0.8630820697463953,111680.50573267,72,Greed,0.5,1.0,Greed,Low Leverage
0x23e7a7f8d14b550961925fbfdaa92f5d195ba5bd,2024-12-07,3515.031065,5.2028479999999995,26,25,0,25,0,52028.63,2001.1011538461537,0.017519670280484744,0.2998836784910169,1.2104217802837247,113287.48508609769,75,Extreme Greed,1.0,0.0,Greed,Low Leverage
0x23e7a7f8d14b550961925fbfdaa92f5d195ba5bd,2024-12-09,0.0,1.4383267,46,0,0,0,46,52066.88,1131.888695652174,0.009826358857803542,0.0369459745100547,0.6846544101186696,115189.14454191456,78,Extreme Greed,0.5,1.0,Greed,Low Leverage
0x23e7a7f8d14b550961925fbfdaa92f5d195ba5bd,2024-12-10,2517.787385,19.104602,64,63,0,63,0,54584.72,852.88625,0.007320951935099484,0.03652262771011699,0.5158920083176755,116444.79645937124,78,Extreme Greed,1.0,0.0,Greed,Low Leverage
0x23e7a7f8d14b550961925fbfdaa92f5d195ba5bd,2024-12-18,1613.165903,20.81460217,59,15,0,15,44,112897.91,1913.523898305085,0.016170869908477666,0.37418585777484537,1.1574482375117168,118039.14565076119,81,Extreme Greed,1.0,2.933333333333333,Greed,Low Leverage
0x23e7a7f8d14b550961925fbfdaa92f5d195ba5bd,2024-12-19,0.0,0.0,1,0,0,0,0,0.11,0.11,9.222047390434141e-07,9.222047390434141e-07,6.65365644186951e-05,119279.36969192,75,Extreme Greed,0.5,0.0,Greed,Low Leverage
0x23e7a7f8d14b550961925fbfdaa92f5d195ba5bd,2024-12-20,1245.51851,119.60926,34,21,0,21,13,341740.77999999997,10051.199411764705,0.08407326347466715,0.2856807902979693,6.079747974054843,119624.51853924352,74,Greed,1.0,0.6190476190476191,Greed,Low Leverage
0x23e7a7f8d14b550961925fbfdaa92f5d195ba5bd,2025-01-13,0.0,61.51029,13,0,0,0,13,36997.54,2845.9646153846156,0.0236454954617027,0.1741625938253027,1.7214609814987756,120346.86007038153,61,Greed,0.5,1.0,Greed,Low Leverage
0x23e7a7f8d14b550961925fbfdaa92f5d195ba5bd,2025-01-17,4493.232479,14.521731999999998,17,17,0,17,0,41490.68,2440.6282352941175,0.019745323206180714,0.18241422632893559,1.4762819799975748,122043.25574697882,75,Extreme Greed,1.0,0.0,Greed,Low Leverage
0x23e7a7f8d14b550961925fbfdaa92f5d195ba5bd,2025-01-18,1047.030992,89.144541,39,28,0,28,10,84021.27,2154.3915384615384,0.017222795496915393,0.22495846144052048,1.3031437398357981,125140.35978466358,77,Extreme Greed,1.0,0.3448275862068966,Greed,Low Leverage
0x23e7a7f8d14b550961925fbfdaa92f5d195ba5bd,2025-01-19,4842.054317,124.96169717000001,124,80,0,80,43,272092.55,2194.294758064516,0.01728186518035121,0.3085738121701743,1.327280313850588,127422.34395827314,77,Extreme Greed,1.0,0.5308641975308642,Greed,Low Leverage
0x23e7a7f8d14b550961925fbfdaa92f5d195ba5bd,2025-01-24,1693.493165,108.05738221,339,198,0,198,141,588968.28,1737.369557522124,0.013222655108039395,0.08515548610187143,1.050896377119551,131533.03263831759,75,Extreme Greed,1.0,0.7121212121212122,Greed,Low Leverage
0x23e7a7f8d14b550961925fbfdaa92f5d195ba5bd,2025-01-25,4221.156399,24.25559825,54,4,0,4,50,129509.91,2398.331666666667,0.017881165703586454,0.46939709569555654,1.4506977221505735,132168.5949422926,75,Extreme Greed,1.0,12.5,Greed,Low Leverage
0x23e7a7f8d14b550961925fbfdaa92f5d195ba5bd,2025-01-27,0.0,1.05928092,44,0,0,0,44,66856.49,1519.465681818182,0.011149648676615604,0.04400216526940067,0.9190911474571994,136279.1862086066,71,Greed,0.5,1.0,Greed,Low Leverage
0x23e7a7f8d14b550961925fbfdaa92f5d195ba5bd,2025-01-28,6899.245832,25.814472,56,56,0,56,0,73755.74,1317.0667857142857,0.00941835008428948,0.04185162369993648,0.7966645366491116,140024.1365128343,72,Greed,1.0,0.0,Greed,Low Leverage
0x23e7a7f8d14b550961925fbfdaa92f5d195ba5bd,2025-01-29,0.0,1.16815524,46,0,0,0,46,73735.48,1602.9452173913044,0.011197539061851424,0.03390215741095863,0.9695860701508705,143151.54938738586,72,Greed,0.5,1.0,Greed,Low Leverage
0x23e7a7f8d14b550961925fbfdaa92f5d195ba5bd,2025-01-30,7372.485101,28.387735,55,55,0,55,0,81107.93000000001,1474.6896363636365,0.010035686159585545,0.05412713942154934,0.8920071089771924,146849.01575069362,70,Greed,1.0,0.0,Greed,Low Leverage
0x23e7a7f8d14b550961925fbfdaa92f5d195ba5bd,2025-02-01,1162.002541,29.90369878,78,25,0,25,53,163388.11,2094.719358974359,0.013889730749829451,0.11409622968086938,1.2670493597044106,150628.9270544332,68,Greed,1.0,2.12,Greed,Low Leverage
0x23e7a7f8d14b550961925fbfdaa92f5d195ba5bd,2025-02-02,6352.452613,487.25693852,517,233,13,246,270,1443682.0,2792.42166344294,0.018201867195385215,0.42843496486912874,1.689074035398463,153586.65886695328,60,Greed,0.9471544715447154,1.0931174089068827,Greed,Low Leverage
0x23e7a7f8d14b550961925fbfdaa92f5d195ba5bd,2025-02-11,-12346.990829,26.565471,124,0,124,124,0,75901.55,612.1092741935485,0.004057997783343171,0.08614292516306447,0.37025134685145217,153059.00471316866,47,Neutral,0.0,0.0,Neutral,Low Leverage
0x23e7a7f8d14b550961925fbfdaa92f5d195ba5bd,2025-02-12,355.5854,149.553903,159,127,0,127,31,427297.12,2687.4032704402516,0.01851642849807229,0.1669684313049735,1.625550734751452,145167.05889168533,46,Neutral,1.0,0.2421875,Neutral,Low Leverage
0x23e7a7f8d14b550961925fbfdaa92f5d195ba5bd,2025-02-24,1129.848926,34.19572673,160,52,0,52,108,262595.6,1641.2224999999999,0.011249511009179414,0.07431637665421177,0.9927391508787439,145893.56667686097,49,Neutral,1.0,2.076923076923077,Neutral,Low Leverage
0x23e7a7f8d14b550961925fbfdaa92f5d195ba5bd,2025-02-25,-6820.76955,29.018782,1,0,1,1,0,82910.81,82910.81,0.5940415261211733,0.5940415261211733,50.15091318701082,139570.73092409997,25,Fear,0.0,0.0,Fear,Low Leverage
0x23e7a7f8d14b550961925fbfdaa92f5d195ba5bd,2025-02-28,0.0,1.35322108,52,0,0,0,52,76066.87,1462.824423076923,0.010480935260873962,0.03585691178165813,0.8848301041754382,139570.17548008653,16,Extreme Fear,0.5,1.0,Fear,Low Leverage
0x23e7a7f8d14b550961925fbfdaa92f5d195ba5bd,2025-03-03,2480.902379,53.50649472,110,50,0,50,60,219900.91,1999.099181818182,0.01418747273047692,0.36972825190579006,1.2092108317309649,140794.39727275298,33,Fear,1.0,1.2,Fear,Low Leverage
0x23e7a7f8d14b550961925fbfdaa92f5d195ba5bd,2025-03-04,-3169.3554679999997,20.67737314,65,0,10,10,55,114173.17,1756.5103076923076,0.012501252311175996,0.3785936039842012,1.0624741930897381,141701.42931985782,15,Extreme Fear,0.0,5.5,Fear,Low Leverage
0x23e7a7f8d14b550961925fbfdaa92f5d195ba5bd,2025-03-07,0.0,1.26292469,37,0,0,0,37,55481.42,1499.4978378378378,0.010802825746405691,0.04305397521354987,0.9070130407544665,138806.0601472359,34,Fear,0.5,1.0,Fear,Low Leverage
0x23e7a7f8d14b550961925fbfdaa92f5d195ba5bd,2025-03-08,2099.019688,20.153151,47,47,0,47,0,57580.5,1225.1170212765958,0.00875705748463548,0.04479367292588102,0.7410461600600915,140078.63288955507,28,Fear,1.0,0.0,Fear,Low Leverage
0x23e7a7f8d14b550961925fbfdaa92f5d195ba5bd,2025-03-09,656.540742,22.11483517,65,57,0,57,8,173973.68,2676.518153846154,0.01895448431837646,0.40856774397604967,1.6189665687381047,141242.63793456703,27,Fear,1.0,0.14035087719298245,Fear,Low Leverage
0x23e7a7f8d14b550961925fbfdaa92f5d195ba5bd,2025-03-10,-1065.797583,41.25995296,53,51,1,52,1,176292.61,3326.2756603773582,0.023446957758291226,0.41693316250829787,2.0119904977366883,142206.6911798864,20,Extreme Fear,0.9807692307692307,0.019230769230769232,Fear,Low Leverage
0x23e7a7f8d14b550961925fbfdaa92f5d195ba5bd,2025-03-12,1591.753271,20.961068,53,52,0,52,1,115769.39,2184.328113207547,0.015509709119081368,0.4065826904749309,1.321251711054552,141209.70228000038,34,Fear,1.0,0.019230769230769232,Fear,Low Leverage
0x23e7a7f8d14b550961925fbfdaa92f5d195ba5bd,2025-03-13,-2315.377191,20.268314959999998,27,0,10,10,17,115001.41,4259.311481481482,0.0301614050130054,0.2518935563325475,2.5763632069716387,141680.18424903037,45,Neutral,0.0,1.7,Neutral,Low Leverage
0x23e7a7f8d14b550961925fbfdaa92f5d195ba5bd,2025-03-28,0.0,1.54451693,42,0,0,0,42,61324.83,1460.115,0.010455827995828051,0.04290527042661669,0.8831912341473,139645.96997839143,44,Fear,0.5,1.0,Neutral,Low Leverage
0x23e7a7f8d14b550961925fbfdaa92f5d195ba5bd,2025-03-29,-5018.466447,19.707219,97,0,97,97,0,56306.5,580.479381443299,0.004235736145640516,0.03285797909915471,0.351119125064785,137117.1447496871,26,Fear,0.0,0.0,Fear,Low Leverage
0x23e7a7f8d14b550961925fbfdaa92f5d195ba5bd,2025-03-31,716.143949,20.92763202,155,83,0,83,72,113285.54,730.8744516129032,0.005421964128947726,0.0458374091638155,0.44208977301564,134795.12471622415,34,Fear,1.0,0.8674698795180723,Fear,Low Leverage
0x23e7a7f8d14b550961925fbfdaa92f5d195ba5bd,2025-04-03,0.0,0.456405,1,0,0,0,1,54768.6,54768.6,0.4047881037316971,0.4047881037316971,33.12831347292495,135301.90115542992,25,Fear,0.5,1.0,Fear,Low Leverage
0x23e7a7f8d14b550961925fbfdaa92f5d195ba5bd,2025-04-15,0.0,0.00035346,1,0,0,0,1,16.37,16.37,0.0001209886919767624,0.0001209886919767624,0.009901850541218536,135301.90080196992,38,Fear,0.5,1.0,Fear,Low Leverage
0x23e7a7f8d14b550961925fbfdaa92f5d195ba5bd,2025-04-16,-95.985744,24.037758,88,1,87,88,0,68679.46,780.4484090909092,0.005770737931651384,0.04248506841210865,0.47207596224495807,135243.1896908222,29,Fear,0.011363636363636364,0.0,Fear,Low Leverage
0x23e7a7f8d14b550961925fbfdaa92f5d195ba5bd,2025-04-17,-133.41237,31.977951,125,20,47,67,60,91365.76,730.92608,0.005409262326697767,0.02608367164562168,0.4421210018838572,135119.85806612996,30,Fear,0.29850746268656714,0.9230769230769231,Fear,Low Leverage
0x23e7a7f8d14b550961925fbfdaa92f5d195ba5bd,2025-04-18,951.934443,129.33009467,689,301,0,301,312,528313.42,766.7829027576198,0.005665560139605143,0.1262617498092298,0.4638100000407854,135345.35727619485,33,Fear,1.0,0.8275862068965517,Fear,Low Leverage
0x23e7a7f8d14b550961925fbfdaa92f5d195ba5bd,2025-04-19,371.503,51.02067149,411,297,0,297,122,226906.97,552.0850851581508,0.004061232477923378,0.04493130171508283,0.3339440439384189,135961.37413542182,32,Fear,1.0,0.42214532871972316,Fear,Low Leverage
0x23e7a7f8d14b550961925fbfdaa92f5d195ba5bd,2025-04-20,-1892.5894700000001,119.87578636,603,249,86,335,297,581052.14,963.6022222222223,0.007089989513104012,0.06268026299817507,0.5828616484807877,136098.6655313662,37,Fear,0.7432835820895523,0.9705882352941176,Fear,Low Leverage
0x23e7a7f8d14b550961925fbfdaa92f5d195ba5bd,2025-04-21,3434.689308,30.137128,97,97,0,97,0,86106.24,887.6931958762888,0.0065317960741600655,0.04353805681090926,0.536945959195091,135824.911354749,39,Fear,1.0,0.0,Fear,Low Leverage
0x23e7a7f8d14b550961925fbfdaa92f5d195ba5bd,2025-04-23,2654.14315,197.963062,568,336,4,340,219,1472966.88,2593.2515492957746,0.018771272719132932,0.5534712124041918,1.5686004433054472,138214.00277260318,72,Greed,0.9882352941176471,0.6275071633237822,Greed,Low Leverage
0x23e7a7f8d14b550961925fbfdaa92f5d195ba5bd,2025-04-24,1867.252909,188.105048,680,333,68,401,346,1142252.43,1679.7829852941175,0.01193670963569053,0.2546154059073901,1.016063534640455,140724.62895395744,63,Greed,0.830423940149626,1.035928143712575,Greed,Low Leverage
0x23e7a7f8d14b550961925fbfdaa92f5d195ba5bd,2025-04-25,1969.39321,197.03662328,330,40,57,97,162,1248337.12,3782.839757575758,0.026602917257078074,1.2462006706675555,2.288156011050367,142609.32900700255,60,Greed,0.41237113402061853,0.9642857142857143,Greed,Low Leverage
0x23e7a7f8d14b550961925fbfdaa92f5d195ba5bd,2025-04-26,-4648.8710550000005,16.916102,338,0,338,338,0,96183.93000000001,284.56784023668644,0.002017081858901058,0.04351695422340285,0.17212878575815657,140013.5924150843,65,Greed,0.0,0.0,Greed,Low Leverage
0x23e7a7f8d14b550961925fbfdaa92f5d195ba5bd,2025-04-27,0.0,0.267131,67,0,0,0,67,96167.16,1435.3307462686569,0.01034149022798426,0.12448214218942069,0.8681997878294382,138793.43536093133,61,Greed,0.5,1.0,Greed,Low Leverage
0x23e7a7f8d14b550961925fbfdaa92f5d195ba5bd,2025-04-30,5179.772745,30.404024,83,83,0,83,0,101346.88,1221.0467469879518,0.008633111220254423,0.04315367067496396,0.7385841412654723,141347.99671308583,56,Greed,1.0,0.0,Neutral,Low Leverage
0x23e7a7f8d14b550961925fbfdaa92f5d195ba5bd,2025-05-01,1243.853569,31.0304917,250,81,0,81,169,203876.44,815.50576,0.005653186262258866,0.06283045542067632,0.49328137758233553,144156.0753342649,53,Neutral,1.0,2.0864197530864197,Neutral,Low Leverage
0x271b280974205ca63b716753467d5a371de622ab,2024-07-15,-1.0,10.197932000000002,5,0,2,2,2,30351.0,6070.2,0.06070627325446689,0.12422883417731247,0.6825817369985353,99994.92183759999,52,Neutral,0.0,0.6666666666666666,Neutral,High Leverage
0x271b280974205ca63b716753467d5a371de622ab,2024-11-29,1584.342755,0.53234,1,1,0,1,0,1584.35,1584.35,0.01559820074791489,0.01559820074791489,0.17815695941050202,101572.612483,78,Extreme Greed,1.0,0.0,Greed,High Leverage
0x271b280974205ca63b716753467d5a371de622ab,2024-12-05,208.81746,34.129711,4,3,0,3,3,158123.95,39530.9875,0.3889555666680685,0.7794650740718994,4.445179749105036,101670.2204215,84,Extreme Greed,1.0,3.0,Greed,High Leverage
0x271b280974205ca63b716753467d5a371de622ab,2025-04-09,16706.884912,1181.135135,797,300,6,306,275,4886973.24,6131.710464240904,0.05465364579781489,2.3044705495359734,0.6894984645404848,109672.32429685572,18,Extreme Fear,0.9803921568627451,0.5268199233716475,Fear,High Leverage
0x271b280974205ca63b716753467d5a371de622ab,2025-04-10,13264.043303999999,2463.061921,339,189,42,231,231,7423746.26,21898.95651917404,0.17624546548357967,2.4815374145461373,2.462493456445128,123524.35926259296,39,Fear,0.8181818181818182,2.138888888888889,Fear,High Leverage
0x271b280974205ca63b716753467d5a371de622ab,2025-04-19,5942.547242,720.081313,313,40,0,40,40,2716221.67,8678.024504792333,0.06750564832236004,1.0437209368297562,0.9758263385385991,128216.9233195304,32,Fear,1.0,0.14652014652014653,Fear,High Leverage
0x271b280974205ca63b716753467d5a371de622ab,2025-04-20,8277.307357,615.664567,863,424,0,424,418,2657908.25,3079.8473348783314,0.02259044970990775,0.7192133484530192,0.34632261598160874,136456.08723635811,37,Fear,1.0,0.9393258426966292,Fear,High Leverage
0x271b280974205ca63b716753467d5a371de622ab,2025-04-21,2638.012587,118.034405,353,61,0,61,61,693974.34,1965.9329745042492,0.013904532289899548,0.4611124776949325,0.22106519464923857,141439.59499519557,39,Fear,1.0,0.2089041095890411,Fear,High Leverage
0x271b280974205ca63b716753467d5a371de622ab,2025-04-22,-19037.340561,1377.855618,594,0,233,233,233,4817869.2299999995,8110.8909595959585,0.0613782694380307,3.5815609424052943,0.9120533161686152,134348.88866664152,47,Neutral,0.0,0.6454293628808865,Neutral,High Leverage
0x271b280974205ca63b716753467d5a371de622ab,2025-04-23,-108176.9187,2487.052566,469,66,170,236,236,9394438.39,20030.785479744136,1.1224281763346826,33.20926008331813,2.2524213940576576,34458.78944538811,72,Greed,0.2796610169491525,1.0128755364806867,Greed,High Leverage
0x271b280974205ca63b716753467d5a371de622ab,2025-04-24,8157.112326,273.237342,70,66,4,70,67,1092249.57,15603.565285714287,0.9519435983710522,6.530818558887205,1.75458941980378,16504.864699242873,63,Greed,0.9428571428571428,22.333333333333332,Greed,High Leverage
0x271b280974205ca63b716753467d5a371de622ab,2025-04-25,0.0,0.0,1,0,0,0,0,0.17,0.17,8.381475116341665e-06,8.381475116341665e-06,1.9116156846520877e-05,20282.82583200001,60,Greed,0.5,0.0,Greed,High Leverage
0x28736f43f1e871e6aa8b1148d38d4994275d72c4,2024-11-16,159.100072,10.268876,93,16,10,26,49,34754.56,373.7049462365591,0.0037326387172930712,0.02531562245632341,0.7361802974352916,100130.75965786022,86,Extreme Greed,0.6153846153846154,1.1136363636363635,Greed,Low Leverage
0x28736f43f1e871e6aa8b1148d38d4994275d72c4,2024-11-17,161.289904,10.251629,95,34,10,44,45,33584.67,353.5228421052631,0.0035270816578618675,0.023258664926031403,0.6964225485163291,100240.64113530527,90,Extreme Greed,0.7727272727272727,0.9,Greed,Low Leverage
0x28736f43f1e871e6aa8b1148d38d4994275d72c4,2024-11-18,147.410285,37.465806,162,67,26,93,71,108044.6,666.941975308642,0.006646028752547086,0.04996521039379355,1.3138427700766784,100341.9346463395,83,Extreme Greed,0.7204301075268817,0.7802197802197802,Greed,Low Leverage
0x28736f43f1e871e6aa8b1148d38d4994275d72c4,2024-11-19,233.36545999999998,66.816663,213,104,15,119,115,190840.29,895.9638028169014,0.008916420491387298,0.0723222719458462,1.7650044653984147,100463.41329125823,90,Extreme Greed,0.8739495798319328,1.1734693877551021,Greed,Low Leverage
0x28736f43f1e871e6aa8b1148d38d4994275d72c4,2024-11-20,-316.245208,298.312315,407,141,77,218,188,874868.16,2149.553218673219,0.02143029279285607,0.1501013402899576,4.2345137355343585,100373.38607421867,83,Extreme Greed,0.6467889908256881,0.8584474885844748,Greed,Low Leverage
0x28736f43f1e871e6aa8b1148d38d4994275d72c4,2024-11-21,780.001314,111.648962,446,156,79,235,223,325137.18,729.007130044843,0.00726978245177835,0.1165893652605406,1.4361080612755295,100334.83271392377,82,Extreme Greed,0.6638297872340425,1.0,Greed,Low Leverage
0x28736f43f1e871e6aa8b1148d38d4994275d72c4,2024-11-22,141.21959,62.202151,433,135,94,229,208,182730.29,422.0099076212471,0.00418928874671416,0.03475334977486661,0.8313386869559626,100745.02032640416,94,Extreme Greed,0.5895196506550219,0.9244444444444444,Greed,Low Leverage
0x28736f43f1e871e6aa8b1148d38d4994275d72c4,2024-11-23,673.6312,17.776025,156,63,14,77,76,52019.64,333.45923076923077,0.0033014619940334756,0.016856544172964085,0.6568982245550493,101036.29133071794,93,Extreme Greed,0.8181818181818182,0.95,Greed,Low Leverage
0x28736f43f1e871e6aa8b1148d38d4994275d72c4,2024-11-24,108.321127,4.469844,69,29,6,35,54,13851.0,200.7391304347826,0.0019792659694092478,0.019711632682600674,0.3954461781644005,101412.40542292754,80,Extreme Greed,0.8285714285714286,3.6,Greed,Low Leverage
0x28736f43f1e871e6aa8b1148d38d4994275d72c4,2024-11-25,464.281002,24.451253,225,95,44,139,106,72982.65,324.3673333333333,0.0031863103655927023,0.031838847327273906,0.6389876353963678,101762.27709954222,82,Extreme Greed,0.6834532374100719,0.8907563025210085,Greed,Low Leverage
0x28736f43f1e871e6aa8b1148d38d4994275d72c4,2024-11-26,-508.290641,75.523391,217,76,40,116,127,219729.38999999998,1012.5778341013825,0.009972458420311674,0.1142605322219647,1.9947283507809603,101607.00655491243,79,Extreme Greed,0.6551724137931034,1.4111111111111112,Greed,Low Leverage
0x28736f43f1e871e6aa8b1148d38d4994275d72c4,2024-11-27,193.664159,62.761001,169,74,19,93,69,187730.65,1110.83224852071,0.010974273343145926,0.12426770902940078,2.1882846971980707,101310.80050570414,75,Extreme Greed,0.7956989247311828,0.69,Greed,Low Leverage
0x28736f43f1e871e6aa8b1148d38d4994275d72c4,2024-11-28,165.532644,67.285783,207,78,37,115,116,195837.9,946.0768115942029,0.00932030271314576,0.058251843489981574,1.8637246190345351,101509.92715342512,77,Extreme Greed,0.6782608695652174,1.2747252747252746,Greed,Low Leverage
0x28736f43f1e871e6aa8b1148d38d4994275d72c4,2024-11-29,9551.73423,29.21348375,206,92,16,108,87,80123.45,388.948786407767,0.0037456791000223767,0.035120985210150335,0.7662099101131823,105679.87041655486,78,Extreme Greed,0.8518518518518519,0.7310924369747899,Greed,Low Leverage
0x28736f43f1e871e6aa8b1148d38d4994275d72c4,2024-11-30,5590.528248,17.77266812,154,71,16,87,60,48590.47,315.52253246753247,0.0027795628309356503,0.021883857646917797,0.6215638142837101,113995.06664661804,84,Extreme Greed,0.8160919540229885,0.6382978723404256,Greed,Low Leverage
0x28736f43f1e871e6aa8b1148d38d4994275d72c4,2024-12-01,4458.25495,16.10546943,193,97,11,108,66,47695.56,247.12725388601035,0.0020695502656241337,0.01235017675370428,0.4868284915742223,119154.57898624046,81,Extreme Greed,0.8981481481481481,0.5196850393700787,Greed,Low Leverage
0x28736f43f1e871e6aa8b1148d38d4994275d72c4,2024-12-02,1283.846047,6.30947724,140,73,2,75,70,19651.71,140.36935714285713,0.0011513681079853575,0.018343838873424816,0.2765207047241375,122009.78078519255,80,Extreme Greed,0.9733333333333334,1.0,Greed,Low Leverage
0x28736f43f1e871e6aa8b1148d38d4994275d72c4,2024-12-03,1190.358719,2.982829,78,37,0,37,28,7205.03,92.37217948717948,0.0007514048046047573,0.004202555071509032,0.18196863395693882,122955.80120669075,76,Extreme Greed,1.0,0.56,Greed,Low Leverage
0x28736f43f1e871e6aa8b1148d38d4994275d72c4,2024-12-04,9066.169646,7.22773423,112,60,1,61,30,18567.68,165.78285714285715,0.0012874660426163693,0.009370102117722547,0.3265840452747034,128971.01768339053,78,Extreme Greed,0.9836065573770492,0.36585365853658536,Greed,Low Leverage
0x28736f43f1e871e6aa8b1148d38d4994275d72c4,2024-12-05,14685.787664,9.32634692,98,48,0,48,33,25406.1,259.2459183673469,0.0018549302724303243,0.034206237006219394,0.5107016624065438,138075.6043999257,84,Extreme Greed,1.0,0.5076923076923077,Greed,Low Leverage
0x28736f43f1e871e6aa8b1148d38d4994275d72c4,2024-12-06,389.176232,2.907485,69,16,0,16,27,8956.57,129.80536231884057,0.0008801049461024809,0.00789288122321278,0.2557101563758518,147484.0570339513,72,Greed,1.0,0.6428571428571429,Greed,Low Leverage
0x28736f43f1e871e6aa8b1148d38d4994275d72c4,2024-12-07,4008.012049,3.66824976,86,36,0,36,20,13732.33,159.67825581395348,0.0010598694042526669,0.014431819310935625,0.3145582819892708,150487.30047640824,75,Extreme Greed,1.0,0.30303030303030304,Greed,Low Leverage
0x28736f43f1e871e6aa8b1148d38d4994275d72c4,2024-12-08,554.009942,2.81362784,102,43,0,43,31,7922.52,77.67176470588235,0.0005112224686698742,0.0025944377467860607,0.15300954247285944,151925.4840512338,79,Extreme Greed,1.0,0.43661971830985913,Greed,Low Leverage
0x28736f43f1e871e6aa8b1148d38d4994275d72c4,2024-12-09,768.430838,6.79214041,213,126,3,129,169,18772.08,88.1318309859155,0.0005781364476442394,0.0032846812347016863,0.17361535671957048,152490.21181732957,78,Extreme Greed,0.9767441860465116,3.840909090909091,Greed,Low Leverage
0x28736f43f1e871e6aa8b1148d38d4994275d72c4,2024-12-10,980.557461,5.81611154,157,106,4,110,117,18780.69,119.62222929936306,0.0007790634721155161,0.01499964807192119,0.23564988698258388,153625.3918817553,78,Extreme Greed,0.9636363636363636,2.925,Greed,Low Leverage
0x28736f43f1e871e6aa8b1148d38d4994275d72c4,2024-12-11,1582.001112,4.121023,93,32,8,40,16,11570.32,124.41204301075268,0.0008057471945643284,0.006488397011448308,0.24508558356145219,154502.69799084595,74,Greed,0.8,0.2077922077922078,Greed,Low Leverage
0x28736f43f1e871e6aa8b1148d38d4994275d72c4,2024-12-12,5806.86932,6.99886242,147,82,5,87,28,22071.36,150.14530612244897,0.0009460802966204385,0.006475263422361831,0.29577884165806095,158738.29173853443,83,Extreme Greed,0.9425287356321839,0.23529411764705882,Greed,Low Leverage
0x28736f43f1e871e6aa8b1148d38d4994275d72c4,2024-12-13,1522.284412,6.24941112,155,71,11,82,83,13731.75,88.59193548387097,0.0005476025817603447,0.0037184733011940796,0.1745217398690773,161755.0858721684,76,Extreme Greed,0.8658536585365854,1.1527777777777777,Greed,Low Leverage
0x28736f43f1e871e6aa8b1148d38d4994275d72c4,2024-12-14,13281.73126,9.858389,154,119,3,122,45,28880.56,187.5361038961039,0.0011043454326773868,0.010126381914128376,0.3694368676048934,170486.98204133686,83,Extreme Greed,0.9754098360655737,0.41284403669724773,Greed,Low Leverage
0x28736f43f1e871e6aa8b1148d38d4994275d72c4,2024-12-15,5389.96219,6.5299154,137,68,3,71,61,17125.99,125.00722627737227,0.0006978548972071274,0.005149288730419919,0.2462580652175316,179358.5631384861,80,Extreme Greed,0.9577464788732394,0.8026315789473685,Greed,Low Leverage
0x28736f43f1e871e6aa8b1148d38d4994275d72c4,2024-12-16,13190.248859,16.93692959,230,154,2,156,85,30184.81,131.2383043478261,0.0006956516278284426,0.00792835743017256,0.25853298144073156,188847.57559422328,83,Extreme Greed,0.9871794871794872,0.5862068965517241,Greed,Low Leverage
0x28736f43f1e871e6aa8b1148d38d4994275d72c4,2024-12-17,4454.939378,6.70647033,181,78,1,79,98,20394.48,112.67668508287292,0.0005708103244225497,0.004678727423387391,0.22196750771883986,197609.49420976746,87,Extreme Greed,0.9873417721518988,1.180722891566265,Greed,Low Leverage
0x28736f43f1e871e6aa8b1148d38d4994275d72c4,2024-12-18,3624.489655,7.0983362,191,80,5,85,102,23859.85,124.92068062827224,0.0006217677876375198,0.004669619999108729,0.24608757456083086,200869.74485437988,81,Extreme Greed,0.9411764705882353,1.146067415730337,Greed,Low Leverage
0x28736f43f1e871e6aa8b1148d38d4994275d72c4,2024-12-19,1525.329937,13.84405958,204,80,14,94,159,40188.99,197.00485294117647,0.0009666394359635741,0.015197327838894902,0.38808983583167506,203679.4652108731,75,Extreme Greed,0.851063829787234,3.533333333333333,Greed,Low Leverage
0x28736f43f1e871e6aa8b1148d38d4994275d72c4,2024-12-20,7812.716373,20.15432465,194,111,10,121,64,56183.31,289.6046907216495,0.0013993913255178976,0.012462786949618975,0.5705069453888387,206554.4773925629,74,Greed,0.9173553719008265,0.49230769230769234,Greed,Low Leverage
0x28736f43f1e871e6aa8b1148d38d4994275d72c4,2024-12-21,7465.899936,8.17682398,107,54,1,55,26,23041.15,215.33785046728974,0.0009973248719348732,0.007196654708914216,0.4242049360131726,216504.98579386788,73,Greed,0.9818181818181818,0.32098765432098764,Greed,Low Leverage
0x28736f43f1e871e6aa8b1148d38d4994275d72c4,2024-12-22,1174.025529,4.77912431,79,41,1,42,45,13811.95,174.83481012658228,0.0007939026095793858,0.0067961557192995755,0.34441594583432494,220141.6659514023,73,Greed,0.9761904761904762,1.3235294117647058,Greed,Low Leverage
0x28736f43f1e871e6aa8b1148d38d4994275d72c4,2024-12-23,122.889996,7.38734551,95,29,1,30,86,20168.95,212.30473684210526,0.0009616208125057489,0.01041566204267468,0.4182298518907113,220765.222456911,70,Greed,0.9666666666666667,9.555555555555555,Greed,Low Leverage
0x28736f43f1e871e6aa8b1148d38d4994275d72c4,2024-12-24,1555.956456,3.97064897,48,15,1,16,9,13556.33,282.42354166666667,0.0012757064781545157,0.007015760399681641,0.5563604362230812,221264.31510888506,73,Greed,0.9375,0.23076923076923078,Greed,Low Leverage
0x28736f43f1e871e6aa8b1148d38d4994275d72c4,2024-12-25,1530.919365,6.72020595,66,30,6,36,12,18751.64,284.1157575757576,0.0012726179485965502,0.011716431818048443,0.5596940180336112,223311.34632257427,73,Greed,0.8333333333333334,0.2222222222222222,Greed,Low Leverage
0x28736f43f1e871e6aa8b1148d38d4994275d72c4,2024-12-26,101.860928,6.35717119,84,28,3,31,72,18806.8,223.8904761904762,0.000999791172710483,0.011159618198789356,0.4410531865170944,223932.28083107324,79,Extreme Greed,0.9032258064516129,6.0,Greed,Low Leverage
0x28736f43f1e871e6aa8b1148d38d4994275d72c4,2024-12-27,388.366016,5.89000938,73,26,0,26,40,16192.710000000001,221.81794520547948,0.0009895332119765877,0.004679559575970877,0.4369704027799668,224198.15162293497,74,Greed,1.0,1.2121212121212122,Greed,Low Leverage
0x28736f43f1e871e6aa8b1148d38d4994275d72c4,2024-12-28,506.512551,3.62758387,63,23,7,30,35,10479.52,166.3415873015873,0.0007406500463035938,0.004450634445002459,0.3276847161076221,224554.11818631986,72,Greed,0.7666666666666667,1.25,Greed,Low Leverage
0x28736f43f1e871e6aa8b1148d38d4994275d72c4,2024-12-29,115.51218300000001,1.67428899,34,17,0,17,7,4793.72,140.99176470588236,0.0006268260630299968,0.002443822614923392,0.2777468169003029,224920.5342619609,73,Greed,1.0,0.25925925925925924,Greed,Low Leverage
0x28736f43f1e871e6aa8b1148d38d4994275d72c4,2024-12-30,255.808312,15.93979237,125,42,1,43,109,56954.43,455.63544,0.0020239548637140015,0.02834304423483235,0.8975793259341271,225088.87771021298,65,Greed,0.9767441860465116,6.8125,Greed,Low Leverage
0x28736f43f1e871e6aa8b1148d38d4994275d72c4,2024-12-31,496.221792,37.09483339,107,32,1,33,57,119958.51,1121.107570093458,0.004972136993189654,0.07765663004079965,2.2085265734907127,225493.67786790716,64,Greed,0.9696969696969697,1.14,Greed,Low Leverage
0x28736f43f1e871e6aa8b1148d38d4994275d72c4,2025-01-01,109.82694000000001,4.20683628,59,21,0,21,44,15537.51,263.3476271186441,0.0011666432754081203,0.010392959052489598,0.5187818261799486,225727.38633120625,66,Greed,1.0,2.933333333333333,Greed,Low Leverage
0x28736f43f1e871e6aa8b1148d38d4994275d72c4,2025-01-02,416.546688,7.715886,101,46,1,47,25,21987.03,217.69336633663366,0.0009634910474320548,0.006358095791534095,0.4288451860038952,225939.70428762655,70,Greed,0.9787234042553191,0.32894736842105265,Greed,Low Leverage
0x28736f43f1e871e6aa8b1148d38d4994275d72c4,2025-01-03,250.581483,5.21759794,69,36,3,39,34,14983.43,217.15115942028987,0.0009594755542632863,0.010712583218466326,0.427777065142865,226319.81012099175,74,Greed,0.9230769230769231,0.9714285714285714,Greed,Low Leverage
0x28736f43f1e871e6aa8b1148d38d4994275d72c4,2025-01-04,232.665498,4.45112,81,40,8,48,32,12691.32,156.68296296296296,0.0006915362742353988,0.007768992235387977,0.30865770292508,226578.41894508072,73,Greed,0.8333333333333334,0.6530612244897959,Greed,Low Leverage
0x28736f43f1e871e6aa8b1148d38d4994275d72c4,2025-01-05,87.752181,2.903942,82,44,3,47,39,8297.09,101.1840243902439,0.00044630517421437164,0.004406805554065252,0.19932753344976284,226715.2061746936,72,Greed,0.9361702127659575,0.9069767441860465,Greed,Low Leverage
0x28736f43f1e871e6aa8b1148d38d4994275d72c4,2025-01-06,114.68421000000001,2.180784,80,21,0,21,18,6566.03,82.075375,0.0003618823482038067,0.00206836498274937,0.1616844373832964,226802.27185125244,76,Extreme Greed,1.0,0.2903225806451613,Greed,Low Leverage
0x28736f43f1e871e6aa8b1148d38d4994275d72c4,2025-01-07,267.846227,3.84222532,103,72,4,76,87,10681.19,103.70087378640777,0.0004568153825982182,0.0034805016542032207,0.20428560252464967,226999.75446891616,78,Extreme Greed,0.9473684210526315,5.4375,Greed,Low Leverage
0x28736f43f1e871e6aa8b1148d38d4994275d72c4,2025-01-08,651.469355,25.62455377,149,85,8,93,111,73008.96,489.99302013422823,0.0021541829668697597,0.042054064808468676,0.9652620628555753,227411.7310238682,70,Greed,0.9139784946236559,2.9210526315789473,Greed,Low Leverage
0x28736f43f1e871e6aa8b1148d38d4994275d72c4,2025-01-09,571.688942,26.62899091,103,49,0,49,64,75026.01,728.4078640776698,0.0031932070130742595,0.06828054728379032,1.4349275369008878,228075.1610383243,69,Greed,1.0,1.641025641025641,Greed,Low Leverage
0x28736f43f1e871e6aa8b1148d38d4994275d72c4,2025-01-10,401.706348,12.934459,84,37,3,40,34,43858.12,522.1204761904762,0.002284493827444987,0.02073297831281279,1.028551565425756,228546.91492825662,50,Neutral,0.925,0.68,Neutral,Low Leverage
0x28736f43f1e871e6aa8b1148d38d4994275d72c4,2025-01-11,157.228232,6.271357,37,16,2,18,18,17918.2,484.2756756756757,0.0021165793934545133,0.014543353452765811,0.95399917648914,228808.77551906975,69,Greed,0.8888888888888888,0.9473684210526315,Greed,Low Leverage
0x28736f43f1e871e6aa8b1148d38d4994275d72c4,2025-01-12,274.773033,9.55187849,63,39,1,40,29,28122.33,446.3861904761905,0.0019495935006133092,0.010354534709829747,0.8793587609293999,228970.494836317,62,Greed,0.975,0.8529411764705882,Greed,Low Leverage
0x28736f43f1e871e6aa8b1148d38d4994275d72c4,2025-01-13,53.846609,10.70141637,61,19,0,19,49,34244.06,561.3780327868852,0.002450168720338551,0.019864118803695145,1.1058870141073283,229120.15318249463,61,Greed,1.0,4.083333333333333,Greed,Low Leverage
0x28736f43f1e871e6aa8b1148d38d4994275d72c4,2025-01-14,894.564828,11.65985,42,34,1,35,4,41818.27,995.6730952380951,0.004338140625551175,0.04498484441487908,1.9614268496641867,229656.99540762292,63,Greed,0.9714285714285714,0.10526315789473684,Greed,Low Leverage
0x28736f43f1e871e6aa8b1148d38d4994275d72c4,2025-01-15,55.137803,1.2830669799999999,19,8,0,8,10,4560.2,240.01052631578946,0.001043280929382832,0.004346105308165569,0.4728088895535022,230056.64773328954,70,Greed,1.0,1.1111111111111112,Greed,Low Leverage
0x28736f43f1e871e6aa8b1148d38d4994275d72c4,2025-01-16,238.995461,4.286717,87,28,0,28,24,11862.92,136.35540229885058,0.0005922419989834334,0.0025820221418981918,0.2686134118164273,230252.69375660355,75,Extreme Greed,1.0,0.38095238095238093,Greed,Low Leverage
0x28736f43f1e871e6aa8b1148d38d4994275d72c4,2025-01-17,168.92152,2.93988,70,35,1,36,37,8297.74,118.53914285714285,0.0005144555832146787,0.0024532699092677484,0.23351626015422217,230401.09781854297,75,Extreme Greed,0.9722222222222222,1.121212121212121,Greed,Low Leverage
0x28736f43f1e871e6aa8b1148d38d4994275d72c4,2025-01-18,594.135892,15.71582039,259,105,2,107,128,50558.590000000004,195.20691119691122,0.0008454739064577181,0.010386525629964964,0.38454797934464136,230845.3745328681,77,Extreme Greed,0.9813084112149533,0.9770992366412213,Greed,Low Leverage
0x28736f43f1e871e6aa8b1148d38d4994275d72c4,2025-01-19,102.50434299999999,9.57127425,184,79,11,90,58,28651.9,155.71684782608696,0.0006736869981490616,0.006796696357970635,0.30675450379436286,231144.97897257798,77,Extreme Greed,0.8777777777777778,0.4603174603174603,Greed,Low Leverage
0x28736f43f1e871e6aa8b1148d38d4994275d72c4,2025-01-20,608.885905,11.29703859,169,69,3,72,115,28690.59,169.7668047337278,0.0007333482096021463,0.007595827253787648,0.3344322253749401,231466.40439945803,76,Extreme Greed,0.9583333333333334,2.1296296296296298,Greed,Low Leverage
0x28736f43f1e871e6aa8b1148d38d4994275d72c4,2025-01-21,428.3738,9.96375392,94,46,7,53,48,24660.77,262.3486170212766,0.0011314095302711363,0.01688015806948378,0.5168138256008091,231906.7807207625,76,Extreme Greed,0.8679245283018868,1.0434782608695652,Greed,Low Leverage
0x28736f43f1e871e6aa8b1148d38d4994275d72c4,2025-01-22,589.467131,4.7707969199999996,112,51,3,54,57,13532.53,120.82616071428572,0.0005195219316685781,0.0041892344225105994,0.2380215724420758,232587.83872873397,84,Extreme Greed,0.9444444444444444,1.0363636363636364,Greed,Low Leverage
0x28736f43f1e871e6aa8b1148d38d4994275d72c4,2025-01-23,229.609892,4.98842587,122,57,4,61,90,15723.44,128.88065573770493,0.0005534465184795593,0.0025521706912879777,0.25388853005595324,232877.91445735705,75,Extreme Greed,0.9344262295081968,2.8125,Greed,Low Leverage
0x28736f43f1e871e6aa8b1148d38d4994275d72c4,2025-01-24,347.22838,6.46564692,120,60,2,62,59,17405.58,145.0465,0.0006221967725228397,0.004505889838501607,0.28573444528174624,233106.3281040465,75,Extreme Greed,0.967741935483871,0.9672131147540983,Greed,Low Leverage
0x28736f43f1e871e6aa8b1148d38d4994275d72c4,2025-01-25,124.70498799999999,11.00739186,118,47,4,51,73,28493.72,241.47220338983053,0.0010347849589004972,0.008566704186487549,0.4756883212387353,233356.5682461949,75,Extreme Greed,0.9215686274509803,1.6222222222222222,Greed,Low Leverage
0x28736f43f1e871e6aa8b1148d38d4994275d72c4,2025-01-26,273.211119,11.383431,106,48,2,50,57,35426.18,334.20924528301884,0.0014308211087606295,0.006412432140580677,0.6583757161253423,233565.98860191216,73,Greed,0.96,1.163265306122449,Greed,Low Leverage
0x28736f43f1e871e6aa8b1148d38d4994275d72c4,2025-01-27,838.930696,118.08617435,268,114,7,121,154,327978.27999999997,1223.7995522388057,0.005232233444506613,0.08478922703964767,2.410824709282917,233904.05585307695,71,Greed,0.9421487603305785,1.3508771929824561,Greed,Low Leverage
0x28736f43f1e871e6aa8b1148d38d4994275d72c4,2025-01-28,1019.55769,32.20703597,151,75,7,82,70,94256.64,624.2161589403973,0.002658852227178893,0.038291954937976026,1.2296750208432246,234906.91676635182,72,Greed,0.9146341463414634,0.8641975308641975,Greed,Low Leverage
0x28736f43f1e871e6aa8b1148d38d4994275d72c4,2025-01-29,152.618804,4.761573,42,21,0,21,22,14317.3,340.8880952380952,0.0014479046240233498,0.005287097876486125,0.67153272085854,235439.9443680793,72,Greed,1.0,1.1,Greed,Low Leverage
0x28736f43f1e871e6aa8b1148d38d4994275d72c4,2025-01-30,1234.2072,12.06936192,86,55,7,62,25,33889.56,394.06465116279065,0.0016687611597692603,0.011093042828174393,0.7762879111536289,236287.47250025682,70,Greed,0.8870967741935484,0.4098360655737705,Greed,Low Leverage
0x28736f43f1e871e6aa8b1148d38d4994275d72c4,2025-01-31,755.916254,6.418588,49,38,2,40,11,18338.89,374.2630612244898,0.0015778695248027273,0.01104475209041278,0.7372797564121011,237189.43832217302,76,Extreme Greed,0.95,0.2894736842105263,Greed,Low Leverage
0x28736f43f1e871e6aa8b1148d38d4994275d72c4,2025-02-01,3.536668,18.86497698,51,21,8,29,30,53933.29,1057.5154901960784,0.004452510455201629,0.03525761315741287,2.0832533150957135,237510.98301378748,68,Greed,0.7241379310344828,1.4285714285714286,Greed,Low Leverage
0x28736f43f1e871e6aa8b1148d38d4994275d72c4,2025-02-02,-1416.906536,35.3271459,91,5,11,16,80,120908.25,1328.6620879120878,0.00560998444911365,0.1040417652097289,2.617398728383292,237288.56036726388,60,Greed,0.3125,7.2727272727272725,Greed,Low Leverage
0x28736f43f1e871e6aa8b1148d38d4994275d72c4,2025-02-03,439.634046,19.67962575,75,45,1,46,27,93869.36,1251.5914666666667,0.0052969183052348195,0.08410579919306874,2.465573408854176,236213.4391350378,44,Fear,0.9782608695652174,0.5625,Neutral,Low Leverage
0x28736f43f1e871e6aa8b1148d38d4994275d72c4,2025-02-04,1291.500575,11.67501298,48,17,0,17,31,54703.67,1139.6597916666667,0.004805523154368407,0.04322395702971164,2.2450735342237524,237329.44151573093,72,Greed,1.0,1.8235294117647058,Greed,Low Leverage
0x28736f43f1e871e6aa8b1148d38d4994275d72c4,2025-02-05,696.8107239999999,22.582462,83,37,1,38,45,75729.73,912.4063855421687,0.003832257111679435,0.03005004121382256,1.7973955417360272,238051.92975920739,54,Neutral,0.9736842105263158,1.1842105263157894,Neutral,Low Leverage
0x28736f43f1e871e6aa8b1148d38d4994275d72c4,2025-02-06,358.877096,12.82953248,45,17,0,17,28,65416.700000000004,1453.7044444444446,0.006090808965207552,0.08240516057690066,2.8637259984690595,238703.22992016407,49,Neutral,1.0,1.6470588235294117,Neutral,Low Leverage
0x28736f43f1e871e6aa8b1148d38d4994275d72c4,2025-02-07,932.4458159999999,8.94706289,54,36,0,36,18,32228.93,596.832037037037,0.0024945530910043985,0.01090040042176357,1.175729652415966,239201.263047687,44,Fear,1.0,0.5,Neutral,Low Leverage
0x28736f43f1e871e6aa8b1148d38d4994275d72c4,2025-02-08,0.0,6.52147324,32,0,0,0,32,20168.09,630.2528125,0.002629399324012524,0.011022683748781502,1.2415669303771406,239693.93246658912,44,Fear,0.5,1.0,Neutral,Low Leverage
0x28736f43f1e871e6aa8b1148d38d4994275d72c4,2025-02-09,31.14195,4.075936,17,11,0,11,6,11645.55,685.0323529411764,0.0028577024864073867,0.01012351290546838,1.3494799210439168,239714.275345438,46,Neutral,1.0,0.5454545454545454,Neutral,Low Leverage
0x28736f43f1e871e6aa8b1148d38d4994275d72c4,2025-02-10,436.833818,11.32409347,43,29,0,29,14,46267.68,1075.9925581395348,0.004485289068244177,0.036412104695964696,2.11965222688784,239896.00444909342,43,Fear,1.0,0.4827586206896552,Neutral,Low Leverage
0x28736f43f1e871e6aa8b1148d38d4994275d72c4,2025-02-11,593.326371,10.47421592,41,19,0,19,22,40352.36,984.2039024390244,0.004090173343095945,0.03978260954820055,1.9388331059870079,240600.17285612843,47,Neutral,1.0,1.1578947368421053,Neutral,Low Leverage
0x28736f43f1e871e6aa8b1148d38d4994275d72c4,2025-02-12,198.780392,10.93174577,59,27,4,31,28,42341.16,717.646779661017,0.002980207294773387,0.01011229622060903,1.413728731783754,240798.347517569,46,Neutral,0.8709677419354839,0.9032258064516129,Neutral,Low Leverage
0x28736f43f1e871e6aa8b1148d38d4994275d72c4,2025-02-13,287.27875,7.41441345,42,21,0,21,27,27205.38,647.7471428571429,0.0026869111364363455,0.016712789381449607,1.2760298976336675,241102.85212510297,50,Neutral,1.0,1.8,Neutral,Low Leverage
0x28736f43f1e871e6aa8b1148d38d4994275d72c4,2025-02-14,404.813032,7.08501143,47,37,1,38,5,25221.44,536.6263829787234,0.002223905079298249,0.011898082103703737,1.0571274857647406,241338.7729396495,48,Neutral,0.9736842105263158,0.11904761904761904,Neutral,Low Leverage
0x28736f43f1e871e6aa8b1148d38d4994275d72c4,2025-02-15,64.653448,0.38499837,9,8,0,8,2,2320.4900000000002,257.83222222222224,0.0010670964137906706,0.005051380470742446,0.5079167507828634,241626.27337536708,50,Neutral,1.0,0.2857142857142857,Neutral,Low Leverage
0x28736f43f1e871e6aa8b1148d38d4994275d72c4,2025-02-16,59.664989,2.08515748,11,4,0,4,6,5536.66,503.33272727272725,0.002082731892535332,0.010015802461500077,0.9915406274499639,241680.22084364857,54,Neutral,1.0,1.2,Neutral,Low Leverage
0x28736f43f1e871e6aa8b1148d38d4994275d72c4,2025-02-17,115.824682,3.468646,28,18,0,18,17,13067.380000000001,466.69214285714287,0.0019304325760431274,0.009903947696858493,0.9193604847868455,241761.234471359,51,Neutral,1.0,1.5454545454545454,Neutral,Low Leverage
0x28736f43f1e871e6aa8b1148d38d4994275d72c4,2025-02-18,45.659497,3.92265877,36,7,0,7,33,14575.84,404.88444444444445,0.0016740716645997974,0.009949801295596403,0.7976023698368546,241852.761723494,47,Neutral,1.0,11.0,Neutral,Low Leverage
0x28736f43f1e871e6aa8b1148d38d4994275d72c4,2025-02-19,20.62415,3.82803041,22,7,0,7,14,11189.19,508.5995454545455,0.0021027487958705064,0.00498539995497264,1.0019159992899025,241873.41024498537,44,Fear,1.0,1.75,Neutral,Low Leverage
0x28736f43f1e871e6aa8b1148d38d4994275d72c4,2025-02-20,278.142839,6.97613161,53,26,0,26,25,22754.77,429.3352830188679,0.0017739088365888642,0.01005349985626298,0.845769314897483,242067.37290255356,49,Neutral,1.0,0.8928571428571429,Neutral,Low Leverage
0x28736f43f1e871e6aa8b1148d38d4994275d72c4,2025-02-21,591.659533,8.71799298,93,61,0,61,34,29836.45,320.8220430107527,0.0013229988995992945,0.006900812774658801,0.6320035884618653,242457.03231483823,55,Greed,1.0,0.576271186440678,Neutral,Low Leverage
0x28736f43f1e871e6aa8b1148d38d4994275d72c4,2025-02-22,408.03639799999996,10.403183,58,17,1,18,34,30380.94,523.8093103448275,0.0021563014555860314,0.014263408322452837,1.0318784853463776,242899.83759129833,49,Neutral,0.9444444444444444,1.4166666666666667,Neutral,Low Leverage
0x28736f43f1e871e6aa8b1148d38d4994275d72c4,2025-02-23,39.91436,4.624798999999999,24,9,0,9,10,13213.73,550.5720833333334,0.0022642165109727345,0.00981238596920705,1.0845998270821107,243158.67725636877,50,Neutral,1.0,0.7142857142857143,Neutral,Low Leverage
0x28736f43f1e871e6aa8b1148d38d4994275d72c4,2025-02-24,180.244855,4.67033409,61,27,0,27,57,17227.04,282.4104918032787,0.0011609189776525064,0.006391774375016708,0.5563347286363681,243276.93356725015,49,Neutral,1.0,14.25,Neutral,Low Leverage
0x28736f43f1e871e6aa8b1148d38d4994275d72c4,2025-02-25,168.27053,12.08812484,49,13,0,13,41,43286.48,883.3975510204082,0.00362908054001491,0.037990108369399096,1.740249569648833,243443.62324398517,25,Fear,1.0,5.125,Fear,Low Leverage
0x28736f43f1e871e6aa8b1148d38d4994275d72c4,2025-02-26,64.59776,2.31881993,34,13,2,15,25,8237.21,242.27088235294116,0.0009948629235428095,0.004813177501872758,0.4772616793720418,243527.86255310258,21,Extreme Fear,0.8666666666666667,2.7777777777777777,Fear,Low Leverage
0x28736f43f1e871e6aa8b1148d38d4994275d72c4,2025-02-27,71.919819,7.712264,30,13,1,14,18,22953.21,765.107,0.0031409818549813736,0.02856311744238448,1.5072230231421029,243598.55051380055,10,Extreme Fear,0.9285714285714286,1.5,Fear,Low Leverage
0x28736f43f1e871e6aa8b1148d38d4994275d72c4,2025-02-28,-3425.450348,44.05553995,81,26,3,29,52,130540.14,1611.6066666666666,0.006666257324749886,0.08701310515649686,3.1747855819503683,241099.63642878633,16,Extreme Fear,0.896551724137931,1.793103448275862,Fear,Low Leverage
0x28736f43f1e871e6aa8b1148d38d4994275d72c4,2025-03-01,557.9358,10.630594,37,14,0,14,18,31087.87,840.2127027027027,0.003491632940725563,0.02682053410821227,1.6551775501334642,240643.4875610938,20,Extreme Fear,1.0,0.9473684210526315,Fear,Low Leverage
0x28736f43f1e871e6aa8b1148d38d4994275d72c4,2025-03-02,8330.21747,32.77112491,73,56,0,56,18,104558.43,1432.3072602739726,0.0058213856228417305,0.038663311810209544,2.8215746018511396,247150.81789049838,26,Fear,1.0,0.32727272727272727,Fear,Low Leverage
0x28736f43f1e871e6aa8b1148d38d4994275d72c4,2025-03-03,494.669357,9.075943,58,21,0,21,48,31141.85,536.928448275862,0.0021530047125103056,0.020041118752525296,1.0577225394896963,249362.94893023363,33,Fear,1.0,4.8,Fear,Low Leverage
0x28736f43f1e871e6aa8b1148d38d4994275d72c4,2025-03-04,163.73415,12.403976,43,13,0,13,42,46953.82,1091.9493023255814,0.0043755571517431,0.02966058601914333,2.1510862252849248,249581.6161731498,15,Extreme Fear,1.0,42.0,Fear,Low Leverage
0x28736f43f1e871e6aa8b1148d38d4994275d72c4,2025-03-05,437.35445200000004,10.038071,26,20,0,20,9,28836.0,1109.076923076923,0.004439638670759515,0.023204465931400197,2.184826792719373,249825.0648639789,20,Extreme Fear,1.0,0.5294117647058824,Fear,Low Leverage
0x28736f43f1e871e6aa8b1148d38d4994275d72c4,2025-03-06,291.46926,6.196842999999999,21,13,0,13,10,17989.23,856.63,0.0034229856881685928,0.014406837769633897,1.6875188154261032,250288.47644879756,25,Fear,1.0,0.9090909090909091,Fear,Low Leverage
0x28736f43f1e871e6aa8b1148d38d4994275d72c4,2025-03-07,411.824274,10.478032,40,15,0,15,26,29937.28,748.432,0.0029865261783011197,0.008886855134232983,1.4743740962457412,250566.64431986545,34,Fear,1.0,1.8571428571428572,Fear,Low Leverage
0x28736f43f1e871e6aa8b1148d38d4994275d72c4,2025-03-08,173.811132,5.714768,35,14,0,14,23,24438.829999999998,698.2522857142857,0.0027837803236564745,0.01435250936057165,1.3755225360507342,250827.70632334048,28,Fear,1.0,1.9166666666666667,Fear,Low Leverage
0x28736f43f1e871e6aa8b1148d38d4994275d72c4,2025-03-09,140.953497,8.077071,36,6,0,6,31,40265.77,1118.493611111111,0.004455266647958378,0.03362753554482258,2.2033772033245236,251052.56350932937,27,Fear,1.0,6.2,Fear,Low Leverage
0x28736f43f1e871e6aa8b1148d38d4994275d72c4,2025-03-10,-4026.754395,9.092939,31,3,13,16,15,25979.85,838.0596774193548,0.00335833777405702,0.02016810723455184,1.6509361966019072,249913.983952005,20,Extreme Fear,0.1875,0.9375,Fear,Low Leverage
0x28736f43f1e871e6aa8b1148d38d4994275d72c4,2025-03-11,0.0,3.08138524,24,0,0,0,24,12922.59,538.44125,0.0021797604647539872,0.008902031647621747,1.0607026842120288,247018.80225169924,24,Extreme Fear,0.5,1.0,Fear,Low Leverage
0x28736f43f1e871e6aa8b1148d38d4994275d72c4,2025-03-12,33.01095,2.419733,9,4,0,4,5,7666.75,851.8611111111111,0.0034484330781715034,0.01126178002229808,1.67812433971468,247021.03461414494,34,Fear,1.0,1.25,Fear,Low Leverage
0x28736f43f1e871e6aa8b1148d38d4994275d72c4,2025-03-13,465.046501,6.1611094699999995,22,12,1,13,9,19388.739999999998,881.3063636363636,0.003564682248709224,0.012834535735525357,1.7361300337264896,247231.22204266043,45,Neutral,0.9230769230769231,0.6923076923076923,Neutral,Low Leverage
0x28736f43f1e871e6aa8b1148d38d4994275d72c4,2025-03-14,0.0,0.02631992,4,0,0,0,3,1049.99,262.4975,0.0010605666198341317,0.0019416432798141955,0.5171071177198014,247506.85078101547,27,Fear,0.5,3.0,Fear,Low Leverage
0x28736f43f1e871e6aa8b1148d38d4994275d72c4,2025-03-16,106.912886,3.300477,27,18,0,18,9,16711.44,618.9422222222222,0.002499715238913528,0.030285004868795793,1.219285625838045,247602.24407079196,30,Fear,1.0,0.5,Fear,Low Leverage
0x28736f43f1e871e6aa8b1148d38d4994275d72c4,2025-03-17,0.0,0.45752099999999996,2,0,0,0,2,1307.1999999999998,653.5999999999999,0.0026396348948612776,0.00518597791697571,1.2875597372990684,247609.9974953105,32,Fear,0.5,1.0,Fear,Low Leverage
0x28736f43f1e871e6aa8b1148d38d4994275d72c4,2025-03-18,40.9165,3.695029,15,7,0,7,12,10557.24,703.816,0.002842315803834398,0.0075986025949168435,1.3864827785600997,247622.05302104386,34,Fear,1.0,4.0,Fear,Low Leverage
0x28736f43f1e871e6aa8b1148d38d4994275d72c4,2025-03-19,54.9718,3.580514,33,30,0,30,3,17816.28,539.8872727272727,0.0021798317702251165,0.011334343821393266,1.063551277606851,247669.6295808863,32,Fear,1.0,0.1,Fear,Low Leverage
0x28736f43f1e871e6aa8b1148d38d4994275d72c4,2025-03-20,144.656157,5.7227,20,10,2,12,6,32407.06,1620.353,0.006538213920103511,0.08443262309408003,3.192015426884574,247827.4431922605,49,Neutral,0.8333333333333334,0.42857142857142855,Neutral,Low Leverage
0x28736f43f1e871e6aa8b1148d38d4994275d72c4,2025-03-21,0.5844,0.789012,12,1,0,1,10,2254.33,187.86083333333332,0.0007579995729391599,0.0030243597196538455,0.3700765685670911,247837.6593532272,31,Fear,1.0,5.0,Fear,Low Leverage
0x28736f43f1e871e6aa8b1148d38d4994275d72c4,2025-03-22,132.087931,3.06220897,17,9,0,9,6,9509.89,559.405294117647,0.0022567352688151196,0.006254109266804684,1.102000816306343,247881.60568527994,32,Fear,1.0,0.5454545454545454,Fear,Low Leverage
0x28736f43f1e871e6aa8b1148d38d4994275d72c4,2025-03-23,79.086899,3.619859,14,13,0,13,1,11768.86,840.6328571428572,0.0033893168935723882,0.013415551032793875,1.6560052336410993,248011.4211086262,30,Fear,1.0,0.07692307692307693,Fear,Low Leverage
0x28736f43f1e871e6aa8b1148d38d4994275d72c4,2025-03-24,808.135252,19.386062,45,31,0,31,11,60063.4,1334.7422222222222,0.005372370857055367,0.07233071805940768,2.629376292849479,248523.12212965154,45,Neutral,1.0,0.3235294117647059,Neutral,Low Leverage
0x28736f43f1e871e6aa8b1148d38d4994275d72c4,2025-03-25,417.38885700000003,5.44960793,33,12,0,12,20,17512.12,530.670303030303,0.002130070335840145,0.009398021709663872,1.0453943022676162,249158.24262300285,46,Neutral,1.0,1.5384615384615385,Neutral,Low Leverage
0x28736f43f1e871e6aa8b1148d38d4994275d72c4,2025-03-26,379.04079,7.23844293,35,16,0,16,17,22297.6,637.0742857142857,0.002553553637555762,0.012137394999337038,1.2550048958908773,249451.58576219194,47,Neutral,1.0,0.9444444444444444,Neutral,Low Leverage
0x28736f43f1e871e6aa8b1148d38d4994275d72c4,2025-03-27,-133.035992,24.18367894,38,6,3,9,29,70602.98999999999,1857.9734210526312,0.0074498358293073495,0.09595542730528304,3.660115927048926,249510.6265277142,40,Fear,0.6666666666666666,3.2222222222222223,Fear,Low Leverage
0x28736f43f1e871e6aa8b1148d38d4994275d72c4,2025-03-28,-21.766132,9.889059,41,1,3,4,37,35923.43,876.1812195121952,0.0035124378808135187,0.0321405500401596,1.7260337527868719,249450.06390141856,44,Fear,0.25,9.25,Neutral,Low Leverage
0x28736f43f1e871e6aa8b1148d38d4994275d72c4,2025-03-29,28.499012,2.460415,15,5,0,5,15,7029.759999999999,468.6506666666666,0.0018788025198135827,0.00999628357478327,0.9232186800158608,249440.32521474047,26,Fear,1.0,1.0,Fear,Low Leverage
0x28736f43f1e871e6aa8b1148d38d4994275d72c4,2025-03-30,-743.288757,10.817133,44,1,10,11,31,31977.1,726.7522727272727,0.002920628782205972,0.015159154323987392,1.43166610366314,248848.8321455632,32,Fear,0.09090909090909091,2.3846153846153846,Fear,Low Leverage
0x28736f43f1e871e6aa8b1148d38d4994275d72c4,2025-03-31,3.5652170000000005,6.77894745,52,7,7,14,40,19507.03,375.1351923076923,0.0015084380603605234,0.009044254095030731,0.7389978115962789,248691.42483403473,34,Fear,0.5,3.3333333333333335,Fear,Low Leverage
0x28736f43f1e871e6aa8b1148d38d4994275d72c4,2025-04-01,768.351892,5.24749082,41,27,2,29,14,17318.84,422.4107317073171,0.0016957941755371354,0.007622316052543622,0.8321282906202272,249067.81897641072,34,Fear,0.9310344827586207,0.5185185185185185,Fear,Low Leverage
0x28736f43f1e871e6aa8b1148d38d4994275d72c4,2025-04-02,669.381363,9.363195900000001,70,42,0,42,27,28989.4,414.13428571428574,0.001657291273213807,0.026227687896039454,0.8158241005520549,249795.5615466693,44,Fear,1.0,0.627906976744186,Neutral,Low Leverage
0x28736f43f1e871e6aa8b1148d38d4994275d72c4,2025-04-03,149.51234499999998,12.648717,85,10,11,21,64,38532.12,453.3190588235294,0.0018114047362544471,0.013389108039906774,0.8930161693566164,250251.30812897047,25,Fear,0.47619047619047616,3.0476190476190474,Fear,Low Leverage
0x28736f43f1e871e6aa8b1148d38d4994275d72c4,2025-04-04,498.735282,9.75008299,100,56,7,63,33,28054.43,280.5443,0.0011192839985469858,0.009967772699217899,0.552658422902006,250613.71647106856,28,Fear,0.8888888888888888,0.4925373134328358,Fear,Low Leverage
0x28736f43f1e871e6aa8b1148d38d4994275d72c4,2025-04-05,177.049662,5.860857,56,34,4,38,18,18551.420000000002,331.27535714285716,0.0013205853558851163,0.004985492327660291,0.6525961013104533,250846.36447100548,30,Fear,0.8947368421052632,0.47368421052631576,Fear,Low Leverage
0x28736f43f1e871e6aa8b1148d38d4994275d72c4,2025-04-06,-476.77056300000004,9.776649,74,27,11,38,40,28676.8,387.5243243243243,0.0015451834709902371,0.020188925695036126,0.7634037901224389,250916.87004012382,34,Fear,0.7105263157894737,1.1764705882352942,Fear,Low Leverage
0x28736f43f1e871e6aa8b1148d38d4994275d72c4,2025-04-07,-19833.530157,43.1092219,150,27,83,110,40,124542.67,830.2844666666666,0.0034894160908331786,0.1367176684876018,1.635619415215469,234861.9201787552,23,Extreme Fear,0.24545454545454545,0.36363636363636365,Fear,Low Leverage
0x28736f43f1e871e6aa8b1148d38d4994275d72c4,2025-04-08,230.103259,7.26450408,65,24,4,28,36,18193.11,279.894,0.0012130951567052193,0.007012697571951687,0.5513773640018138,230723.12444849178,24,Extreme Fear,0.8571428571428571,1.2413793103448276,Fear,Low Leverage
0x28736f43f1e871e6aa8b1148d38d4994275d72c4,2025-04-09,94.077376,4.298903175,53,12,7,19,34,12962.14,244.56867924528302,0.0010596617361314526,0.005572156280405028,0.4817882258271676,230802.1768093944,18,Extreme Fear,0.631578947368421,1.7894736842105263,Fear,Low Leverage
0x28736f43f1e871e6aa8b1148d38d4994275d72c4,2025-04-10,73.76740699999999,1.16614887,22,11,3,14,10,3657.44,166.24727272727273,0.0007199533425992157,0.0021723800336885127,0.3274989210517348,230920.33001812373,39,Fear,0.7857142857142857,0.8333333333333334,Fear,Low Leverage
0x28736f43f1e871e6aa8b1148d38d4994275d72c4,2025-04-11,67.00618399999999,2.2244274,14,6,0,6,7,4692.21,335.15785714285715,0.0014509832158327975,0.0051953645701868795,0.6602444346642837,230990.72067682917,25,Fear,1.0,1.0,Fear,Low Leverage
0x28736f43f1e871e6aa8b1148d38d4994275d72c4,2025-04-12,10.499265,0.082099,3,3,0,3,0,234.57,78.19,0.00033847238434024245,0.0006731824507896514,0.15403044042138028,231008.84981428893,43,Fear,1.0,0.0,Neutral,Low Leverage
0x28736f43f1e871e6aa8b1148d38d4994275d72c4,2025-04-13,-902.0714839999999,1.7886240489,19,6,11,17,5,5122.29,269.5942105263158,0.0011690248469367753,0.010335986435361377,0.5310872871521005,231007.27359907492,45,Neutral,0.35294117647058826,0.35714285714285715,Neutral,Low Leverage
0x28736f43f1e871e6aa8b1148d38d4994275d72c4,2025-04-14,27.177561,0.297245497,14,7,1,8,3,2528.52,180.60857142857142,0.000784803871893857,0.004345240026172947,0.3557899705975084,230129.69431479202,31,Fear,0.875,0.2727272727272727,Fear,Low Leverage
0x28736f43f1e871e6aa8b1148d38d4994275d72c4,2025-04-15,-48.794434,1.16386893,17,1,4,5,6,3173.6,186.68235294117648,0.0008113372224053715,0.003916072206341366,0.3677550203661462,230091.68989097563,38,Fear,0.2,0.5454545454545454,Fear,Low Leverage
0x28736f43f1e871e6aa8b1148d38d4994275d72c4,2025-04-16,8.738942,0.10297,9,3,0,3,3,294.21,32.69,0.00014207423387693362,0.00031978505709712916,0.06439768637133805,230091.10099425752,29,Fear,1.0,0.5,Fear,Low Leverage
0x28736f43f1e871e6aa8b1148d38d4994275d72c4,2025-04-17,-15.688322,1.25001893,10,1,3,4,7,1624.29,162.429,0.0007059684993930307,0.0016239829067524734,0.31997711225482006,230080.79544058774,30,Fear,0.25,2.3333333333333335,Fear,Low Leverage
0x28736f43f1e871e6aa8b1148d38d4994275d72c4,2025-04-18,22.793679,0.44951599999999997,8,6,1,7,4,1284.33,160.54125,0.000697731822687838,0.002025588610755143,0.31625833793706254,230089.54844154973,33,Fear,0.8571428571428571,1.0,Fear,Low Leverage
0x28736f43f1e871e6aa8b1148d38d4994275d72c4,2025-04-19,40.803149000000005,0.185133,7,4,0,4,2,529.16,75.5942857142857,0.0003284986867510274,0.0007829181213176163,0.1489170114069713,230112.3040544069,32,Fear,1.0,0.4,Fear,Low Leverage
0x28736f43f1e871e6aa8b1148d38d4994275d72c4,2025-04-20,7.707293999999999,0.061001,2,2,0,2,0,174.29,87.145,0.00037865205282343193,0.0003815006869213652,0.1716713483888117,230145.33755454977,37,Fear,1.0,0.0,Fear,Low Leverage
0x28736f43f1e871e6aa8b1148d38d4994275d72c4,2025-04-21,19.956089,0.164511,6,5,0,5,4,470.03,78.33833333333332,0.0003403672109192175,0.0011662850641054583,0.15432264976608556,230150.75716038307,39,Fear,1.0,2.0,Fear,Low Leverage
0x28736f43f1e871e6aa8b1148d38d4994275d72c4,2025-04-22,11.839106000000001,0.10267899999999999,5,2,0,2,0,293.39,58.678,0.0002549302482871532,0.00045788557071818717,0.11559276356370063,230174.74170794972,47,Neutral,1.0,0.0,Neutral,Low Leverage
0x28736f43f1e871e6aa8b1148d38d4994275d72c4,2025-04-23,50.899228,0.414533,13,8,2,10,0,1184.41,91.10846153846154,0.0003957557603565971,0.0011830397928590394,0.17947917197702543,230210.9536954728,72,Greed,0.8,0.0,Greed,Low Leverage
0x28736f43f1e871e6aa8b1148d38d4994275d72c4,2025-04-24,1.023851,0.063819,1,1,0,1,0,182.34,182.34,0.0007919909810850233,0.0007919909810850233,0.35920079941724625,230229.89447454968,63,Greed,1.0,0.0,Greed,Low Leverage
0x28736f43f1e871e6aa8b1148d38d4994275d72c4,2025-04-27,0.265698,0.017485,1,1,0,1,1,49.96,49.96,0.00021700025642516234,0.00021700025642516234,0.09841873389758486,230230.1426875497,61,Greed,1.0,1.0,Greed,Low Leverage
0x28736f43f1e871e6aa8b1148d38d4994275d72c4,2025-04-28,-0.08516699999999999,0.439232,8,1,4,5,0,1254.96,156.87,0.0006813632157442828,0.0019660800112507363,0.3090261566556072,230229.7356270497,54,Neutral,0.2,0.0,Neutral,Low Leverage
0x28736f43f1e871e6aa8b1148d38d4994275d72c4,2025-05-01,16.923621,0.094722,2,2,0,2,0,270.64,135.32,0.0005877286873133796,0.0006549069566192801,0.26657372039674104,230241.75568404974,53,Neutral,1.0,0.0,Neutral,Low Leverage
0x2c229d22b100a7beb69122eed721cee9b24011dd,2024-10-31,-2.5534149999999998,10.482325,9,0,3,3,6,29949.5,3327.722222222222,0.03327977938044975,0.11983562146004093,1.0601573015267531,99994.169703,77,Extreme Greed,0.0,2.0,Greed,Low Leverage
0x2c229d22b100a7beb69122eed721cee9b24011dd,2024-11-01,-0.09906000000000059,9.793994,14,4,4,8,6,29949.93,2139.280714285714,0.021396887162461214,0.049927980832936064,0.6815394789024296,99980.21905828571,75,Extreme Greed,0.5,0.75,Greed,Low Leverage
0x2c229d22b100a7beb69122eed721cee9b24011dd,2024-11-06,-3.41119,0.70018,3,0,2,2,1,2000.52,666.84,0.0066700564784755514,0.01002203307728604,0.2124442028932337,99975.28790400001,70,Greed,0.0,0.5,Greed,Low Leverage
0x2c229d22b100a7beb69122eed721cee9b24011dd,2024-11-08,-710.7869460000001,9.6537,15,0,10,10,5,30058.81,2003.9206666666666,0.020084250143815617,0.05018210637857213,0.6384160048756484,99692.08200066668,75,Extreme Greed,0.0,0.5,Greed,Low Leverage
0x2c229d22b100a7beb69122eed721cee9b24011dd,2024-11-13,-17.60528,2.039937,10,2,5,7,3,5828.41,582.841,0.005872281704872811,0.009821883684306884,0.18568350977520126,99253.1908045,84,Extreme Greed,0.2857142857142857,0.42857142857142855,Greed,Low Leverage
0x2c229d22b100a7beb69122eed721cee9b24011dd,2024-11-14,2215.402997,38.231318,69,14,0,14,55,125931.12,1825.0886956521738,0.01826999511578708,0.13008722020980223,0.5814430945313382,99521.43824462319,88,Extreme Greed,1.0,3.9285714285714284,Greed,Low Leverage
0x2c229d22b100a7beb69122eed721cee9b24011dd,2024-11-15,2137.203852,8.689241,33,22,0,22,11,33798.76,1024.2048484848485,0.010040604617127332,0.08507570734087799,0.3262947373219195,102381.57738709092,80,Extreme Greed,1.0,0.5,Greed,Low Leverage
0x2c229d22b100a7beb69122eed721cee9b24011dd,2024-11-16,1484.528402,9.866907,22,13,0,13,9,28431.43,1292.3377272727273,0.01243264521959362,0.03093966412953711,0.4117174409743083,104012.72350786364,86,Extreme Greed,1.0,0.6923076923076923,Greed,Low Leverage
0x2c229d22b100a7beb69122eed721cee9b24011dd,2024-11-18,-8.138354999999999,2.067775,15,4,4,8,7,5907.95,393.86333333333334,0.0037505894559482483,0.008503811643354425,0.1254783484777038,105013.92462073333,83,Extreme Greed,0.5,0.875,Greed,Low Leverage
0x2c229d22b100a7beb69122eed721cee9b24011dd,2024-11-20,2626.800865,63.935804,76,48,2,50,26,199721.22999999998,2627.9109210526312,0.02485878836890585,0.2689482523441911,0.8372089870095523,106014.35843442105,83,Extreme Greed,0.96,0.52,Greed,Low Leverage
0x2c229d22b100a7beb69122eed721cee9b24011dd,2024-11-21,-0.1507460000000002,11.615881,22,4,11,15,7,33188.24,1508.5563636363636,0.014025366161173612,0.10038906736558435,0.4806011249958647,107558.17505245455,82,Extreme Greed,0.26666666666666666,0.4666666666666667,Greed,Low Leverage
0x2c229d22b100a7beb69122eed721cee9b24011dd,2024-11-22,-260.909686,135.454691,57,3,28,31,26,403420.25,7077.548245614035,0.06588639358825762,0.31426526904626256,2.254789897843378,107439.39999382455,94,Extreme Greed,0.0967741935483871,0.8387096774193549,Greed,Low Leverage
0x2c229d22b100a7beb69122eed721cee9b24011dd,2024-11-29,31.04129,1.838604,10,9,0,9,1,5253.17,525.317,0.004901953835554024,0.02436680758805339,0.16735731409523252,107174.70256700001,78,Extreme Greed,1.0,0.1111111111111111,Greed,Low Leverage
0x2c229d22b100a7beb69122eed721cee9b24011dd,2024-11-30,59.744873999999996,14.580366,6,2,0,2,4,41658.18,6943.03,0.06476574543764041,0.18659976043165574,2.2119346080226268,107193.10461016667,84,Extreme Greed,1.0,2.0,Greed,Low Leverage
0x2c229d22b100a7beb69122eed721cee9b24011dd,2024-12-02,16196.864846,42.163078999999996,53,30,0,30,23,124483.23999999999,2348.7403773584906,0.021373078137470677,0.09948161915445318,0.7482698657415232,111243.91354535849,80,Extreme Greed,1.0,0.7666666666666667,Greed,Low Leverage
0x2c229d22b100a7beb69122eed721cee9b24011dd,2024-12-03,121.535562,34.807342,59,14,12,26,33,99449.62,1685.5867796610169,0.013659782065843621,0.2135388177442246,0.5370000896953654,123397.7802109322,76,Extreme Greed,0.5384615384615384,1.2692307692307692,Greed,Low Leverage
0x2c229d22b100a7beb69122eed721cee9b24011dd,2024-12-04,7591.307059,36.568131,37,25,0,25,12,126798.85,3426.995945945946,0.02718585065380957,0.1938933106973298,1.09178426917226,127418.03833659459,78,Extreme Greed,1.0,0.48,Greed,Low Leverage
0x2c229d22b100a7beb69122eed721cee9b24011dd,2024-12-05,2069.92634,7.532439,33,30,0,30,3,29373.46,890.1048484848485,0.006763263641314859,0.06427983916556461,0.28357269364130255,131967.07547272727,84,Extreme Greed,1.0,0.1,Greed,Low Leverage
0x2c229d22b100a7beb69122eed721cee9b24011dd,2024-12-06,-123.870122,7.0556339999999995,9,0,4,4,5,20916.4,2324.0444444444447,0.01746929281495257,0.06134826335300113,0.740402149673757,133069.693249,72,Greed,0.0,1.25,Greed,Low Leverage
0x2c229d22b100a7beb69122eed721cee9b24011dd,2024-12-10,130.883691,6.658685,12,7,0,7,5,19024.84,1585.4033333333334,0.011920691997916533,0.021163925830648966,0.5050832994635529,132988.51381825,78,Extreme Greed,1.0,0.7142857142857143,Greed,Low Leverage
0x2c229d22b100a7beb69122eed721cee9b24011dd,2024-12-11,8544.6855,30.194784,19,10,0,10,9,124463.01,6550.684736842105,0.04781317185084398,0.3626273199442251,2.0869398916131203,135167.53760036844,74,Greed,1.0,0.9,Greed,Low Leverage
0x2c229d22b100a7beb69122eed721cee9b24011dd,2024-12-12,7639.595794,120.777867,62,39,0,39,23,345079.69,5565.801451612903,0.03872140774982723,0.49699975658864304,1.773172354462699,143291.18976712902,83,Extreme Greed,1.0,0.5897435897435898,Greed,Low Leverage
0x2c229d22b100a7beb69122eed721cee9b24011dd,2024-12-13,1966.9289449999999,40.216161,63,49,0,49,14,114903.4,1823.863492063492,0.012138080711891415,0.17835142246907457,0.5810527649173688,150254.00850011111,76,Extreme Greed,1.0,0.2857142857142857,Greed,Low Leverage
0x2c229d22b100a7beb69122eed721cee9b24011dd,2024-12-17,214.770101,4.795866,15,11,0,11,4,15012.18,1000.812,0.006623381145379458,0.014844427078677154,0.3188421624167461,151114.6310610667,87,Extreme Greed,1.0,0.36363636363636365,Greed,Low Leverage
0x2c229d22b100a7beb69122eed721cee9b24011dd,2024-12-20,305.55784,10.045819999999999,11,10,0,10,1,28702.37,2609.3063636363636,0.017239238785471404,0.09385799467589889,0.8312818825010038,151431.25643109094,74,Greed,1.0,0.1,Greed,Low Leverage
0x2c229d22b100a7beb69122eed721cee9b24011dd,2024-12-23,6.476290000000002,77.457938,29,12,11,23,6,221308.44,7631.325517241379,0.050348722208768196,0.36365014697073766,2.431214184105841,151558.12591382762,70,Greed,0.5217391304347826,0.2608695652173913,Greed,Low Leverage
0x2c229d22b100a7beb69122eed721cee9b24011dd,2024-12-24,343.63336100000004,10.125617,11,6,0,6,5,28930.35,2630.031818181818,0.01735055895136613,0.03490110983331134,0.8378846697820742,151569.6163418182,73,Greed,1.0,0.8333333333333334,Greed,Low Leverage
0x2c229d22b100a7beb69122eed721cee9b24011dd,2024-12-30,0.19908,0.023947,2,1,0,1,1,68.42,34.21,0.0002253443646346765,0.00022600293484041232,0.010898740598910571,151812.09432,65,Greed,1.0,1.0,Greed,Low Leverage
0x2c229d22b100a7beb69122eed721cee9b24011dd,2024-12-31,2243.319777,70.786621,49,48,0,48,1,202247.56,4127.501224489796,0.027064195961693276,0.6583929521908962,1.314953673411284,153020.87629983676,64,Greed,1.0,0.020833333333333332,Greed,Low Leverage
0x2c229d22b100a7beb69122eed721cee9b24011dd,2025-01-10,21980.47249,69.234015,136,125,0,125,11,311359.75,2289.4099264705883,0.014298514096017453,0.19425773084729658,0.7293681646645385,167275.10937674998,50,Neutral,1.0,0.088,Neutral,Low Leverage
0x2c229d22b100a7beb69122eed721cee9b24011dd,2025-01-11,-2.454844,4.373569,7,0,3,3,4,12495.93,1785.1328571428571,0.010148981596363986,0.024812178062921672,0.5687138247469185,175892.8996525714,69,Greed,0.0,1.3333333333333333,Greed,Low Leverage
0x2c229d22b100a7beb69122eed721cee9b24011dd,2025-01-15,-18.998214,8.162897,12,3,6,9,3,23322.58,1943.5483333333334,0.011050562543933601,0.04132384462711512,0.6191823772711188,175872.90736949994,70,Greed,0.3333333333333333,0.3333333333333333,Greed,Low Leverage
0x2c229d22b100a7beb69122eed721cee9b24011dd,2025-01-17,913.985947,130.01573199999999,57,38,0,38,19,371473.57,6517.080175438597,0.036995141875511235,0.34119761713176755,2.0762340337447487,176194.09065050873,75,Extreme Greed,1.0,0.5,Greed,Low Leverage
0x2c229d22b100a7beb69122eed721cee9b24011dd,2025-01-18,-33.4413,0.081664,2,0,1,1,1,233.32999999999998,116.66499999999999,0.0006605171294422814,0.0007552696582957261,0.03716754083519151,176629.161206,77,Extreme Greed,0.0,1.0,Greed,Low Leverage
0x2c229d22b100a7beb69122eed721cee9b24011dd,2025-01-19,11437.823512,140.45375,74,46,0,46,28,557438.11,7532.947432432432,0.041958141612175565,0.5379295736228515,2.399872552216033,179599.6731117297,77,Extreme Greed,1.0,0.6086956521739131,Greed,Low Leverage
0x2c229d22b100a7beb69122eed721cee9b24011dd,2025-01-20,1535.55008,227.337492,82,11,19,30,52,688986.63,8402.275975609757,0.04423982712431482,0.7170313546053264,2.6768262583638984,189629.15980112195,76,Extreme Greed,0.36666666666666664,1.7333333333333334,Greed,Low Leverage
0x2c229d22b100a7beb69122eed721cee9b24011dd,2025-01-21,59.672564,0.656992,15,6,0,6,9,1877.1299999999999,125.142,0.0006613051014277013,0.004139464918603154,0.03986817293273506,189232.830449,76,Extreme Greed,1.0,1.5,Greed,Low Leverage
0x2c229d22b100a7beb69122eed721cee9b24011dd,2025-01-22,12769.669401000001,66.962967,229,65,35,100,129,247436.25,1080.5076419213974,0.005613345766033428,0.18864162931993336,0.34423187677409695,190835.65777313974,84,Extreme Greed,0.65,1.29,Greed,Low Leverage
0x2c229d22b100a7beb69122eed721cee9b24011dd,2025-01-23,3776.64959,58.382142,104,60,7,67,37,256691.2,2468.1846153846154,0.012202673371295193,0.2508811569918023,0.7863228258783624,202537.75252415377,75,Extreme Greed,0.8955223880597015,0.5522388059701493,Greed,Low Leverage
0x2c229d22b100a7beb69122eed721cee9b24011dd,2025-01-24,363.482456,25.068923,38,19,7,26,12,80749.22,2124.9794736842105,0.010326000549425918,0.02757327348702838,0.6769833400085857,205808.83868744728,75,Extreme Greed,0.7307692307692307,0.46153846153846156,Greed,Low Leverage
0x2c229d22b100a7beb69122eed721cee9b24011dd,2025-01-25,2167.17715,60.414479,53,33,0,33,20,293480.87,5537.374905660377,0.02680394843185401,0.3008094238973845,1.764116126738069,206443.24418445275,75,Extreme Greed,1.0,0.6060606060606061,Greed,Low Leverage
0x2c229d22b100a7beb69122eed721cee9b24011dd,2025-01-30,159.201612,21.175107,15,6,0,6,9,68836.72,4589.114666666666,0.02204358738715065,0.08294021999842797,1.4620160868358945,208168.41982826657,70,Greed,1.0,1.5,Greed,Low Leverage
0x2c229d22b100a7beb69122eed721cee9b24011dd,2025-01-31,14418.18988,210.598194,132,113,2,115,17,693980.8300000001,5257.4305303030305,0.024717235566364428,0.6689554613717936,1.6749304754915393,215356.72658841658,76,Extreme Greed,0.9826086956521739,0.14782608695652175,Greed,Low Leverage
0x2c229d22b100a7beb69122eed721cee9b24011dd,2025-02-01,88.50699399999999,36.52381,21,12,4,16,5,117810.02,5610.000952380952,0.02521443230922173,0.1715611855607537,1.7872535849062043,222496.54936771418,68,Greed,0.75,0.3125,Greed,Low Leverage
0x2c229d22b100a7beb69122eed721cee9b24011dd,2025-02-06,-639.351053,65.080004,61,35,9,44,17,228757.24,3750.11868852459,0.01688207397722278,0.14293047850786697,1.1947258345909444,222281.4348404753,49,Neutral,0.7954545454545454,0.38636363636363635,Neutral,Low Leverage
0x2c229d22b100a7beb69122eed721cee9b24011dd,2025-02-07,-1145.9243920000001,85.535062,149,6,96,102,47,318137.39,2135.150268456376,0.00962071557306502,0.1545528705060416,0.6802235871265802,221917.6237473489,44,Fear,0.058823529411764705,0.46078431372549017,Neutral,Low Leverage
0x2c229d22b100a7beb69122eed721cee9b24011dd,2025-02-13,17378.569333,367.292026,321,206,0,206,115,1148828.7,3578.9056074766354,0.01587945805678318,0.5243403210227685,1.140180176669813,225880.58425405296,50,Neutral,1.0,0.558252427184466,Neutral,Low Leverage
0x2c229d22b100a7beb69122eed721cee9b24011dd,2025-02-15,590.06989,16.902925,47,32,0,32,15,60437.04,1285.8944680851064,0.005404283229441778,0.02957479509274799,0.409664725087216,237968.92429259577,50,Neutral,1.0,0.46875,Neutral,Low Leverage
0x2c229d22b100a7beb69122eed721cee9b24011dd,2025-02-20,3057.28245,262.355524,149,132,9,141,8,846463.22,5680.961208053691,0.023758762903692932,0.7808662884913707,1.8098603495776322,240108.35998636918,49,Neutral,0.9361702127659575,0.05673758865248227,Neutral,Low Leverage
0x2c229d22b100a7beb69122eed721cee9b24011dd,2025-02-21,8502.805925,56.23903,60,26,0,26,34,168620.8,2810.3466666666664,0.01153987835419192,0.07970102057198201,0.8953300003803855,242600.26547581682,55,Greed,1.0,1.3076923076923077,Neutral,Low Leverage
0x2c229d22b100a7beb69122eed721cee9b24011dd,2025-02-25,169.617628,8.41585,24,15,3,18,6,24395.72,1016.4883333333333,0.004072965284303378,0.03651348520912796,0.32383638312829405,249551.4411373335,25,Fear,0.8333333333333334,0.3333333333333333,Fear,Low Leverage
0x2c229d22b100a7beb69122eed721cee9b24011dd,2025-02-26,25.30602,0.547879,10,9,0,9,1,1565.3799999999999,156.53799999999998,0.0006271568418555976,0.0030851981724995484,0.04987041963964521,249607.67476590016,21,Extreme Fear,1.0,0.1111111111111111,Fear,Low Leverage
0x2c229d22b100a7beb69122eed721cee9b24011dd,2025-03-05,11113.173067,75.572194,89,58,0,58,31,225852.66999999998,2537.670449438202,0.010032513591546529,0.16025612757292193,0.80845986419023,254057.69245262933,20,Extreme Fear,1.0,0.5344827586206896,Fear,Low Leverage
0x2c229d22b100a7beb69122eed721cee9b24011dd,2025-03-06,279.152034,5.7579780000000005,15,11,0,11,4,19309.91,1287.3273333333334,0.004937312966932036,0.021108474043440094,0.41012121227381704,260797.31132093346,25,Fear,1.0,0.36363636363636365,Fear,Low Leverage
0x2c229d22b100a7beb69122eed721cee9b24011dd,2025-03-07,1.17533,1.021283,3,1,0,1,2,2917.95,972.65,0.00372765330178864,0.005593564412617967,0.3098702146603439,260928.20503366677,34,Fear,1.0,2.0,Fear,Low Leverage
0x2c229d22b100a7beb69122eed721cee9b24011dd,2025-03-11,276.7687,15.364144,13,10,0,10,3,50041.98,3849.383076923077,0.014747804615230066,0.09257512935381944,1.226349828156119,261059.02019176932,24,Extreme Fear,1.0,0.3,Fear,Low Leverage
0x2c229d22b100a7beb69122eed721cee9b24011dd,2025-03-13,924.898908,23.551182999999998,25,1,8,9,16,101871.15000000001,4074.8460000000005,0.015572767678098202,0.15519373664865138,1.2981785891408457,261515.92715376013,45,Neutral,0.1111111111111111,1.7777777777777777,Neutral,Low Leverage
0x2c229d22b100a7beb69122eed721cee9b24011dd,2025-03-21,1215.774424,38.586698,74,53,0,53,21,113076.4,1528.0594594594593,0.005824093982419552,0.038157545861443896,0.4868144889903581,262444.38187641895,31,Fear,1.0,0.39622641509433965,Fear,Low Leverage
0x2c229d22b100a7beb69122eed721cee9b24011dd,2025-03-23,514.514566,4.826468,15,9,0,9,6,13789.95,919.33,0.00348985674913032,0.01023589953155774,0.29288334389934095,263434.5910150001,30,Fear,1.0,0.6666666666666666,Fear,Low Leverage
0x2c229d22b100a7beb69122eed721cee9b24011dd,2025-03-25,-3323.090682,147.70533,211,4,68,72,139,422015.46,2000.0732701421803,0.007606259893816346,0.19162934008514515,0.6371902879302662,263183.4882882228,46,Neutral,0.05555555555555555,1.9305555555555556,Neutral,Low Leverage
0x2c229d22b100a7beb69122eed721cee9b24011dd,2025-03-26,2323.99174,27.420784,65,49,0,49,16,123160.59,1894.7783076923076,0.007260552258020495,0.08659730277406799,0.603645053141807,260889.01351041553,47,Neutral,1.0,0.32653061224489793,Neutral,Low Leverage
0x2c229d22b100a7beb69122eed721cee9b24011dd,2025-04-01,1334.414834,3.455933,9,4,0,4,5,10737.4,1193.0444444444445,0.0045339996487283015,0.009272118625200467,0.3800842421213496,262981.3975284446,34,Fear,1.0,1.25,Fear,Low Leverage
0x2c229d22b100a7beb69122eed721cee9b24011dd,2025-04-02,1.103158,0.830004,6,2,1,3,3,2371.44,395.24,0.001497494852858523,0.004309791617965426,0.12591693172503401,263934.22288750013,44,Fear,0.6666666666666666,1.0,Neutral,Low Leverage
0x2c229d22b100a7beb69122eed721cee9b24011dd,2025-04-03,160.127816,6.237669,26,19,0,19,7,19222.63,739.3319230769231,0.002800414877750477,0.005954859673748908,0.2355389314852116,264029.9205858463,25,Fear,1.0,0.3684210526315789,Fear,Low Leverage
0x2c229d22b100a7beb69122eed721cee9b24011dd,2025-04-11,1419.922474,16.622566,45,34,0,34,11,58974.83,1310.5517777777777,0.0049548474802603645,0.021039898770040782,0.4175201364349924,264654.7632718223,25,Fear,1.0,0.3235294117647059,Fear,Low Leverage
0x2c229d22b100a7beb69122eed721cee9b24011dd,2025-04-14,18.103863,0.146851,8,5,2,7,1,1068.26,133.5325,0.0005029513504838239,0.0019777643084622405,0.042541247559895516,265500.91328362504,31,Fear,0.7142857142857143,0.14285714285714285,Fear,Low Leverage
0x2c229d22b100a7beb69122eed721cee9b24011dd,2025-04-18,11.209037,0.178228,7,6,0,6,1,521.98,74.56857142857143,0.0002808466900301982,0.0009618484030038791,0.02375631443529185,265516.3367941429,33,Fear,1.0,0.16666666666666666,Fear,Low Leverage
0x2c229d22b100a7beb69122eed721cee9b24011dd,2025-04-23,29.8368,0.899283,2,1,0,1,1,2569.38,1284.69,0.004838116491764595,0.004894037271909969,0.40928100146198243,265534.9826025,72,Greed,1.0,1.0,Greed,Low Leverage
0x2c229d22b100a7beb69122eed721cee9b24011dd,2025-04-25,0.18414,0.049439,3,2,0,2,1,141.26,47.086666666666666,0.00017731770619632266,0.00026563770766302013,0.015001033781565887,265549.7156616667,60,Greed,1.0,0.5,Greed,Low Leverage
0x3998f134d6aaa2b6a5f723806d00fd2bbbbce891,2023-05-01,0.0,0.0,3,0,0,0,3,477.0,159.0,0.00159,0.0018353,0.09191064343479192,100000.0,63,Greed,0.5,1.0,Greed,Low Leverage
0x3998f134d6aaa2b6a5f723806d00fd2bbbbce891,2024-01-11,0.0,11.072125999999999,2,0,0,0,2,46133.87,23066.935,0.23069405983398492,0.44581749566886164,13.333942376846052,99989.1147,76,Extreme Greed,0.5,1.0,Greed,Low Leverage
0x3998f134d6aaa2b6a5f723806d00fd2bbbbce891,2024-01-15,152.85358,0.15115699999999999,9,9,0,9,0,629.86,69.98444444444445,0.0006990139526863326,0.005253770140586543,0.040454813329027284,100059.26078155555,52,Neutral,1.0,0.0,Neutral,Low Leverage
0x3998f134d6aaa2b6a5f723806d00fd2bbbbce891,2024-01-16,-3238.8,4.082997,6,0,2,2,4,63482.08,10580.346666666666,0.10868268620257777,0.3113054250820032,6.1160155339401845,97057.81252200001,64,Greed,0.0,2.0,Greed,Low Leverage
0x3998f134d6aaa2b6a5f723806d00fd2bbbbce891,2024-01-28,-2478.06972,-0.362176,11,0,11,11,0,18109.03,1646.2754545454545,0.017255962304538637,0.050688406482251626,0.9516367062778444,95684.463917,54,Neutral,0.0,0.0,Neutral,Low Leverage
0x3998f134d6aaa2b6a5f723806d00fd2bbbbce891,2024-04-16,0.0,0.030602,1,0,0,0,0,91.08,91.08,0.0009646158287870993,0.0009646158287870993,0.052649191220382696,94421.009154,65,Greed,0.5,0.0,Greed,Low Leverage
0x3998f134d6aaa2b6a5f723806d00fd2bbbbce891,2024-05-29,0.0,19.41806,5,0,0,0,5,30567.34,6113.468,0.0647558927881309,0.14042877716753416,3.5339168396101295,94413.35548999999,72,Greed,0.5,1.0,Greed,Low Leverage
0x3998f134d6aaa2b6a5f723806d00fd2bbbbce891,2024-07-24,0.0,0.0,3,0,0,0,0,1.28,0.4266666666666667,4.519697832654273e-06,6.885477166934244e-06,0.0002466365274560454,94401.59109399999,69,Greed,0.5,0.0,Greed,Low Leverage
0x3998f134d6aaa2b6a5f723806d00fd2bbbbce891,2024-07-26,0.0,0.0,1,0,0,0,0,0.81,0.81,8.580363854179597e-06,8.580363854179597e-06,0.00046822403259233627,94401.59109399999,68,Greed,0.5,0.0,Greed,Low Leverage
0x3998f134d6aaa2b6a5f723806d00fd2bbbbce891,2024-08-01,0.0,0.0,1,0,0,0,0,0.74,0.74,7.838850928509755e-06,7.838850928509755e-06,0.0004277602273065788,94401.59109399999,52,Neutral,0.5,0.0,Neutral,Low Leverage
0x3998f134d6aaa2b6a5f723806d00fd2bbbbce891,2024-08-03,0.0,0.0,1,0,0,0,0,0.65,0.65,6.885477166934244e-06,6.885477166934244e-06,0.00037573533479631923,94401.59109399999,37,Fear,0.5,0.0,Fear,Low Leverage
0x3998f134d6aaa2b6a5f723806d00fd2bbbbce891,2024-08-04,0.0,0.0,1,0,0,0,0,0.01,0.01,1.0593041795283452e-07,1.0593041795283452e-07,5.780543612251065e-06,94401.59109399999,34,Fear,0.5,0.0,Fear,Low Leverage
0x3998f134d6aaa2b6a5f723806d00fd2bbbbce891,2024-08-06,215.754798,0.889599,27,8,13,21,1,771.0,28.555555555555557,0.0003020355280526768,0.00398288337411472,0.016506663426094706,94517.26270859259,17,Extreme Fear,0.38095238095238093,0.038461538461538464,Fear,Low Leverage
0x3998f134d6aaa2b6a5f723806d00fd2bbbbce891,2024-08-07,0.0,0.0,11,0,0,0,0,0.04,0.0036363636363636364,3.843267628944866e-08,4.2275943918393525e-07,2.102015859000387e-06,94616.456293,29,Fear,0.5,0.0,Fear,Low Leverage
0x3998f134d6aaa2b6a5f723806d00fd2bbbbce891,2024-08-17,0.0,17.07537,29,0,0,0,29,30037.26,1035.7675862068966,0.010948109538951211,0.052825045794292216,0.598729970422498,94603.70923989655,25,Fear,0.5,1.0,Fear,Low Leverage
0x3998f134d6aaa2b6a5f723806d00fd2bbbbce891,2024-08-30,0.0,0.0,1,0,0,0,0,0.69,0.69,7.2939166542921825e-06,7.2939166542921825e-06,0.0003988575092453234,94599.380923,34,Fear,0.5,0.0,Fear,Low Leverage
0x3998f134d6aaa2b6a5f723806d00fd2bbbbce891,2024-09-05,0.0,0.0,1,0,0,0,0,0.84,0.84,8.879550709573092e-06,8.879550709573092e-06,0.0004855656634290894,94599.380923,29,Fear,0.5,0.0,Fear,Low Leverage
0x3998f134d6aaa2b6a5f723806d00fd2bbbbce891,2024-11-18,48.185146,0.643771,6,2,2,4,1,696.74,116.12333333333333,0.0012271885819627086,0.0036844304234430335,0.06712559927333012,94618.16234566667,83,Extreme Greed,0.5,0.2,Greed,Low Leverage
0x3998f134d6aaa2b6a5f723806d00fd2bbbbce891,2024-11-19,0.0,0.0,1,0,0,0,0,0.01,0.01,1.0565583916732716e-07,1.0565583916732716e-07,5.780543612251065e-06,94646.922298,90,Extreme Greed,0.5,0.0,Greed,Low Leverage
0x3998f134d6aaa2b6a5f723806d00fd2bbbbce891,2024-11-29,17511.326788,5.7672259,56,36,1,37,17,101790.11,1817.6805357142857,0.01721494084969575,0.3071589328837665,1.0507181609836307,105860.42458117483,78,Extreme Greed,0.972972972972973,0.4358974358974359,Greed,Low Leverage
0x3998f134d6aaa2b6a5f723806d00fd2bbbbce891,2024-11-30,19050.661786,5.65004186,39,27,0,27,7,99705.14,2556.5420512820515,0.020197883783158083,0.2513999482752326,1.4778202823989695,121814.43977792744,84,Extreme Greed,1.0,0.21875,Greed,Low Leverage
0x3998f134d6aaa2b6a5f723806d00fd2bbbbce891,2024-12-01,13.566929,0.005770679999999999,3,2,0,2,1,34.1,11.366666666666667,8.663391979225664e-05,0.00014451495664023737,0.00657055123925871,131206.46342589334,81,Extreme Greed,1.0,0.5,Greed,Low Leverage
0x3998f134d6aaa2b6a5f723806d00fd2bbbbce891,2024-12-02,0.0,0.0,1,0,0,0,0,0.0,0.0,0.0,0.0,0.0,131211.05476256,80,Extreme Greed,0.5,0.0,Greed,Low Leverage
0x3998f134d6aaa2b6a5f723806d00fd2bbbbce891,2024-12-14,0.0,0.9858766399999999,36,0,0,0,36,199999.87000000002,5555.551944444445,0.0423408470229016,1.2458427853712617,3.2114110304987316,131210.7783027839,83,Extreme Greed,0.5,1.0,Greed,Low Leverage
0x3998f134d6aaa2b6a5f723806d00fd2bbbbce891,2024-12-15,346.827642,0.11950780999999999,6,5,0,5,1,702.1700000000001,117.02833333333335,0.000889954878730728,0.002668505628914399,0.06764873847023883,131492.208493785,80,Extreme Greed,1.0,0.2,Greed,Low Leverage
0x3998f134d6aaa2b6a5f723806d00fd2bbbbce891,2024-12-16,0.0,0.0,4,0,0,0,0,0.0,0.0,0.0,0.0,0.0,131556.77702011,83,Extreme Greed,0.5,0.0,Greed,Low Leverage
0x3998f134d6aaa2b6a5f723806d00fd2bbbbce891,2024-12-20,22.80272,0.00800663,3,1,0,1,1,45.55,15.183333333333332,0.00011539278562816342,0.000173583175878733,0.008776792051267865,131579.5718443567,74,Greed,1.0,0.5,Greed,Low Leverage
0x3998f134d6aaa2b6a5f723806d00fd2bbbbce891,2025-01-20,0.0,0.00551699,2,0,0,0,2,366.15999999999997,183.07999999999998,0.001391401445597797,0.0021455458883716124,0.1058301924530925,131579.56684814498,76,Extreme Greed,0.5,1.0,Greed,Low Leverage
0x3998f134d6aaa2b6a5f723806d00fd2bbbbce891,2025-01-23,-5978.38652,0.006232,3,2,1,3,0,18.560000000000002,6.186666666666667,4.8894536951663217e-05,0.0001238841928845444,0.003576229648112659,129587.84399749,75,Extreme Greed,0.6666666666666666,0.0,Greed,Low Leverage
0x3998f134d6aaa2b6a5f723806d00fd2bbbbce891,2025-01-24,0.0,0.0,2,0,0,0,0,0.01,0.005,3.980854527138317e-08,7.961709054276634e-08,2.8902718061255325e-06,125601.17346449,75,Extreme Greed,0.5,0.0,Greed,Low Leverage
0x3998f134d6aaa2b6a5f723806d00fd2bbbbce891,2025-02-14,19.530304,0.01706,2,2,0,2,0,50.78,25.39,0.0002021241436993626,0.00022688896399602793,0.014676800231505454,125616.39504149,48,Neutral,1.0,0.0,Neutral,Low Leverage
0x3998f134d6aaa2b6a5f723806d00fd2bbbbce891,2025-02-21,-350.632694,0.21500587000000002,7,0,5,5,2,1294.15,184.87857142857143,0.0014750727527265695,0.0034528661633287812,0.10686986451135308,125386.20452409286,55,Greed,0.0,0.4,Neutral,Low Leverage
0x3998f134d6aaa2b6a5f723806d00fd2bbbbce891,2025-03-06,600.008922,4.975173,37,26,11,37,0,51825.01,1400.675945945946,0.011166312667548832,0.03472202532379223,0.8096668392171555,125385.27968618757,25,Fear,0.7027027027027027,0.0,Fear,Low Leverage
0x3998f134d6aaa2b6a5f723806d00fd2bbbbce891,2025-03-10,-8224.491085,4.1280280000000005,26,0,26,26,0,43000.520000000004,1653.866153846154,0.013634034003019954,0.04296580811775966,0.9560245431133622,120998.02085565847,20,Extreme Fear,0.0,0.0,Fear,Low Leverage
0x3998f134d6aaa2b6a5f723806d00fd2bbbbce891,2025-03-11,-58444.949486,22.255574,119,0,119,119,0,231829.98,1948.151092436975,0.02318411579509741,0.2210432156016138,1.126137235308649,89209.03812496453,24,Extreme Fear,0.0,0.0,Fear,Low Leverage
0x3998f134d6aaa2b6a5f723806d00fd2bbbbce891,2025-04-06,0.0,3.8396399999999997,19,0,0,0,0,39996.37,2105.072105263158,0.03557899532976926,0.47805666744989317,1.2168461111406847,59166.901219988424,34,Fear,0.5,0.0,Fear,Low Leverage
0x3998f134d6aaa2b6a5f723806d00fd2bbbbce891,2025-04-07,9485.859999999999,10.608879,61,21,0,21,21,110509.7,1811.634426229508,0.029880858163353095,0.4882092332269923,1.0472231810275106,60556.291740997054,23,Extreme Fear,1.0,0.525,Fear,Low Leverage
0x3998f134d6aaa2b6a5f723806d00fd2bbbbce891,2025-04-09,0.0,3.839931,30,0,0,0,0,39999.58,1333.3193333333334,0.019425307419373334,0.1796940489752815,0.7707310555390847,68637.77780852001,18,Extreme Fear,0.5,0.0,Fear,Low Leverage
0x3998f134d6aaa2b6a5f723806d00fd2bbbbce891,2025-04-12,2466.604719,3.397097,32,32,0,32,32,35386.740000000005,1105.8356250000002,0.015782543376611263,0.17913129386264273,0.6392331058293413,69644.68503646375,43,Fear,1.0,1.0,Neutral,Low Leverage
0x3998f134d6aaa2b6a5f723806d00fd2bbbbce891,2025-04-13,1076.778732,2.999618,9,9,0,9,9,21069.02,2341.0022222222224,0.032564007831464084,0.19509300018736495,1.3532265441932212,71925.18474517556,45,Neutral,1.0,1.0,Neutral,Low Leverage
0x3998f134d6aaa2b6a5f723806d00fd2bbbbce891,2025-04-21,-3533.672537,19.455410999999998,124,116,8,124,8,180926.84,1459.0874193548386,0.02080672060480087,0.38564828481948443,0.8434318461667504,70325.50649933777,39,Fear,0.9354838709677419,0.06896551724137931,Fear,Low Leverage
0x3998f134d6aaa2b6a5f723806d00fd2bbbbce891,2025-04-22,0.0,0.0,1,0,0,0,0,0.01,0.01,1.4572909074675087e-07,1.4572909074675087e-07,5.780543612251065e-06,68620.47892262004,47,Neutral,0.5,0.0,Neutral,Low Leverage
0x3998f134d6aaa2b6a5f723806d00fd2bbbbce891,2025-04-25,34.63999,5.793662,73,73,0,73,0,60351.3,826.7301369863014,0.012045121666030157,0.049505393939185106,0.4778949612411612,68635.98260600358,60,Greed,1.0,0.0,Greed,Low Leverage
0x39cef799f8b69da1995852eea189df24eb5cae3c,2024-11-12,0.0,3.6367089999999997,2,0,0,0,2,10390.6,5195.3,0.05195459463659166,0.08380804785481906,1.0844834853260013,99997.8298785,80,Extreme Greed,0.5,1.0,Greed,High Leverage
0x39cef799f8b69da1995852eea189df24eb5cae3c,2024-11-20,-808.158708,7.617513000000001,2,0,1,1,1,21764.32,10882.16,0.10971858870240342,0.122825548425139,2.271576772212422,99182.7189045,83,Extreme Greed,0.0,1.0,Greed,High Leverage
0x39cef799f8b69da1995852eea189df24eb5cae3c,2024-12-01,0.0,0.069934,1,0,0,0,0,199.81,199.81,0.0020146093786344464,0.0020146093786344464,0.04170897642157109,99180.517136,81,Extreme Greed,0.5,0.0,Greed,High Leverage
0x39cef799f8b69da1995852eea189df24eb5cae3c,2024-12-03,0.0,0.073479,1,0,0,0,0,209.94,209.94,0.0021167479420241813,0.0021167479420241813,0.0438235449173947,99180.443657,76,Extreme Greed,0.5,0.0,Greed,High Leverage
0x39cef799f8b69da1995852eea189df24eb5cae3c,2024-12-05,0.0,19.757147359999998,6,0,0,0,6,61428.49,10238.081666666667,0.10324238866320523,0.4323919007315813,2.1371298075027236,99170.58801294166,84,Extreme Greed,0.5,1.0,Greed,High Leverage
0x39cef799f8b69da1995852eea189df24eb5cae3c,2024-12-06,0.0,8.60627,20,0,0,0,5,33151.06,1657.5529999999999,0.016716659486109824,0.16065250432972494,0.34600289772536125,99159.60595229,72,Greed,0.5,0.3333333333333333,Greed,High Leverage
0x39cef799f8b69da1995852eea189df24eb5cae3c,2024-12-09,483.66207599999996,0.48248,8,8,0,8,8,4824.8,603.1,0.00606518842255304,0.010108734237745607,0.12589301676517456,99445.21466914,78,Extreme Greed,1.0,1.0,Greed,High Leverage
0x39cef799f8b69da1995852eea189df24eb5cae3c,2024-12-10,0.0,22.963763999999998,3,0,0,0,3,67566.11,22522.036666666667,0.22608526401248594,0.42073762107243695,4.70132173712907,99615.06588597334,78,Extreme Greed,0.5,1.0,Greed,High Leverage
0x39cef799f8b69da1995852eea189df24eb5cae3c,2024-12-11,3721.345649,56.017569,4,4,0,4,0,160050.2,40012.55,0.3926799157708479,0.439178893386767,8.352347252474523,101921.09200614,74,Greed,1.0,0.0,Greed,High Leverage
0x39cef799f8b69da1995852eea189df24eb5cae3c,2024-12-13,1116.8006,5.50834285,26,13,0,13,13,76820.97,2954.652692307692,0.02847068482053851,0.07897466784419857,0.6167636228286527,103791.60641028194,76,Extreme Greed,1.0,1.0,Greed,High Leverage
0x39cef799f8b69da1995852eea189df24eb5cae3c,2024-12-14,1898.178342,0.659146,1,1,0,1,0,6591.46,6591.46,0.06201600385311014,0.06201600385311014,1.375922374874776,106286.43560479001,83,Extreme Greed,1.0,0.0,Greed,High Leverage
0x39cef799f8b69da1995852eea189df24eb5cae3c,2024-12-15,6623.483154,2.98179288,28,23,0,23,5,55831.68,1993.9885714285715,0.018197258556105326,0.12481983151589929,0.4162315315079151,109861.9885418875,80,Extreme Greed,1.0,0.21739130434782608,Greed,High Leverage
0x39cef799f8b69da1995852eea189df24eb5cae3c,2024-12-16,6942.186825,4.25589888,14,9,0,9,5,82133.87,5866.705,0.04977096495245573,0.10661692263198458,1.2246347055568452,117988.8443217557,83,Extreme Greed,1.0,0.5555555555555556,Greed,High Leverage
0x39cef799f8b69da1995852eea189df24eb5cae3c,2024-12-18,136.054186,0.10415878,12,3,0,3,9,8151.69,679.3075,0.005667704597983134,0.016623911394603428,0.14180081327509336,119877.16698140583,81,Extreme Greed,1.0,3.0,Greed,High Leverage
0x39cef799f8b69da1995852eea189df24eb5cae3c,2024-12-20,1676.3027260000001,1.37994,4,3,0,3,2,11350.75,2837.6875,0.023353339159974593,0.08525113521052634,0.5923479356853363,120418.76799775001,74,Greed,1.0,1.0,Greed,High Leverage
0x39cef799f8b69da1995852eea189df24eb5cae3c,2024-12-24,14849.788861,17.45726591,19,16,0,16,3,337139.57,17744.187894736842,0.1317481413478657,0.41813547604594725,3.7039783520419705,130603.9104414758,73,Greed,1.0,0.1875,Greed,High Leverage
0x39cef799f8b69da1995852eea189df24eb5cae3c,2025-01-01,-9655.676981,9.853497840000001,12,5,1,6,6,183247.16999999998,15270.597499999998,0.12042698834761384,0.3736298118954352,3.1876332069005677,126800.71482627919,66,Greed,0.8333333333333334,1.0,Greed,High Leverage
0x39cef799f8b69da1995852eea189df24eb5cae3c,2025-01-03,0.0,0.02667297,1,0,0,0,1,6217.48,6217.48,0.04902504884655779,0.04902504884655779,1.2978565973754557,126822.51514853002,74,Greed,0.5,1.0,Greed,High Leverage
0x39cef799f8b69da1995852eea189df24eb5cae3c,2025-01-14,0.0,0.8403039999999999,3,0,0,0,0,2400.87,800.29,0.006310344576353151,0.009452327462711348,0.1670550860338278,126822.06785586335,63,Greed,0.5,0.0,Greed,High Leverage
0x39cef799f8b69da1995852eea189df24eb5cae3c,2025-01-19,-1584.5578099999998,4.581519999999999,3,0,3,3,0,45815.229999999996,15271.743333333332,0.12147704057903404,0.15969801707491044,3.187872391803641,125908.04901586335,77,Extreme Greed,0.0,0.0,Greed,High Leverage
0x39cef799f8b69da1995852eea189df24eb5cae3c,2025-01-20,-401.26379999999995,13.404088000000002,4,0,3,3,1,59796.659999999996,14949.164999999999,0.11950459503303003,0.2403503475006852,3.120536362079855,125027.78806228001,76,Extreme Greed,0.0,0.3333333333333333,Greed,High Leverage
0x39cef799f8b69da1995852eea189df24eb5cae3c,2025-01-23,0.0,0.19999994000000001,4,0,0,0,4,45000.0,11250.0,0.09013146044569904,0.33212185331731553,2.348360866536584,124817.72161481752,75,Extreme Greed,0.5,1.0,Greed,High Leverage
0x39cef799f8b69da1995852eea189df24eb5cae3c,2025-02-23,2.9205,1.44068,6,1,0,1,5,14406.83,2401.1383333333333,0.019237092567760017,0.05772247405457529,0.5012212708569667,124817.56555559002,50,Neutral,1.0,5.0,Neutral,High Leverage
0x39cef799f8b69da1995852eea189df24eb5cae3c,2025-03-04,863.956464,18.52469533,63,30,0,30,33,202453.39,3213.5458730158734,0.02569256737053647,0.3017808701208407,0.6708058107564994,125098.55669886286,15,Extreme Fear,1.0,1.1,Fear,High Leverage
0x39cef799f8b69da1995852eea189df24eb5cae3c,2025-03-05,8187.59426,10.78872833,43,24,0,24,19,151134.41,3514.7537209302327,0.026896075570191542,0.16166948618824195,0.7336808972219026,129019.09142367117,20,Extreme Fear,1.0,0.7916666666666666,Fear,High Leverage
0x39cef799f8b69da1995852eea189df24eb5cae3c,2025-03-10,-37230.786609,9.626909,2,0,2,2,0,96269.09,48134.545,0.478120255412367,0.8307657674560308,10.047758382803927,112123.32983793002,20,Extreme Fear,0.0,0.0,Fear,High Leverage
0x39cef799f8b69da1995852eea189df24eb5cae3c,2025-03-12,0.0,9.944007000000001,39,0,0,0,0,99440.18000000001,2549.7482051282054,0.026396107879211126,0.18586232648395395,0.5322425692839974,96596.27437646849,34,Fear,0.5,0.0,Fear,High Leverage
0x39cef799f8b69da1995852eea189df24eb5cae3c,2025-03-17,17926.355742,39.115225,205,107,0,107,107,391153.14,1908.0640975609756,0.01814243934088098,0.8072847198322536,0.3982953828938344,104195.12954011538,32,Fear,1.0,1.0918367346938775,Fear,High Leverage
0x39cef799f8b69da1995852eea189df24eb5cae3c,2025-03-18,238.314199,58.330524,283,51,0,51,51,583306.89,2061.155088339223,0.017987291540925435,0.6856484356552501,0.4302520843838743,114619.97840030458,34,Fear,1.0,0.21982758620689655,Fear,High Leverage
0x39cef799f8b69da1995852eea189df24eb5cae3c,2025-03-19,909.907336,28.818302,119,2,0,2,2,288183.57,2421.7106722689077,0.021007484932746626,0.6170621510918165,0.5055156064738049,115202.8045268544,32,Fear,1.0,0.017094017094017096,Fear,High Leverage
0x39cef799f8b69da1995852eea189df24eb5cae3c,2025-03-20,0.0,4.983753,82,0,0,0,0,49837.979999999996,607.780243902439,0.005260491207773763,0.017957268177578742,0.1268699857986265,115536.51368268613,49,Neutral,0.5,0.0,Neutral,High Leverage
0x39cef799f8b69da1995852eea189df24eb5cae3c,2025-03-21,0.0,3.017585,3,0,0,0,3,30175.86,10058.62,0.08706393995854893,0.254645105186627,2.099668407054419,115533.32427093002,31,Fear,0.5,1.0,Fear,High Leverage
0x39cef799f8b69da1995852eea189df24eb5cae3c,2025-03-23,4988.749429,38.329658,93,52,0,52,52,383297.04,4121.473548387096,0.03473808985964908,0.5860468590040462,0.8603295283109272,118443.03077342466,30,Fear,1.0,1.2682926829268293,Fear,High Leverage
0x39cef799f8b69da1995852eea189df24eb5cae3c,2025-03-24,3896.627832,3.407223,20,20,0,20,0,34072.35,1703.6174999999998,0.01387398438393376,0.08563820764952453,0.355618548315279,123165.63664018002,45,Neutral,1.0,0.0,Neutral,High Leverage
0x39cef799f8b69da1995852eea189df24eb5cae3c,2025-03-25,0.0,10.01761,1,0,0,0,0,100176.1,100176.1,0.8055009906786808,0.8055009906786808,20.911078489089377,124364.96187993002,46,Neutral,0.5,0.0,Neutral,High Leverage
0x39cef799f8b69da1995852eea189df24eb5cae3c,2025-03-26,3782.33025,6.423789,28,28,0,28,28,64238.030000000006,2294.2153571428576,0.01806528266730753,0.30958464360224064,0.4789018279219145,126810.32072585859,47,Neutral,1.0,1.0,Neutral,High Leverage
0x39cef799f8b69da1995852eea189df24eb5cae3c,2025-03-27,6504.316844999999,27.473021,178,30,0,30,30,274731.1,1543.4331460674157,0.011646199903369408,0.5993896726032506,0.3221811555857922,131671.2206554019,40,Fear,1.0,0.20270270270270271,Fear,High Leverage
0x39cef799f8b69da1995852eea189df24eb5cae3c,2025-04-03,0.0,67.34912,142,0,0,0,0,673491.65,4742.898943661972,0.03524200047937186,1.3788392731827113,0.9900478465096423,134589.0576028666,25,Fear,0.5,0.0,Fear,High Leverage
0x39cef799f8b69da1995852eea189df24eb5cae3c,2025-04-04,266.39774,67.322498,34,34,0,34,34,673225.18,19800.740588235294,0.1469782415171795,4.1228404373144745,4.133269717853719,134613.25761845944,28,Fear,1.0,1.0,Fear,High Leverage
0x39cef799f8b69da1995852eea189df24eb5cae3c,2025-04-06,24553.54115,19.208714,68,21,0,21,21,192087.53,2824.8166176470586,0.018359269940398364,0.18830045058522737,0.5896612266688523,155650.83538447414,34,Fear,1.0,0.44680851063829785,Fear,High Leverage
0x39cef799f8b69da1995852eea189df24eb5cae3c,2025-04-07,25941.716413,361.901282,929,294,167,461,478,3619016.91,3895.6048546824545,0.020839006941506786,1.4555282441174846,0.8131809770867743,186427.50056438317,23,Extreme Fear,0.6377440347071583,1.0598669623059866,Fear,High Leverage
0x39cef799f8b69da1995852eea189df24eb5cae3c,2025-04-08,3366.444714,7.128185,14,14,0,14,14,142563.84,10183.131428571429,0.054516290291733265,0.17856642051480262,2.1256593196138596,186913.90840535864,24,Extreme Fear,1.0,1.0,Fear,High Leverage
0x39cef799f8b69da1995852eea189df24eb5cae3c,2025-04-09,-77308.420095,218.992405,617,142,384,526,505,2529316.8,4099.378930307941,0.038488774298243655,4.844768897155977,0.8557174272924241,118241.06317643414,18,Extreme Fear,0.26996197718631176,4.508928571428571,Fear,High Leverage
0x39cef799f8b69da1995852eea189df24eb5cae3c,2025-04-10,-831.2396219999999,88.67408,306,176,30,206,121,1773480.6300000001,5795.6883333333335,0.05268117134044424,2.1701453488466607,1.209810460146012,110019.83272518496,39,Fear,0.8543689320388349,0.654054054054054,Fear,High Leverage
0x39cef799f8b69da1995852eea189df24eb5cae3c,2025-04-13,3271.369378,135.12893,135,64,0,64,71,2702580.0,20019.11111111111,0.17968599160208262,5.862981702577584,4.17885307699387,110557.80997969303,45,Neutral,1.0,1.109375,Neutral,High Leverage
0x39cef799f8b69da1995852eea189df24eb5cae3c,2025-04-14,128.67829,42.232709,1,1,0,1,0,844654.19,844654.19,7.474930795225746,7.474930795225746,176.315808493525,112998.26220993006,31,Fear,1.0,0.0,Fear,High Leverage
0x3f9a0aadc7f04a7c9d75dc1b5a6ddd6e36486cf6,2024-10-03,100.375782,4.5243400000000005,5,3,0,3,2,12926.69,2585.338,0.02584473812102629,0.04525151571733186,0.75035831127583,100029.9420146,37,Fear,1.0,0.6666666666666666,Fear,High Leverage
0x3f9a0aadc7f04a7c9d75dc1b5a6ddd6e36486cf6,2024-11-03,0.0,1.90613,2,0,0,0,2,19061.32,9530.66,0.09521683057595784,0.147357828876943,2.766141194282566,100094.160893,74,Greed,0.5,1.0,Greed,High Leverage
0x3f9a0aadc7f04a7c9d75dc1b5a6ddd6e36486cf6,2024-11-04,540.05911,6.860462999999999,10,10,0,10,0,19601.33,1960.1330000000003,0.019522906334502054,0.05029633353552538,0.5689012762571186,100394.17986860001,70,Greed,1.0,0.0,Greed,High Leverage
0x3f9a0aadc7f04a7c9d75dc1b5a6ddd6e36486cf6,2024-11-07,503.462576,3.086842,16,11,0,11,5,30868.5,1929.28125,0.019140731464481878,0.10336637518030266,0.5599469859361222,100837.53193900001,77,Extreme Greed,1.0,0.45454545454545453,Greed,High Leverage
0x3f9a0aadc7f04a7c9d75dc1b5a6ddd6e36486cf6,2024-11-10,0.0,0.983688,1,0,0,0,1,9836.88,9836.88,0.09727298480305539,0.09727298480305539,2.85501728014789,101126.536005,78,Extreme Greed,0.5,1.0,Greed,High Leverage
0x3f9a0aadc7f04a7c9d75dc1b5a6ddd6e36486cf6,2024-11-11,393.07947,3.5804850000000004,4,4,0,4,0,10229.96,2557.49,0.025216026958839267,0.06377029849043528,0.7422758175158615,101410.6916975,76,Extreme Greed,1.0,0.0,Greed,High Leverage
0x3f9a0aadc7f04a7c9d75dc1b5a6ddd6e36486cf6,2024-11-12,0.0,0.527654,4,0,0,0,4,5276.56,1319.14,0.012994451773060346,0.03604965323851996,0.38286199434518753,101515.73903375001,80,Extreme Greed,0.5,1.0,Greed,High Leverage
0x3f9a0aadc7f04a7c9d75dc1b5a6ddd6e36486cf6,2024-11-13,135.09947,4.024645,8,7,0,7,1,14880.86,1860.1075,0.018314153635151077,0.046639594346488115,0.5398702693773526,101578.754095625,84,Extreme Greed,1.0,0.14285714285714285,Greed,High Leverage
0x3f9a0aadc7f04a7c9d75dc1b5a6ddd6e36486cf6,2024-11-15,0.0,3.257612,35,0,0,0,35,32576.25,930.75,0.009156892172264685,0.07683365618654005,0.2701372115444784,101644.96894045714,80,Extreme Greed,0.5,1.0,Greed,High Leverage
0x3f9a0aadc7f04a7c9d75dc1b5a6ddd6e36486cf6,2024-11-19,245.44495999999998,11.487605,5,5,0,5,0,32821.74,6564.348,0.06445611331522935,0.26809652983528304,1.905210490816625,101856.1300798,90,Extreme Greed,1.0,0.0,Greed,High Leverage
0x3f9a0aadc7f04a7c9d75dc1b5a6ddd6e36486cf6,2024-11-22,1050.894,11.79219,22,7,0,7,15,65796.23,2990.737727272727,0.029199138071501252,0.06560743543772124,0.8680199302780826,102406.11967290909,94,Extreme Greed,1.0,2.142857142857143,Greed,High Leverage
0x3f9a0aadc7f04a7c9d75dc1b5a6ddd6e36486cf6,2024-11-23,788.45072,3.190604,7,7,0,7,0,21638.73,3091.247142857143,0.02989657950638695,0.07742993647413624,0.8971913869097657,103387.26094442858,93,Extreme Greed,1.0,0.0,Greed,High Leverage
0x3f9a0aadc7f04a7c9d75dc1b5a6ddd6e36486cf6,2024-11-26,0.0,3.644624,36,0,0,0,36,36446.43,1012.4008333333334,0.009762810337599776,0.024110125556104714,0.2938352275927724,103699.84747294444,79,Extreme Greed,0.5,1.0,Greed,High Leverage
0x3f9a0aadc7f04a7c9d75dc1b5a6ddd6e36486cf6,2024-11-28,3855.7522,14.105745,25,25,0,25,0,40302.17,1612.0868,0.015233231606099889,0.11748378901030901,0.4678857189574658,106129.0179352,77,Extreme Greed,1.0,0.0,Greed,High Leverage
0x3f9a0aadc7f04a7c9d75dc1b5a6ddd6e36486cf6,2024-11-29,0.0,38.023592060000006,10,0,0,0,10,133251.1,13325.11,0.12391720694097644,0.389128530929982,3.867427406847644,107527.19774505698,78,Extreme Greed,0.5,1.0,Greed,High Leverage
0x3f9a0aadc7f04a7c9d75dc1b5a6ddd6e36486cf6,2024-12-02,0.0,0.583659,1,0,0,0,1,46692.72,46692.72,0.4343466880937831,0.4343466880937831,13.551911018240235,107501.03840994,80,Extreme Greed,0.5,1.0,Greed,High Leverage
0x3f9a0aadc7f04a7c9d75dc1b5a6ddd6e36486cf6,2024-12-26,29897.971695,3.9493730200000003,32,10,0,10,22,73534.5,2297.953125,0.019473402727911284,0.20247472603041983,0.6669488578537957,115040.84748410563,79,Extreme Greed,1.0,2.2,Greed,High Leverage
0x3f9a0aadc7f04a7c9d75dc1b5a6ddd6e36486cf6,2024-12-28,0.0,0.23781576,10,0,0,0,10,61546.78,6154.678,0.04479552991811544,0.1808465813409119,1.78630948468885,137394.925490563,72,Greed,0.5,1.0,Greed,High Leverage
0x3f9a0aadc7f04a7c9d75dc1b5a6ddd6e36486cf6,2025-01-12,3699.757273,8.356281999999998,3,3,0,3,0,23875.1,7958.366666666666,0.05641283916182221,0.16866198055047124,2.3098049742485722,141078.95631649334,62,Greed,1.0,0.0,Greed,High Leverage
0x3f9a0aadc7f04a7c9d75dc1b5a6ddd6e36486cf6,2025-01-13,0.0,0.0,1,0,0,0,0,0.22,0.22,1.5593301309472154e-06,1.5593301309472154e-06,6.385193289259764e-05,141086.22390716002,61,Greed,0.5,0.0,Greed,High Leverage
0x3f9a0aadc7f04a7c9d75dc1b5a6ddd6e36486cf6,2025-02-14,8019.163096,6.373468,1,1,0,1,0,63734.69,63734.69,0.4274655377580369,0.4274655377580369,18.498105221865973,149099.01353516002,48,Neutral,1.0,0.0,Neutral,High Leverage
0x3f9a0aadc7f04a7c9d75dc1b5a6ddd6e36486cf6,2025-04-04,0.0,7.678e-05,1,0,0,0,1,63727.4,63727.4,0.42741664429449144,0.42741664429449144,18.49598940099876,149099.01345838,28,Fear,0.5,1.0,Fear,High Leverage
0x3f9a0aadc7f04a7c9d75dc1b5a6ddd6e36486cf6,2025-04-05,562.1943200000001,22.501253,19,19,0,19,0,64289.35,3383.65,0.02264889337419365,0.08032961967903748,0.9820572396910818,149422.02602043262,30,Fear,1.0,0.0,Fear,High Leverage
0x3f9a0aadc7f04a7c9d75dc1b5a6ddd6e36486cf6,2025-04-06,0.0,7.8515e-05,21,0,0,0,20,64267.24999999999,3060.3452380952376,0.02045156169955262,0.22915354465484722,0.888222539868354,149638.70650393338,34,Fear,0.5,20.0,Fear,High Leverage
0x3f9a0aadc7f04a7c9d75dc1b5a6ddd6e36486cf6,2025-04-09,110.553364,6.43773,19,19,0,19,0,64377.46000000001,3388.287368421053,0.022633223039290298,0.20130280424207345,0.9834031712238969,149680.14282354922,18,Extreme Fear,1.0,0.0,Fear,High Leverage
0x3f9a0aadc7f04a7c9d75dc1b5a6ddd6e36486cf6,2025-04-10,0.0,8.1782e-05,6,0,0,0,5,64371.16,10728.526666666667,0.07164635019713395,0.10623975014779177,3.113805294347474,149742.82203996734,39,Fear,0.5,5.0,Fear,High Leverage
0x3f9a0aadc7f04a7c9d75dc1b5a6ddd6e36486cf6,2025-04-12,3593.989207,16.838139,27,27,0,27,0,67964.39,2517.1996296296297,0.016598343490086216,0.05418381071438129,0.7305820992199216,151341.31023486078,43,Fear,1.0,0.0,Neutral,High Leverage
0x3f9a0aadc7f04a7c9d75dc1b5a6ddd6e36486cf6,2025-04-13,0.0,0.0,1,0,0,0,0,0.69,0.69,4.500392128937436e-06,4.500392128937436e-06,0.0002002628804358744,153319.973067083,45,Neutral,0.5,0.0,Neutral,High Leverage
0x420ab45e0bd8863569a5efbb9c05d91f40624641,2024-12-06,0.0,76.264613,45,0,0,0,0,480326.66,10673.925777777777,0.10677712470146482,0.7411142943444431,2.0568839156347063,99965.95801277777,72,Greed,0.5,0.0,Greed,High Leverage
0x420ab45e0bd8863569a5efbb9c05d91f40624641,2024-12-12,1762.46,17.102716,10,10,0,10,10,67508.1,6750.81,0.06689010072833732,0.15259858707811746,1.3008927357743727,100968.7490693,83,Extreme Greed,1.0,1.0,Greed,High Leverage
0x420ab45e0bd8863569a5efbb9c05d91f40624641,2024-12-17,27.63736,14.159007,20,11,0,11,2,79521.26,3976.0629999999996,0.03910411972620056,0.13745755023380535,0.7661942009449619,101678.59894495,87,Extreme Greed,1.0,0.1111111111111111,Greed,High Leverage
0x420ab45e0bd8863569a5efbb9c05d91f40624641,2024-12-18,0.0,13.568712,44,0,0,0,0,135586.94,3081.5213636363637,0.030307467760526872,0.29505990569997625,0.593814484052741,101675.26990306818,81,Extreme Greed,0.5,0.0,Greed,High Leverage
0x420ab45e0bd8863569a5efbb9c05d91f40624641,2024-12-19,2229.52123,6.702547,4,4,0,4,4,19948.06,4987.015,0.048315036480142584,0.09187205150202647,0.9610063957803334,102962.415771,75,Extreme Greed,1.0,1.0,Greed,High Leverage
0x420ab45e0bd8863569a5efbb9c05d91f40624641,2024-12-23,12082.95,2.609998,2,2,0,2,2,27187.5,13593.75,0.1199189864838549,0.16695567137445053,2.619539081522495,111670.51299399999,70,Greed,1.0,1.0,Greed,High Leverage
0x420ab45e0bd8863569a5efbb9c05d91f40624641,2024-12-24,0.0,2.897994,7,0,0,0,0,30187.510000000002,4312.501428571429,0.03718631914662152,0.15521496574788007,0.8310264666677296,115970.49296142856,73,Greed,0.5,0.0,Greed,High Leverage
0x420ab45e0bd8863569a5efbb9c05d91f40624641,2025-01-08,0.0,7.2160850000000005,12,0,0,0,0,35601.47,2966.789166666667,0.025583365786916324,0.11631598405440007,0.5717053917219964,115964.38988483332,70,Greed,0.5,0.0,Greed,High Leverage
0x420ab45e0bd8863569a5efbb9c05d91f40624641,2025-01-15,0.0,9.303358000000001,2,0,0,0,0,96910.0,48455.0,0.41788559866866243,0.831809669684792,9.337362110909242,115952.76560849999,70,Greed,0.5,0.0,Greed,High Leverage
0x420ab45e0bd8863569a5efbb9c05d91f40624641,2025-01-16,0.0,5.304123,30,0,0,0,0,45251.76,1508.392,0.013008995905690053,0.08212119166291543,0.2906697411866394,115948.9765503,75,Extreme Greed,0.5,0.0,Greed,High Leverage
0x420ab45e0bd8863569a5efbb9c05d91f40624641,2025-02-08,0.0,4.9549009999999996,5,0,0,0,0,51613.57,10322.714,0.08903214509896533,0.30751083300211335,1.9892048000279103,115945.5832978,44,Fear,0.5,0.0,Neutral,High Leverage
0x420ab45e0bd8863569a5efbb9c05d91f40624641,2025-02-14,0.0,5.39327,12,0,0,0,0,24947.14,2078.9283333333333,0.017931166304227166,0.10775792167613032,0.40061307710168953,115941.64705766666,48,Neutral,0.5,0.0,Neutral,High Leverage
0x420ab45e0bd8863569a5efbb9c05d91f40624641,2025-03-08,11894.061848,13.970236,11,11,0,11,11,58503.1,5318.463636363636,0.043344302900632674,0.11595605485208761,1.024877119934587,122973.38277081818,28,Fear,1.0,1.0,Fear,High Leverage
0x420ab45e0bd8863569a5efbb9c05d91f40624641,2025-03-11,9461.082288,26.326208,61,3,0,3,3,149251.29,2446.7424590163937,0.017924820539441316,0.36429779745676466,0.47149149379780375,137055.77541413115,24,Extreme Fear,1.0,0.05172413793103448,Fear,High Leverage
0x420ab45e0bd8863569a5efbb9c05d91f40624641,2025-03-14,16017.255710000001,2.42254,8,8,0,8,8,9614.24,1201.78,0.00802981681306226,0.030663112796174896,0.23158507971620076,148950.13157325,27,Fear,1.0,1.0,Fear,High Leverage
0x420ab45e0bd8863569a5efbb9c05d91f40624641,2025-03-15,74293.663505,13.707584,25,25,0,25,25,78359.31,3134.3723999999997,0.016753020145348976,0.12488952543316784,0.6039989699564476,195102.77432708003,46,Neutral,1.0,1.0,Neutral,High Leverage
0x420ab45e0bd8863569a5efbb9c05d91f40624641,2025-03-18,63015.976505,11.038543,5,5,0,5,4,114984.85,22996.97,0.0850340339785389,0.12670533596692468,4.431555801129223,274648.5123846,34,Fear,1.0,4.0,Fear,High Leverage
0x420ab45e0bd8863569a5efbb9c05d91f40624641,2025-03-19,0.0,16.256326979,58,0,0,0,21,338670.98,5839.154827586207,0.02009737519334933,0.20629186363003657,1.1252152109552418,290545.87440592126,32,Fear,0.5,0.5675675675675675,Fear,High Leverage
0x420ab45e0bd8863569a5efbb9c05d91f40624641,2025-03-25,0.0,9.55458,11,0,0,0,0,99526.98,9047.907272727272,0.031142790575141154,0.10752915601544209,1.743547343955914,290530.88588320283,46,Neutral,0.5,0.0,Neutral,High Leverage
0x420ab45e0bd8863569a5efbb9c05d91f40624641,2025-04-10,8720.984286,9.213747,11,11,0,11,11,44026.89,4002.4445454545453,0.013531880384515802,0.05828764817565222,0.7712779702763932,295768.5932918392,39,Fear,1.0,1.0,Fear,High Leverage
0x430f09841d65beb3f27765503d0f850b8bce7713,2024-04-20,0.0,117.08919,20,0,0,0,20,48733.65,2436.6825,0.02438215674135618,0.08102080920241525,1.0162054155578262,99945.069718,66,Greed,0.5,1.0,Greed,Low Leverage
0x430f09841d65beb3f27765503d0f850b8bce7713,2024-04-25,0.0,136.01682,68,0,0,0,68,51261.869999999995,753.8510294117647,0.007553016494621214,0.07988294064685823,0.3143895434107962,99839.97153735293,72,Greed,0.5,1.0,Greed,Low Leverage
0x430f09841d65beb3f27765503d0f850b8bce7713,2024-06-19,0.0,7.235789,3,0,0,0,3,23168.39,7722.796666666666,0.0774293087519051,0.19727098986116862,3.2207510809958197,99739.851799,64,Greed,0.5,1.0,Greed,Low Leverage
0x430f09841d65beb3f27765503d0f850b8bce7713,2024-06-20,57478.456026,0.0,8,8,0,8,0,169507.75,21188.46875,0.16005799851345742,0.46192083698299585,8.836537665915754,132173.683622,60,Greed,1.0,0.0,Greed,Low Leverage
0x430f09841d65beb3f27765503d0f850b8bce7713,2024-07-23,88084.992348,24.554663,229,229,0,229,0,245547.44,1072.2595633187773,0.005396245034404609,0.044420483547701714,0.4471801209752241,206313.93048572502,71,Greed,1.0,0.0,Greed,Low Leverage
0x430f09841d65beb3f27765503d0f850b8bce7713,2024-07-24,0.0,0.0,2,0,0,0,0,0.67,0.335,1.3657941038407213e-06,2.6092782879345122e-06,0.00013970995983755448,245278.5519120001,69,Greed,0.5,0.0,Greed,Low Leverage
0x430f09841d65beb3f27765503d0f850b8bce7713,2024-07-25,0.0,0.0,1,0,0,0,0,0.94,0.94,3.832377485403815e-06,3.832377485403815e-06,0.0003920219768576155,245278.5519120001,68,Greed,0.5,0.0,Greed,Low Leverage
0x430f09841d65beb3f27765503d0f850b8bce7713,2024-08-09,0.0,0.0,1,0,0,0,0,0.12,0.12,4.89239678987721e-07,4.89239678987721e-07,5.00453587477807e-05,245278.5519120001,48,Neutral,0.5,0.0,Neutral,Low Leverage
0x430f09841d65beb3f27765503d0f850b8bce7713,2024-08-10,0.0,0.0,1,0,0,0,0,0.68,0.68,2.7723581809304194e-06,2.7723581809304194e-06,0.00028359036623742403,245278.5519120001,40,Fear,0.5,0.0,Fear,Low Leverage
0x430f09841d65beb3f27765503d0f850b8bce7713,2024-08-12,0.0,0.0,1,0,0,0,0,0.61,0.61,2.486968368187582e-06,2.486968368187582e-06,0.0002543972403012186,245278.5519120001,25,Fear,0.5,0.0,Fear,Low Leverage
0x430f09841d65beb3f27765503d0f850b8bce7713,2024-08-13,0.0,0.0,1,0,0,0,0,0.67,0.67,2.7315882076814426e-06,2.7315882076814426e-06,0.00027941991967510895,245278.5519120001,31,Fear,0.5,0.0,Fear,Low Leverage
0x430f09841d65beb3f27765503d0f850b8bce7713,2024-08-14,0.0,0.0,1,0,0,0,0,0.53,0.53,2.160808582195768e-06,2.160808582195768e-06,0.00022103366780269813,245278.5519120001,30,Fear,0.5,0.0,Fear,Low Leverage
0x430f09841d65beb3f27765503d0f850b8bce7713,2024-08-30,0.0,0.0,1,0,0,0,0,0.62,0.62,2.5277383414365587e-06,2.5277383414365587e-06,0.0002585676868635336,245278.5519120001,34,Fear,0.5,0.0,Fear,Low Leverage
0x430f09841d65beb3f27765503d0f850b8bce7713,2024-08-31,0.0,0.0,1,0,0,0,0,0.96,0.96,3.913917431901768e-06,3.913917431901768e-06,0.0004003628699822456,245278.5519120001,29,Fear,0.5,0.0,Fear,Low Leverage
0x430f09841d65beb3f27765503d0f850b8bce7713,2024-09-11,0.0,0.0,1,0,0,0,0,0.54,0.54,2.201578555444745e-06,2.201578555444745e-06,0.00022520411436501318,245278.5519120001,37,Fear,0.5,0.0,Fear,Low Leverage
0x430f09841d65beb3f27765503d0f850b8bce7713,2024-09-14,0.0,0.0,1,0,0,0,0,0.65,0.65,2.650048261183489e-06,2.650048261183489e-06,0.00027107902655047885,245278.5519120001,50,Neutral,0.5,0.0,Neutral,Low Leverage
0x430f09841d65beb3f27765503d0f850b8bce7713,2024-09-21,36165.56933,57.976841,23,23,0,23,0,165648.12,7202.092173913044,0.027248272817916717,0.08481943873173957,3.003594054817184,261451.1923373479,54,Neutral,1.0,0.0,Neutral,Low Leverage
0x430f09841d65beb3f27765503d0f850b8bce7713,2024-10-05,0.0,0.0,1,0,0,0,0,0.61,0.61,2.167839505027995e-06,2.167839505027995e-06,0.0002543972403012186,281386.14440100006,49,Neutral,0.5,0.0,Neutral,Low Leverage
0x430f09841d65beb3f27765503d0f850b8bce7713,2024-10-11,0.0,0.0,1,0,0,0,0,0.73,0.73,2.594299735525306e-06,2.594299735525306e-06,0.0003044425990489993,281386.14440100006,32,Fear,0.5,0.0,Fear,Low Leverage
0x430f09841d65beb3f27765503d0f850b8bce7713,2024-11-29,124284.948775,43.499863,15,15,0,15,0,124285.34,8285.689333333334,0.02369580033541571,0.09632834351616781,3.455502459661055,361499.44101340004,78,Extreme Greed,1.0,0.0,Greed,Low Leverage
0x430f09841d65beb3f27765503d0f850b8bce7713,2025-02-07,5615.052102,47.838547,93,24,0,24,69,417119.94,4485.160645161291,0.011045376768240354,0.08774121584254438,1.8705122794043696,406199.7563886774,44,Fear,1.0,2.875,Neutral,Low Leverage
0x430f09841d65beb3f27765503d0f850b8bce7713,2025-02-12,22795.8104,154.768112,108,45,0,45,63,460247.95,4261.555092592593,0.010202862096704705,0.16149688622091185,1.7772587786019012,417000.2121993148,46,Neutral,1.0,1.4,Neutral,Low Leverage
0x430f09841d65beb3f27765503d0f850b8bce7713,2025-02-21,82117.04336,38.391857,255,255,0,255,0,382634.58,1500.5277647058824,0.003158881399386108,0.07076588969870622,0.6257870857975946,481443.85195176065,55,Greed,1.0,0.0,Neutral,Low Leverage
0x430f09841d65beb3f27765503d0f850b8bce7713,2025-04-09,0.0,44.005053,79,0,0,0,79,440050.95,5570.2651898734175,0.01079737746825575,0.21854036402345536,2.3230493312290834,515893.2808123544,18,Extreme Fear,0.5,1.0,Fear,Low Leverage
0x430f09841d65beb3f27765503d0f850b8bce7713,2025-04-16,0.0,9.604321,78,0,0,0,0,96043.49,1231.3267948717948,0.0023869140273032005,0.0063217804662827806,0.5135182598759496,515866.04692429485,29,Fear,0.5,0.0,Fear,Low Leverage
0x430f09841d65beb3f27765503d0f850b8bce7713,2025-04-18,0.0,8.784419,58,0,0,0,0,87844.56,1514.5613793103448,0.0029360136482523822,0.005816344447058645,0.631639729775998,515856.89135310345,33,Fear,0.5,0.0,Fear,Low Leverage
0x430f09841d65beb3f27765503d0f850b8bce7713,2025-04-26,0.0,11.06274,132,0,0,0,0,110627.96,838.0906060606061,0.0016246900021709104,0.0064623734534430535,0.3495212086953999,515846.36619463644,65,Greed,0.5,0.0,Greed,Low Leverage
0x430f09841d65beb3f27765503d0f850b8bce7713,2025-04-29,0.0,46.178716,54,0,0,0,0,143378.9,2655.1648148148147,0.005147504245471144,0.038554334189573054,1.1073222974324344,515816.6690512593,60,Greed,0.5,0.0,Greed,Low Leverage
0x47add9a56df66b524d5e2c1993a43cde53b6ed85,2024-11-30,8.570313,0.10899953,8,1,0,1,7,1996.67,249.58375,0.0024958025374915206,0.0033997123396818612,0.4822604856019701,100001.01604485625,84,Extreme Greed,1.0,7.0,Greed,Low Leverage
0x47add9a56df66b524d5e2c1993a43cde53b6ed85,2024-12-01,197.422418,0.26578693999999997,4,2,0,2,2,1434.8600000000001,358.71500000000003,0.003581369559112723,0.004784162663859466,0.6931303423909236,100139.99326901502,81,Extreme Greed,1.0,1.0,Greed,Low Leverage
0x47add9a56df66b524d5e2c1993a43cde53b6ed85,2024-12-03,30.727222,2.2336630299999998,42,1,0,1,26,13860.79,330.0188095238095,0.003292875064115263,0.016600387566275458,0.6376818656612718,100223.01086492145,76,Extreme Greed,1.0,1.625,Greed,Low Leverage
0x47add9a56df66b524d5e2c1993a43cde53b6ed85,2024-12-04,910.584797,21.44827514,102,14,14,28,39,81173.16,795.8152941176471,0.007909504698776848,0.07453342233815818,1.537721386871746,100588.72643420509,78,Extreme Greed,0.5,0.6190476190476191,Greed,Low Leverage
0x47add9a56df66b524d5e2c1993a43cde53b6ed85,2024-12-05,3174.023699,48.58217003,290,106,12,118,145,170421.23,587.6594137931035,0.005726154102327267,0.028658246796936456,1.1355102816767164,102687.70594927507,84,Extreme Greed,0.8983050847457628,1.0,Greed,Low Leverage
0x47add9a56df66b524d5e2c1993a43cde53b6ed85,2024-12-06,514.886454,22.34087872,108,32,6,38,61,108996.49,1009.2267592592593,0.009667383208512877,0.11969930962381196,1.9500876439386496,104372.43070651851,72,Greed,0.8421052631578947,1.297872340425532,Greed,Low Leverage
0x47add9a56df66b524d5e2c1993a43cde53b6ed85,2024-12-07,1040.616939,30.76567825,180,63,11,74,83,104429.77,580.1653888888889,0.005521271149432299,0.02556399269526972,1.1210298834559997,105039.1811725754,75,Extreme Greed,0.8513513513513513,0.8556701030927835,Greed,Low Leverage
0x47add9a56df66b524d5e2c1993a43cde53b6ed85,2024-12-08,227.072158,8.07278965,69,25,2,27,33,29213.01,423.3769565217391,0.004001479459970712,0.024616302512559585,0.8180739997890811,105791.42130462537,79,Extreme Greed,0.9259259259259259,0.9166666666666666,Greed,Low Leverage
0x47add9a56df66b524d5e2c1993a43cde53b6ed85,2024-12-09,311.290605,5.26450568,55,19,3,22,32,21974.62,399.53854545454544,0.0037687888898983346,0.014143899137205927,0.772012011790086,106022.11944838637,78,Extreme Greed,0.8636363636363636,1.391304347826087,Greed,Low Leverage
0x47add9a56df66b524d5e2c1993a43cde53b6ed85,2024-12-10,1474.670598,22.51617703,182,67,9,76,109,93195.85,512.06510989011,0.004789518414452295,0.037944274684323855,0.9894424959775249,106874.2627118549,78,Extreme Greed,0.881578947368421,1.4931506849315068,Greed,Low Leverage
0x47add9a56df66b524d5e2c1993a43cde53b6ed85,2024-12-11,1157.689489,26.5157439,325,109,1,110,117,99971.13,307.6034769230769,0.002837293450075459,0.02222702379350183,0.5943696340558128,108411.98732867834,74,Greed,0.990909090909091,0.5625,Greed,Low Leverage
0x47add9a56df66b524d5e2c1993a43cde53b6ed85,2024-12-12,574.398074,22.0703145,159,46,15,61,75,72883.76,458.38842767295597,0.004199950232569705,0.020682871938817127,0.8857252354124949,109139.41971536668,83,Extreme Greed,0.7540983606557377,0.8928571428571429,Greed,Low Leverage
0x47add9a56df66b524d5e2c1993a43cde53b6ed85,2024-12-13,587.630504,25.65326308,148,52,7,59,78,84942.25,573.9341216216217,0.005223456551384972,0.029333168121773473,1.1089894602384307,109863.90325824838,76,Extreme Greed,0.8813559322033898,1.1142857142857143,Greed,Low Leverage
0x47add9a56df66b524d5e2c1993a43cde53b6ed85,2024-12-14,1178.021061,8.74278152,62,28,4,32,36,30278.13,488.356935483871,0.004412251605473987,0.017014097583138005,0.9436321589588329,110657.7835218734,83,Extreme Greed,0.875,1.3846153846153846,Greed,Low Leverage
0x47add9a56df66b524d5e2c1993a43cde53b6ed85,2024-12-15,10303.889423,23.25335902,181,73,0,73,94,112668.17,622.4760773480663,0.005273134125910992,0.06332450158463847,1.2027850985390192,117833.58829216659,80,Extreme Greed,1.0,1.0804597701149425,Greed,Low Leverage
0x47add9a56df66b524d5e2c1993a43cde53b6ed85,2024-12-16,333.398209,16.03156007,92,27,5,32,36,52876.26,574.7419565217391,0.004724502811334845,0.02075341665298055,1.110550406619022,121657.51853992033,83,Extreme Greed,0.84375,0.6428571428571429,Greed,Low Leverage
0x47add9a56df66b524d5e2c1993a43cde53b6ed85,2024-12-17,21172.081622,199.94217869000002,396,116,25,141,149,129805.8,327.79242424242426,0.0024041219106336435,0.035849750474422376,0.6333799123212088,138532.4806005242,87,Extreme Greed,0.8226950354609929,0.6032388663967612,Greed,Low Leverage
0x47add9a56df66b524d5e2c1993a43cde53b6ed85,2024-12-18,3311.822419,18.89955487,226,47,36,83,117,86052.91,380.76508849557524,0.0026525891209183243,0.017374631147874634,0.7357368277307845,143266.22956709255,81,Extreme Greed,0.5662650602409639,1.073394495412844,Greed,Low Leverage
0x47add9a56df66b524d5e2c1993a43cde53b6ed85,2024-12-19,3491.018544,13.976246,135,63,1,64,74,57751.18,427.7865185185185,0.0028995795473117573,0.017946806932509395,0.8265944163220438,147433.87109456872,75,Extreme Greed,0.984375,1.2131147540983607,Greed,Low Leverage
0x47add9a56df66b524d5e2c1993a43cde53b6ed85,2024-12-20,6049.6938279999995,19.1604582,128,54,2,56,70,91938.23,718.267421875,0.004689126530847229,0.026859481748201967,1.3878788008654914,153112.9905305659,74,Greed,0.9642857142857143,1.206896551724138,Greed,Low Leverage
0x47add9a56df66b524d5e2c1993a43cde53b6ed85,2024-12-21,7454.276452,26.48990497,229,86,9,95,66,108787.48,475.0544978165939,0.0029634607868954345,0.019010588990906394,0.9179284020070643,160461.68251504208,73,Greed,0.9052631578947369,0.4049079754601227,Greed,Low Leverage
0x47add9a56df66b524d5e2c1993a43cde53b6ed85,2024-12-22,1063.854341,11.49957516,102,30,15,45,52,45077.15,441.9328431372549,0.0027036420256241855,0.012061100278340777,0.8539287815606258,163466.64011819573,73,Greed,0.6666666666666666,1.04,Greed,Low Leverage
0x47add9a56df66b524d5e2c1993a43cde53b6ed85,2024-12-23,4704.442079,49.01431857,486,193,37,230,236,232631.06,478.66473251028805,0.0028795528509740066,0.030581619458831342,0.9249043110416789,166583.05777402088,70,Greed,0.8391304347826087,0.944,Greed,Low Leverage
0x47add9a56df66b524d5e2c1993a43cde53b6ed85,2024-12-24,1506.989241,11.80372348,121,51,11,62,56,47558.84,393.04826446280987,0.0023142838982673137,0.011248356658322807,0.7594711069324276,169896.89686323336,73,Greed,0.8225806451612904,0.8615384615384616,Greed,Low Leverage
0x47add9a56df66b524d5e2c1993a43cde53b6ed85,2024-12-25,271.246809,12.22302302,99,30,10,40,41,42991.41,434.2566666666667,0.002551912907404631,0.01499364578742043,0.8390964193083865,170169.13352660736,73,Greed,0.75,0.7068965517241379,Greed,Low Leverage
0x47add9a56df66b524d5e2c1993a43cde53b6ed85,2024-12-26,9136.439892,23.77648759,160,56,6,62,46,140106.52,875.6657499999999,0.004941777023850801,0.05110229862498322,1.6920131611934406,177919.35204147588,79,Extreme Greed,0.9032258064516129,0.40350877192982454,Greed,Low Leverage
0x47add9a56df66b524d5e2c1993a43cde53b6ed85,2024-12-27,1473.2450880000001,8.41063022,115,70,6,76,70,50553.15,439.5926086956522,0.00243560917382785,0.03965307316696214,0.8494068421385689,180502.02956628578,74,Greed,0.9210526315789473,1.5555555555555556,Greed,Low Leverage
0x47add9a56df66b524d5e2c1993a43cde53b6ed85,2024-12-28,74.156745,3.056162,43,10,0,10,10,12309.66,286.27116279069764,0.001581291690580159,0.014128086421144156,0.5531500747996714,181043.98437818678,72,Greed,1.0,0.30303030303030304,Greed,Low Leverage
0x47add9a56df66b524d5e2c1993a43cde53b6ed85,2024-12-29,1609.679253,9.68390019,92,39,0,39,48,43522.47,473.0703260869565,0.002591991387086495,0.027496618550937782,0.9140944680195645,182614.41732607307,73,Greed,1.0,1.0909090909090908,Greed,Low Leverage
0x47add9a56df66b524d5e2c1993a43cde53b6ed85,2024-12-30,240.749155,7.35761818,59,30,1,31,36,31326.61,530.9594915254237,0.0029056249502860845,0.013670713876663743,1.0259513378496234,182718.43797976378,65,Greed,0.967741935483871,1.565217391304348,Greed,Low Leverage
0x47add9a56df66b524d5e2c1993a43cde53b6ed85,2024-12-31,97.688169,10.83489276,99,7,7,14,34,53653.47,541.9542424242425,0.002962619845621395,0.019135854349190518,1.0471960459187066,182924.67746665134,64,Greed,0.5,0.5230769230769231,Greed,Low Leverage
0x47add9a56df66b524d5e2c1993a43cde53b6ed85,2025-01-01,17.784696,2.4354733299999998,16,3,0,3,9,10126.42,632.90125,0.0034587887235799724,0.012016412549613267,1.2229292338266968,182983.74526075146,66,Greed,1.0,1.2857142857142858,Greed,Low Leverage
0x47add9a56df66b524d5e2c1993a43cde53b6ed85,2025-01-02,677.276764,12.32442837,90,43,2,45,30,49367.17,548.5241111111111,0.002992000373521362,0.01862139633852546,1.0598907348288238,183364.40598068511,70,Greed,0.9555555555555556,0.5,Greed,Low Leverage
0x47add9a56df66b524d5e2c1993a43cde53b6ed85,2025-01-03,846.655814,8.26689217,102,24,22,46,51,32800.7,321.5754901960784,0.0017442034334524481,0.008406638223641625,0.62136718460097,184407.44936588965,74,Greed,0.5217391304347826,1.0,Greed,Low Leverage
0x47add9a56df66b524d5e2c1993a43cde53b6ed85,2025-01-04,73.451675,11.11830504,57,15,2,17,20,35836.36,628.7080701754386,0.0034062481391382757,0.014073023478183191,1.214826923726743,184574.02813110445,73,Greed,0.8823529411764706,0.5405405405405406,Greed,Low Leverage
0x47add9a56df66b524d5e2c1993a43cde53b6ed85,2025-01-05,8.594753,3.637846,38,4,1,5,1,16718.76,439.9673684210526,0.0023838824135223612,0.013546372645094278,0.8501309750484867,184557.82944699496,72,Greed,0.8,0.02702702702702703,Greed,Low Leverage
0x47add9a56df66b524d5e2c1993a43cde53b6ed85,2025-01-06,559.643925,8.41166125,84,17,12,29,27,34855.47,414.94607142857143,0.0022446689105061566,0.011555336360785144,0.8017833448923362,184885.6393469849,76,Extreme Greed,0.5862068965517241,0.47368421052631576,Greed,Low Leverage
0x47add9a56df66b524d5e2c1993a43cde53b6ed85,2025-01-07,289.257865,15.45636535,40,31,3,34,30,52479.39,1311.98475,0.007084494193131017,0.057103111357691846,2.5350945429635514,185181.99762504158,78,Extreme Greed,0.9117647058823529,3.0,Greed,Low Leverage
0x47add9a56df66b524d5e2c1993a43cde53b6ed85,2025-01-08,1377.989592,21.28229039,187,59,25,84,125,98159.5,524.9171122994652,0.002815881273234101,0.02021537565658335,1.0142758952789355,186413.9122970941,70,Greed,0.7023809523809523,2.0161290322580645,Greed,Low Leverage
0x47add9a56df66b524d5e2c1993a43cde53b6ed85,2025-01-09,279.587921,8.90539163,95,18,8,26,45,47362.46,498.5522105263158,0.002669743561548142,0.013379272644672171,0.9633320724861162,186734.38612197558,69,Greed,0.6923076923076923,0.9,Greed,Low Leverage
0x47add9a56df66b524d5e2c1993a43cde53b6ed85,2025-01-10,-271.259943,12.70929915,97,26,17,43,39,56878.56,586.3769072164948,0.003140783500796152,0.01755945394079909,1.1330321466041284,186676.70774266016,50,Neutral,0.6046511627906976,0.6724137931034483,Neutral,Low Leverage
0x47add9a56df66b524d5e2c1993a43cde53b6ed85,2025-01-11,71.39075800000003,4.54955043,39,7,13,20,16,18892.82,484.43128205128204,0.002591956265562689,0.008016290273199144,0.9360467791786774,186881.40098112065,69,Greed,0.35,0.6956521739130435,Greed,Low Leverage
0x47add9a56df66b524d5e2c1993a43cde53b6ed85,2025-01-12,103.67729899999999,3.293735,44,6,2,8,10,12408.44,282.01,0.001509308950264842,0.0054507004862816375,0.5449164039910915,186845.26346933222,62,Greed,0.75,0.29411764705882354,Greed,Low Leverage
0x47add9a56df66b524d5e2c1993a43cde53b6ed85,2025-01-13,218.429393,6.27312638,67,8,7,15,28,36198.16,540.2710447761194,0.0028893418240587263,0.02123959291727105,1.0439436718552995,186995.40305111834,61,Greed,0.5333333333333333,0.717948717948718,Greed,Low Leverage
0x47add9a56df66b524d5e2c1993a43cde53b6ed85,2025-01-14,992.803005,10.242217,79,25,2,27,31,38267.17,484.3945569620253,0.0025793919699679552,0.012380082613671772,0.9359758167887833,187842.5467599888,63,Greed,0.9259259259259259,0.6458333333333334,Greed,Low Leverage
0x47add9a56df66b524d5e2c1993a43cde53b6ed85,2025-01-15,361.155853,12.192425,72,27,8,35,17,57030.04,792.0838888888889,0.004207560709822335,0.05311577649397519,1.5305113449615708,188273.86311163154,70,Greed,0.7714285714285715,0.3090909090909091,Greed,Low Leverage
0x47add9a56df66b524d5e2c1993a43cde53b6ed85,2025-01-16,319.223695,10.940006,88,23,7,30,21,41126.4,467.3454545454546,0.0024782183700137036,0.012061223531259163,0.9030325325786008,188601.31867638408,75,Extreme Greed,0.7666666666666667,0.31343283582089554,Greed,Low Leverage
0x47add9a56df66b524d5e2c1993a43cde53b6ed85,2025-01-17,498.16985999999997,6.950725,50,25,0,25,20,27936.4,558.7280000000001,0.0029553171742626072,0.013224033589115114,1.0796072925397489,189065.89774744044,75,Extreme Greed,1.0,0.6666666666666666,Greed,Low Leverage
0x47add9a56df66b524d5e2c1993a43cde53b6ed85,2025-01-18,307.105046,5.770882,34,17,4,21,18,19851.68,583.8729411764706,0.0030828256590942583,0.009236620784184192,1.1281938353022392,189385.01211802044,77,Extreme Greed,0.8095238095238095,1.125,Greed,Low Leverage
0x47add9a56df66b524d5e2c1993a43cde53b6ed85,2025-01-19,541.742729,6.11348625,27,10,0,10,15,23085.75,855.0277777777778,0.004508246643292904,0.013184918819374841,1.6521352504491358,189698.72355543898,77,Extreme Greed,1.0,1.25,Greed,Low Leverage
0x47add9a56df66b524d5e2c1993a43cde53b6ed85,2025-01-20,2262.94445,19.95400583,66,37,7,44,47,74679.35,1131.5053030303031,0.005934550891942429,0.07888694464598901,2.1863614794657034,190922.03947214456,76,Extreme Greed,0.8409090909090909,2.473684210526316,Greed,Low Leverage
0x47add9a56df66b524d5e2c1993a43cde53b6ed85,2025-01-21,287.821918,1.319882,13,6,0,6,9,8391.970000000001,645.536153846154,0.0033523061805703605,0.010020204150947313,1.247343142442063,192525.58443220967,76,Extreme Greed,1.0,2.25,Greed,Low Leverage
0x47add9a56df66b524d5e2c1993a43cde53b6ed85,2025-01-22,2867.6138889999997,15.80750989,98,35,2,37,24,57621.06,587.97,0.0030251079529189464,0.01555520979115257,1.136110414718067,194595.53981760892,84,Extreme Greed,0.9459459459459459,0.32432432432432434,Greed,Low Leverage
0x47add9a56df66b524d5e2c1993a43cde53b6ed85,2025-01-23,420.491149,3.0741254,26,12,2,14,19,13030.16,501.15999999999997,0.0025608405223399807,0.011272416363935696,0.9683709975680841,195667.48956652434,75,Extreme Greed,0.8571428571428571,2.7142857142857144,Greed,Low Leverage
0x47add9a56df66b524d5e2c1993a43cde53b6ed85,2025-01-24,553.5255989999999,5.12333,40,18,2,20,28,23353.56,583.839,0.0029746039299201753,0.015280693881677241,1.1281282521533096,196279.6050863755,75,Extreme Greed,0.9,2.3333333333333335,Greed,Low Leverage
0x47add9a56df66b524d5e2c1993a43cde53b6ed85,2025-01-25,416.148576,5.431335,36,20,1,21,19,21878.85,607.7458333333333,0.003092371025108351,0.015254167242521852,1.1743224497023836,196579.65709328942,75,Extreme Greed,0.9523809523809523,1.1176470588235294,Greed,Low Leverage
0x47add9a56df66b524d5e2c1993a43cde53b6ed85,2025-01-26,535.938645,2.92850952,18,16,0,16,4,10555.17,586.3983333333333,0.00297460029365146,0.010455048920534553,1.1330735474145222,197143.21721623218,73,Greed,1.0,0.2857142857142857,Greed,Low Leverage
0x47add9a56df66b524d5e2c1993a43cde53b6ed85,2025-01-27,1295.825632,12.12066081,83,34,8,42,67,49840.7,600.4903614457832,0.0030307234677559814,0.010132334462774945,1.1603029977318071,198226.901373809,71,Greed,0.8095238095238095,4.1875,Greed,Low Leverage
0x47add9a56df66b524d5e2c1993a43cde53b6ed85,2025-01-28,475.70264199999997,5.93309995,43,27,8,35,8,24844.39,577.776511627907,0.002905256311531584,0.012584640119139944,1.1164139535009259,198876.47423977553,72,Greed,0.7714285714285715,0.22857142857142856,Greed,Low Leverage
0x47add9a56df66b524d5e2c1993a43cde53b6ed85,2025-01-29,41.935052,0.8821652,14,3,0,3,13,6247.03,446.21642857142854,0.0022408872494408183,0.004916881513668966,0.8622057787273167,199125.42048203474,72,Greed,1.0,13.0,Greed,Low Leverage
0x47add9a56df66b524d5e2c1993a43cde53b6ed85,2025-01-30,783.829317,5.71837649,44,19,1,20,4,27933.38,634.8495454545455,0.0031784887208287345,0.010020686879620443,1.2266938455532423,199796.36648129838,70,Greed,0.95,0.1,Greed,Low Leverage
0x47add9a56df66b524d5e2c1993a43cde53b6ed85,2025-01-31,488.582241,6.77194479,57,23,0,23,11,24289.19,426.12614035087717,0.002128429295315488,0.007497434479616172,0.8233861354086847,200200.53166228096,76,Extreme Greed,1.0,0.2391304347826087,Greed,Low Leverage
0x47add9a56df66b524d5e2c1993a43cde53b6ed85,2025-02-01,526.448209,4.45882435,33,23,2,25,23,16189.18,490.5812121212121,0.002443679981910898,0.009464936894952066,0.9479300378521393,200767.4886455207,68,Greed,0.92,2.3,Greed,Low Leverage
0x47add9a56df66b524d5e2c1993a43cde53b6ed85,2025-02-02,-782.6517170000001,9.80744787,108,27,11,38,83,51360.13,475.55675925925925,0.0023807634870850773,0.00836378522168691,0.9188989012773049,199785.71418341252,60,Greed,0.7105263157894737,3.32,Greed,Low Leverage
0x47add9a56df66b524d5e2c1993a43cde53b6ed85,2025-02-03,2440.916534,31.19285849,182,73,11,84,108,115299.86,633.5157142857142,0.003151389404614957,0.037231628323078546,1.2241165380675125,200910.3790344916,44,Fear,0.8690476190476191,1.4594594594594594,Neutral,Low Leverage
0x47add9a56df66b524d5e2c1993a43cde53b6ed85,2025-02-04,874.3810560000001,3.60856375,34,16,2,18,14,13258.83,389.9655882352941,0.0019227567783839294,0.007064770480717715,0.753514577573303,202789.22861773538,72,Greed,0.8888888888888888,0.7,Greed,Low Leverage
0x47add9a56df66b524d5e2c1993a43cde53b6ed85,2025-02-05,32.72269,0.435353,3,1,0,1,2,1295.7,431.90000000000003,0.0021227569797895966,0.003686883798530781,0.8345427285690311,203461.8466312637,54,Neutral,1.0,2.0,Neutral,Low Leverage
0x47add9a56df66b524d5e2c1993a43cde53b6ed85,2025-02-06,922.672432,6.66840897,63,15,1,16,39,26120.86,414.6168253968254,0.0020342843707215987,0.009356189423796034,0.80114715623361,203729.84272697355,49,Neutral,0.9375,1.625,Neutral,Low Leverage
0x47add9a56df66b524d5e2c1993a43cde53b6ed85,2025-02-07,126.112976,1.310367,17,14,1,15,9,4899.89,288.2288235294118,0.0014098225855586118,0.005558194000845368,0.5569327826822806,204425.42407043098,44,Fear,0.9333333333333333,1.125,Neutral,Low Leverage
0x47add9a56df66b524d5e2c1993a43cde53b6ed85,2025-02-08,78.902492,2.55113821,22,5,0,5,19,11717.3,532.6045454545455,0.0026037090786800135,0.009778373403589197,1.0291300083628268,204558.09553835588,44,Fear,1.0,6.333333333333333,Neutral,Low Leverage
0x47add9a56df66b524d5e2c1993a43cde53b6ed85,2025-02-09,378.027954,2.657353,29,22,3,25,9,10230.31,352.76931034482755,0.0017229571526180267,0.012216649481680782,0.6816417291284734,204783.4195513021,46,Neutral,0.88,0.45,Neutral,Low Leverage
0x47add9a56df66b524d5e2c1993a43cde53b6ed85,2025-02-10,4.42722,0.8109869999999999,6,2,0,2,0,3127.9199999999996,521.3199999999999,0.0025435667164857875,0.007200825764938191,1.0073253421106905,204955.2612270837,43,Fear,1.0,0.0,Neutral,Low Leverage
0x47add9a56df66b524d5e2c1993a43cde53b6ed85,2025-02-11,314.918282,2.30745508,17,7,0,7,5,7756.45,456.26176470588234,0.002223584933304124,0.005911394245205657,0.8816159714271087,205189.6055769227,47,Neutral,1.0,0.4166666666666667,Neutral,Low Leverage
0x47add9a56df66b524d5e2c1993a43cde53b6ed85,2025-02-12,117.09923500000001,1.11158,5,4,1,5,3,3308.29,661.658,0.003222309654592574,0.0051694189578841135,1.2784947272505855,205343.25008707037,46,Neutral,0.8,1.5,Neutral,Low Leverage
0x47add9a56df66b524d5e2c1993a43cde53b6ed85,2025-02-13,534.854304,4.51872351,47,27,0,27,11,18034.65,383.71595744680855,0.0018646719026165076,0.00728342800027921,0.741438671273762,205783.95767822885,50,Neutral,1.0,0.3055555555555556,Neutral,Low Leverage
0x47add9a56df66b524d5e2c1993a43cde53b6ed85,2025-02-14,-10.630689999999987,3.663806,47,32,3,35,12,14832.36,315.5821276595745,0.001531385823032035,0.007287683810876018,0.6097864549771742,206094.18807643693,48,Neutral,0.9142857142857143,0.34285714285714286,Neutral,Low Leverage
0x47add9a56df66b524d5e2c1993a43cde53b6ed85,2025-02-15,231.07204000000002,1.2971864499999999,21,5,0,5,11,7711.280000000001,367.2038095238096,0.0017822044682797434,0.004851107585409945,0.7095329222990108,206034.3906560032,50,Neutral,1.0,1.1,Neutral,Low Leverage
0x47add9a56df66b524d5e2c1993a43cde53b6ed85,2025-02-16,278.922501,4.83805,41,17,10,27,31,16262.4,396.6439024390244,0.001922231189736188,0.013347034546659014,0.7664188113260754,206333.19780941762,54,Neutral,0.6296296296296297,3.1,Neutral,Low Leverage
0x47add9a56df66b524d5e2c1993a43cde53b6ed85,2025-02-17,19.482565,0.77200926,13,5,2,7,9,5099.06,392.23538461538465,0.0019001471952613221,0.007265978395943191,0.75790041240622,206422.7154086049,51,Neutral,0.7142857142857143,2.25,Neutral,Low Leverage
0x47add9a56df66b524d5e2c1993a43cde53b6ed85,2025-02-18,336.64107,4.86822791,54,20,0,20,38,22450.65,415.7527777777778,0.0020125578318275633,0.009217011445974102,0.8033421106200987,206553.18949670251,47,Neutral,1.0,2.375,Neutral,Low Leverage
0x47add9a56df66b524d5e2c1993a43cde53b6ed85,2025-02-19,89.261197,1.10465516,22,6,2,8,19,6685.82,303.90090909090907,0.0014692128390808605,0.003625139920558899,0.5872153134691741,206840.15708914577,44,Fear,0.75,6.333333333333333,Neutral,Low Leverage
0x47add9a56df66b524d5e2c1993a43cde53b6ed85,2025-02-20,168.023469,1.654399,13,11,0,11,7,4923.85,378.7576923076923,0.0018306094605675003,0.005011342310620772,0.7318580180712456,206922.14371176495,49,Neutral,1.0,1.1666666666666667,Neutral,Low Leverage
0x47add9a56df66b524d5e2c1993a43cde53b6ed85,2025-02-21,165.776644,1.340015,15,11,1,12,6,4523.86,301.59066666666666,0.0014562167346092868,0.0036214115012063817,0.5827513263972056,207117.91564378032,55,Greed,0.9166666666666666,0.6666666666666666,Neutral,Low Leverage
0x47add9a56df66b524d5e2c1993a43cde53b6ed85,2025-02-22,31.523152,1.777801,18,2,3,5,6,6183.66,343.53666666666663,0.0016580025837904843,0.0038654260607171092,0.6638018688666583,207202.67233238032,49,Neutral,0.4,0.5,Neutral,Low Leverage
0x47add9a56df66b524d5e2c1993a43cde53b6ed85,2025-02-23,122.057796,0.690269,7,5,2,7,6,2589.9500000000003,369.9928571428572,0.0017853907119539224,0.0036194321672303725,0.7149220850915761,207267.79970580884,50,Neutral,0.7142857142857143,6.0,Neutral,Low Leverage
0x47add9a56df66b524d5e2c1993a43cde53b6ed85,2025-02-24,437.185458,3.11996306,29,11,1,12,25,15768.59,543.7444827586207,0.002620336062493766,0.009625674028232483,1.0506552541924885,207443.3866297813,49,Neutral,0.9166666666666666,6.25,Neutral,Low Leverage
0x47add9a56df66b524d5e2c1993a43cde53b6ed85,2025-02-25,3455.584856,22.8050811,190,70,14,84,139,97378.41,512.5179473684211,0.0024434427134279,0.027786748749869514,0.9903174953402202,209683.57756724916,25,Fear,0.8333333333333334,2.7254901960784315,Fear,Low Leverage
0x47add9a56df66b524d5e2c1993a43cde53b6ed85,2025-02-26,-200.798196,4.536323,28,3,12,15,4,16892.92,603.3185714285713,0.0028581841483834142,0.010437208304619042,1.1657678323601988,211069.6495648631,21,Extreme Fear,0.2,0.16666666666666666,Fear,Low Leverage
0x47add9a56df66b524d5e2c1993a43cde53b6ed85,2025-02-27,-195.841458,1.576707,18,1,4,5,7,5942.13,330.11833333333334,0.0015658659032240605,0.003555702257887785,0.6378741714532551,210829.30382783135,10,Extreme Fear,0.2,0.6363636363636364,Fear,Low Leverage
0x47add9a56df66b524d5e2c1993a43cde53b6ed85,2025-02-28,933.170538,9.075402,71,26,4,30,47,36506.49,514.1759154929578,0.002432228739306892,0.011824738898032018,0.9935211194257291,211320.892893685,16,Extreme Fear,0.8666666666666667,1.9583333333333333,Fear,Low Leverage
0x47add9a56df66b524d5e2c1993a43cde53b6ed85,2025-03-01,109.59309399999998,4.519368,27,12,6,18,5,16664.18,617.1918518518519,0.002915369858518061,0.01428303505124147,1.192574605452692,211724.37002018315,20,Extreme Fear,0.6666666666666666,0.22727272727272727,Fear,Low Leverage
0x47add9a56df66b524d5e2c1993a43cde53b6ed85,2025-03-02,349.12092600000005,4.79176368,21,8,0,8,3,23240.57,1106.6938095238095,0.005220504063570814,0.018856130327580274,2.1384192440158727,212018.46348309636,26,Fear,1.0,0.16666666666666666,Fear,Low Leverage
0x47add9a56df66b524d5e2c1993a43cde53b6ed85,2025-03-03,376.017126,5.595643,33,12,4,16,7,19510.13,591.2160606060606,0.002783111151668629,0.011657754659941549,1.1423826450382388,212463.3632166311,33,Fear,0.75,0.2692307692307692,Fear,Low Leverage
0x47add9a56df66b524d5e2c1993a43cde53b6ed85,2025-03-04,444.266681,3.82318985,32,7,0,7,31,16090.35,502.8234375,0.002363200786729196,0.007042551897524222,0.9715851899043982,212708.68944937832,15,Extreme Fear,1.0,31.0,Fear,Low Leverage
0x47add9a56df66b524d5e2c1993a43cde53b6ed85,2025-03-05,423.18325600000003,1.48670832,21,6,0,6,13,11551.92,550.0914285714285,0.0025790828477443026,0.011711970564894767,1.0629191983385882,213282.80424799497,20,Extreme Fear,1.0,1.625,Fear,Low Leverage
0x47add9a56df66b524d5e2c1993a43cde53b6ed85,2025-03-06,102.92652,2.50836533,12,6,2,8,4,8915.96,742.9966666666666,0.0034812136744997533,0.00990182158361949,1.4356621104832017,213434.37829253773,25,Fear,0.75,0.5,Fear,Low Leverage
0x47add9a56df66b524d5e2c1993a43cde53b6ed85,2025-03-07,781.670551,5.64248208,62,16,1,17,43,28747.42,463.668064516129,0.0021664116817273907,0.006997743191194835,0.8959268620319791,214008.01250487164,34,Fear,0.9411764705882353,2.263157894736842,Fear,Low Leverage
0x47add9a56df66b524d5e2c1993a43cde53b6ed85,2025-03-08,119.3611,2.828469,31,7,0,7,26,13947.75,449.9274193548387,0.0020988617476970974,0.004659351012253915,0.8693763746385962,214367.62114892792,28,Fear,1.0,5.2,Fear,Low Leverage
0x47add9a56df66b524d5e2c1993a43cde53b6ed85,2025-03-09,0.0,0.80092306,8,0,0,0,8,6621.2300000000005,827.6537500000001,0.0038605152217329004,0.011653104152645375,1.5992415346964357,214389.57628744142,27,Fear,0.5,1.0,Fear,Low Leverage
0x47add9a56df66b524d5e2c1993a43cde53b6ed85,2025-03-10,0.0,3.46105317,16,0,0,0,16,11749.710000000001,734.3568750000001,0.003425376893596664,0.007004483265007197,1.4189677939475036,214387.2191225039,20,Extreme Fear,0.5,1.0,Fear,Low Leverage
0x47add9a56df66b524d5e2c1993a43cde53b6ed85,2025-03-11,266.837111,3.39704929,32,4,2,6,22,16147.32,504.60375,0.0023510494984099804,0.006988099433290082,0.9750252150293243,214623.42949358176,24,Extreme Fear,0.6666666666666666,2.2,Fear,Low Leverage
0x47add9a56df66b524d5e2c1993a43cde53b6ed85,2025-03-12,78.714444,1.737054,7,3,0,3,0,5169.82,738.5457142857142,0.003439860233628065,0.008309000633528912,1.4270617170015374,214690.5775104402,34,Fear,1.0,0.0,Fear,Low Leverage
0x47add9a56df66b524d5e2c1993a43cde53b6ed85,2025-03-13,-1.2672399999999993,0.37254174,9,2,1,3,8,3280.19,364.46555555555557,0.0016973985528086935,0.004342633501984268,0.7042419060031514,214720.65112806464,45,Neutral,0.6666666666666666,8.0,Neutral,Low Leverage
0x47add9a56df66b524d5e2c1993a43cde53b6ed85,2025-03-15,202.313183,9.170037,36,30,1,31,3,30148.420000000002,837.4561111111111,0.003897618983044533,0.024909065701756397,1.6181822366832048,214861.18233189464,46,Neutral,0.967741935483871,0.09090909090909091,Neutral,Low Leverage
0x47add9a56df66b524d5e2c1993a43cde53b6ed85,2025-03-16,-6.3424840000000025,1.220354,7,2,3,5,6,3988.83,569.8328571428572,0.0026516095059643937,0.008992959604168094,1.1010647544067766,214904.51357355734,30,Fear,0.4,6.0,Fear,Low Leverage
0x47add9a56df66b524d5e2c1993a43cde53b6ed85,2025-03-17,-31.277088,0.5310239999999999,3,0,1,1,0,2116.03,705.3433333333334,0.003282522644279789,0.003489556377986364,1.3629061124750532,214878.44843770016,32,Fear,0.0,0.0,Fear,Low Leverage
0x47add9a56df66b524d5e2c1993a43cde53b6ed85,2025-03-19,-2.8135689999999998,1.5372599999999998,12,2,5,7,1,5824.6900000000005,485.3908333333334,0.0022588895962200027,0.007272330085613608,0.9379008809270566,214880.11160553352,32,Fear,0.2857142857142857,0.09090909090909091,Fear,Low Leverage
0x47add9a56df66b524d5e2c1993a43cde53b6ed85,2025-03-20,-147.789312,4.329674,20,14,3,17,9,15384.77,769.2385,0.0035786193303663804,0.013570279574670599,1.48636813315663,214935.84230145015,49,Neutral,0.8235294117647058,0.8181818181818182,Neutral,Low Leverage
0x47add9a56df66b524d5e2c1993a43cde53b6ed85,2025-03-21,39.124700000000004,0.81683,6,2,0,2,2,2966.76,494.46000000000004,0.0023024014731056128,0.0037250368119669773,0.9554248612369601,214755.97363820017,31,Fear,1.0,0.5,Fear,Low Leverage
0x47add9a56df66b524d5e2c1993a43cde53b6ed85,2025-03-22,-1184.046158,0.899586,11,0,11,11,0,3748.62,340.78363636363633,0.0015918969323998093,0.0035115030625870757,0.6584823008626661,214256.0176587002,32,Fear,0.0,0.0,Fear,Low Leverage
0x47add9a56df66b524d5e2c1993a43cde53b6ed85,2025-03-23,0.0,0.251646,2,0,0,0,0,748.95,374.475,0.0017533652753209423,0.002570572913439653,0.7235827466563738,213575.0494462002,30,Fear,0.5,0.0,Fear,Low Leverage
0x47add9a56df66b524d5e2c1993a43cde53b6ed85,2025-03-24,-216.43170300000003,2.960264,25,10,4,14,8,13629.9,545.196,0.002554348789592413,0.016863570005426536,1.053459961669186,213423.2528934202,45,Neutral,0.7142857142857143,0.47058823529411764,Neutral,Low Leverage
0x47add9a56df66b524d5e2c1993a43cde53b6ed85,2025-03-25,87.95347999999998,0.200845,3,1,2,3,1,1133.4299999999998,377.80999999999995,0.001769261984224925,0.0035113310384180863,0.7300268309346274,213509.60299036684,46,Neutral,0.3333333333333333,0.5,Neutral,Low Leverage
0x47add9a56df66b524d5e2c1993a43cde53b6ed85,2025-03-26,69.285,0.08228819999999999,3,1,0,1,3,2249.9,749.9666666666667,0.0035125183591518025,0.003512674393893356,1.4491299567858784,213512.5257671602,47,Neutral,1.0,1.0,Neutral,Low Leverage
0x47add9a56df66b524d5e2c1993a43cde53b6ed85,2025-03-30,0.0,0.01968259,3,0,0,0,3,750.2199999999999,250.0733333333333,0.001171235065561563,0.002453298908468873,0.4832064874793998,213512.50357205022,32,Fear,0.5,1.0,Fear,Low Leverage
0x47add9a56df66b524d5e2c1993a43cde53b6ed85,2025-03-31,798.187528,2.41508,16,5,0,5,15,7544.88,471.555,0.0022042371835509934,0.004673674906810379,0.9111664653169007,213884.69582816018,34,Fear,1.0,15.0,Fear,Low Leverage
0x47add9a56df66b524d5e2c1993a43cde53b6ed85,2025-04-01,-680.287463,1.579629,19,6,12,18,6,4701.35,247.43947368421055,0.0011571937051068602,0.0034959598143887534,0.47811718806229675,213755.23168469963,34,Fear,0.3333333333333333,0.46153846153846156,Fear,Low Leverage
0x47add9a56df66b524d5e2c1993a43cde53b6ed85,2025-04-02,93.006465,0.36569,4,3,0,3,3,1623.71,405.9275,0.0018994341172661375,0.003506893795275684,0.7843571276943859,213704.51341066018,44,Fear,1.0,3.0,Neutral,Low Leverage
0x47add9a56df66b524d5e2c1993a43cde53b6ed85,2025-04-03,7.052034,1.78190857,14,2,0,2,12,8893.3,635.2357142857143,0.0029722458965935053,0.004614764434841923,1.227440023812219,213722.3390056309,25,Fear,1.0,6.0,Fear,Low Leverage
0x47add9a56df66b524d5e2c1993a43cde53b6ed85,2025-04-04,0.0,0.43421763,2,0,0,0,2,1749.56,874.78,0.004093037924874778,0.005848386710347668,1.6903016626478742,213723.89006852516,28,Fear,0.5,1.0,Fear,Low Leverage
0x47add9a56df66b524d5e2c1993a43cde53b6ed85,2025-04-05,-132.88134,4.088152,25,10,1,11,4,14666.43,586.6572,0.002744937901037266,0.007248218036578718,1.1335737449008283,213729.36295775019,30,Fear,0.9090909090909091,0.19047619047619047,Fear,Low Leverage
0x47add9a56df66b524d5e2c1993a43cde53b6ed85,2025-04-06,-1400.5515480000001,2.31362,15,4,3,7,6,9920.72,661.3813333333333,0.0031079749575279995,0.006829924212075555,1.2779601355513401,212950.92660157688,34,Fear,0.5714285714285714,0.6666666666666666,Fear,Low Leverage
0x47add9a56df66b524d5e2c1993a43cde53b6ed85,2025-04-07,-5651.552238,8.287402,48,7,20,27,21,27343.420000000002,569.6545833333333,0.002703351900348585,0.011782077934353668,1.1007202832064238,210802.96726035603,23,Extreme Fear,0.25925925925925924,0.7777777777777778,Fear,Low Leverage
0x47add9a56df66b524d5e2c1993a43cde53b6ed85,2025-04-08,-6745.027414,5.6987836099999996,42,11,20,31,15,29440.15,700.9559523809525,0.0034924146329924567,0.012586011075768023,1.3544285554681725,200743.3711493195,24,Extreme Fear,0.3548387096774194,0.5555555555555556,Fear,Low Leverage
0x47add9a56df66b524d5e2c1993a43cde53b6ed85,2025-04-09,-3911.273892,9.128053,56,26,20,46,27,35736.87,638.1583928571429,0.003235271432089625,0.015915498636659784,1.2330873962357667,197464.29684340386,18,Extreme Fear,0.5652173913043478,0.9310344827586207,Fear,Low Leverage
0x47add9a56df66b524d5e2c1993a43cde53b6ed85,2025-04-10,258.032458,2.2793912,21,8,1,9,18,10926.67,520.317619047619,0.002654331419963054,0.007650523291942021,1.0053884823397583,196003.70699393647,39,Fear,0.8888888888888888,6.0,Fear,Low Leverage
0x47add9a56df66b524d5e2c1993a43cde53b6ed85,2025-04-11,608.246567,2.3168819100999998,28,17,2,19,14,10608.06,378.8592857142857,0.0019295786848775125,0.007657043876501551,0.7320543228611116,196364.91265532057,25,Fear,0.8947368421052632,1.0,Fear,Low Leverage
0x47add9a56df66b524d5e2c1993a43cde53b6ed85,2025-04-12,3105.920269,6.1437547,41,24,3,27,26,22557.87,550.1919512195121,0.0027703022256422532,0.017569639669447187,1.063113434145522,198730.42327292557,43,Fear,0.8888888888888888,1.7333333333333334,Neutral,Low Leverage
0x47add9a56df66b524d5e2c1993a43cde53b6ed85,2025-04-13,490.32631200000003,2.2463559159999997,26,10,0,10,18,15647.84,601.84,0.003008362949201932,0.012597763461252418,1.1629108491826479,200063.99793144732,45,Neutral,1.0,2.25,Neutral,Low Leverage
0x47add9a56df66b524d5e2c1993a43cde53b6ed85,2025-04-14,263.769257,0.47633217,7,5,0,5,6,2644.2799999999997,377.7542857142857,0.0018845854487861116,0.0037443345408809917,0.729919176496053,200481.95087871567,31,Fear,1.0,6.0,Fear,Low Leverage
0x47add9a56df66b524d5e2c1993a43cde53b6ed85,2025-04-16,17.022667,1.81605923,11,3,0,3,10,8458.880000000001,768.989090909091,0.0038338465444287197,0.012465102091208564,1.4858862101576553,200577.03322055787,29,Fear,1.0,10.0,Fear,Low Leverage
0x47add9a56df66b524d5e2c1993a43cde53b6ed85,2025-04-17,169.675835,2.73851699,29,15,0,15,7,13239.61,456.538275862069,0.002274721881851275,0.006225462961108439,0.8821502626398056,200690.41189190216,30,Fear,1.0,0.3181818181818182,Fear,Low Leverage
0x47add9a56df66b524d5e2c1993a43cde53b6ed85,2025-04-19,64.128219,0.25204899999999997,2,2,0,2,0,750.15,375.075,0.0018679306574398214,0.002358204139766381,0.7247421021487133,200800.15872098424,32,Fear,1.0,0.0,Fear,Low Leverage
0x47add9a56df66b524d5e2c1993a43cde53b6ed85,2025-04-20,12.652267000000005,1.6668287458,21,11,1,12,15,12197.01,580.8100000000001,0.002892309607798402,0.01618398005208003,1.1222754391761494,200820.83409026425,37,Fear,0.9166666666666666,2.5,Fear,Low Leverage
0x47add9a56df66b524d5e2c1993a43cde53b6ed85,2025-04-21,-2.15033,0.51616288,12,5,3,8,9,2999.74,249.97833333333332,0.001244783994505419,0.0037319534199233267,0.4830229228597795,200820.4153090684,39,Fear,0.625,3.0,Fear,Low Leverage
0x47add9a56df66b524d5e2c1993a43cde53b6ed85,2025-04-22,-282.266207,0.957551,14,1,3,4,2,4813.67,343.8335714285714,0.001712636243373597,0.006223778409901216,0.6643755658106849,200769.90654485842,47,Neutral,0.25,0.16666666666666666,Neutral,Low Leverage
0x47add9a56df66b524d5e2c1993a43cde53b6ed85,2025-04-23,511.720343,3.78354597,45,16,1,17,11,15144.58,336.54622222222224,0.001675303799986632,0.004295727167144146,0.6502945185990572,200905.1259962582,72,Greed,0.9411764705882353,0.3235294117647059,Greed,Low Leverage
0x47add9a56df66b524d5e2c1993a43cde53b6ed85,2025-04-24,350.896638,1.7637399599999999,24,6,2,8,11,9505.03,396.0429166666667,0.0019687858887146074,0.00621788323755141,0.7652575510660741,201171.12751055506,63,Greed,0.75,0.8461538461538461,Greed,Low Leverage
0x47add9a56df66b524d5e2c1993a43cde53b6ed85,2025-04-25,0.0,0.17323044999999998,7,0,0,0,3,2749.86,392.83714285714285,0.0019505904782215011,0.0037240442747792364,0.7590631652772916,201393.94885313555,60,Greed,0.5,0.75,Greed,Low Leverage
0x47add9a56df66b524d5e2c1993a43cde53b6ed85,2025-04-26,147.607393,1.17737927,18,4,0,4,6,5200.49,288.9161111111111,0.0014337716303754072,0.003721208336165432,0.5582608004033803,201509.40235129563,65,Greed,1.0,0.5,Greed,Low Leverage
0x47add9a56df66b524d5e2c1993a43cde53b6ed85,2025-04-27,361.183441,1.35542789,13,9,3,12,5,4819.25,370.71153846153845,0.001837655645051822,0.00579244324930487,0.7163107636483343,201712.12183895608,61,Greed,0.75,0.625,Greed,Low Leverage
0x47add9a56df66b524d5e2c1993a43cde53b6ed85,2025-04-28,146.420556,0.551158,9,8,0,8,5,3247.21,360.80111111111114,0.0017864681202428275,0.0037131084430127035,0.6971612496814188,201954.82568826282,54,Neutral,1.0,1.25,Neutral,Low Leverage
0x47add9a56df66b524d5e2c1993a43cde53b6ed85,2025-04-29,30.495403,0.359619,7,1,0,1,1,2498.8,356.9714285714286,0.0017667468322317627,0.0037117820003966153,0.6897613105375896,202050.23339724695,60,Greed,1.0,0.16666666666666666,Greed,Low Leverage
0x47add9a56df66b524d5e2c1993a43cde53b6ed85,2025-05-01,37.385304,0.703274,7,1,0,1,0,2093.09,299.0128571428572,0.0014795980419435295,0.0036589456243824796,0.5777703303478162,202086.57454181838,53,Neutral,1.0,0.0,Neutral,Low Leverage
0x4acb90e786d897ecffb614dc822eb231b4ffb9f4,2024-12-14,0.0,4.898,1,0,0,0,1,24979.8,24979.8,0.24981023570534483,0.24981023570534483,2.749656289517011,99995.102,83,Extreme Greed,0.5,1.0,Greed,High Leverage
0x4acb90e786d897ecffb614dc822eb231b4ffb9f4,2024-12-19,7440.638159,102.865112,89,36,0,36,53,453044.77999999997,5090.390786516854,0.04993090236695486,0.8142044065683235,0.5603257448916931,101679.76899833707,75,Extreme Greed,1.0,1.4722222222222223,Greed,High Leverage
0x4acb90e786d897ecffb614dc822eb231b4ffb9f4,2024-12-20,53635.529649000004,621.675856,238,99,9,108,129,2291660.29,9628.82474789916,0.08503703435675827,1.4513181207266794,1.0598947360954842,115179.8503784874,74,Greed,0.9166666666666666,1.18348623853211,Greed,High Leverage
0x4acb90e786d897ecffb614dc822eb231b4ffb9f4,2024-12-27,357.346725,45.300667000000004,18,9,0,9,9,129430.5,7190.583333333333,0.04482037085756009,0.15565410776768554,0.7915048434253356,160436.0596126111,74,Greed,1.0,1.0,Greed,High Leverage
0x4acb90e786d897ecffb614dc822eb231b4ffb9f4,2024-12-30,2227.1865900000003,56.166067999999996,38,25,0,25,13,248389.74,6536.572105263158,0.040538199343019166,0.2177511741901621,0.7195144317055499,161430.57279834212,65,Greed,1.0,0.52,Greed,High Leverage
0x4acb90e786d897ecffb614dc822eb231b4ffb9f4,2025-01-08,0.0,245.199569,139,0,0,0,139,700570.35,5040.074460431654,0.030976752712609825,0.1846031369883508,0.5547871656202193,162708.8112504892,70,Greed,0.5,1.0,Greed,High Leverage
0x4acb90e786d897ecffb614dc822eb231b4ffb9f4,2025-01-09,35352.95374,205.338573,96,56,0,56,40,744503.38,7755.243541666667,0.042124050439287054,0.7693550947720842,0.8536599244621628,185784.58259103124,69,Greed,1.0,0.7142857142857143,Greed,High Leverage
0x4acb90e786d897ecffb614dc822eb231b4ffb9f4,2025-01-10,2812.7685,39.650688,27,27,0,27,0,113287.72,4195.841481481481,0.02105663311686126,0.1045655846068263,0.46185805808581054,199486.95561711106,50,Neutral,1.0,0.0,Neutral,High Leverage
0x4acb90e786d897ecffb614dc822eb231b4ffb9f4,2025-01-12,927.412681,32.376978,390,390,0,390,0,323771.05,830.1821794871795,0.0041311727660307065,0.050060808908885715,0.09138246308104402,200953.39523342557,62,Greed,1.0,0.0,Greed,High Leverage
0x4acb90e786d897ecffb614dc822eb231b4ffb9f4,2025-01-13,0.0,15.743859,23,0,0,0,23,157438.69,6845.160434782609,0.033989345178878236,0.19765415122466137,0.7534823514300754,201392.14689295643,61,Greed,0.5,1.0,Greed,High Leverage
0x4acb90e786d897ecffb614dc822eb231b4ffb9f4,2025-01-16,13963.520000000002,17.14022,4,4,0,4,0,171402.19999999998,42850.549999999996,0.20168121729237432,0.6013709013380873,4.716782532957156,209464.6402609999,75,Extreme Greed,1.0,0.0,Greed,High Leverage
0x4acb90e786d897ecffb614dc822eb231b4ffb9f4,2025-01-19,1519.769822,41.12595,30,20,0,20,10,117502.78,3916.7593333333334,0.01815571077154964,0.06291521872321787,0.43113803695083447,215765.6776803332,77,Extreme Greed,1.0,0.5,Greed,High Leverage
0x4acb90e786d897ecffb614dc822eb231b4ffb9f4,2025-01-20,-2427.873799,39.079508,43,0,36,36,7,111655.81999999999,2596.646976744186,0.012014657332521897,0.1827391416115343,0.28582641539403775,216003.27883283707,76,Extreme Greed,0.0,0.19444444444444445,Greed,High Leverage
0x4acb90e786d897ecffb614dc822eb231b4ffb9f4,2025-02-20,0.0,0.28503619,13,0,0,0,13,19999.92,1538.4553846153844,0.007177555532249786,0.01868813307894007,0.16934577236202872,214342.5205562291,49,Neutral,0.5,1.0,Neutral,High Leverage
0x4acb90e786d897ecffb614dc822eb231b4ffb9f4,2025-02-24,856.4737299999999,84.333708,41,7,0,7,34,240953.5,5876.914634146341,0.027327432448580165,0.14347076772965914,0.6469025086964288,214864.62401124884,49,Neutral,1.0,4.857142857142857,Neutral,High Leverage
0x4acb90e786d897ecffb614dc822eb231b4ffb9f4,2025-02-25,11271.895074,211.517568,215,114,0,114,101,1211478.04,5634.781581395349,0.026092866046249493,0.9256452121873566,0.6202496663439392,218248.74853229357,25,Fear,1.0,0.8859649122807017,Fear,High Leverage
0x4acb90e786d897ecffb614dc822eb231b4ffb9f4,2025-02-26,22137.551238,147.747598,50,50,0,50,0,422136.07999999996,8442.721599999999,0.03503952549179009,0.8270157314228881,0.9293342039600446,239820.69092250985,21,Extreme Fear,1.0,0.0,Fear,High Leverage
0x4acb90e786d897ecffb614dc822eb231b4ffb9f4,2025-02-27,503.31943,35.188087,12,4,0,4,8,100537.42,8378.118333333334,0.033739525037493494,0.10062249996320939,0.9222229869561717,248262.5691343099,10,Extreme Fear,1.0,2.0,Fear,High Leverage
0x4acb90e786d897ecffb614dc822eb231b4ffb9f4,2025-02-28,22299.186494999998,387.823865,89,72,0,72,17,1322353.09,14857.899887640451,0.05777222497421055,0.5607819600708956,1.6354861878423628,260385.9098216639,16,Extreme Fear,1.0,0.2361111111111111,Fear,High Leverage
0x4acb90e786d897ecffb614dc822eb231b4ffb9f4,2025-03-03,0.0,69.97769100000001,19,0,0,0,19,199936.29,10522.962631578948,0.03890121632032245,0.18482700611874361,1.1583171356165194,270516.1142861258,33,Fear,0.5,1.0,Fear,High Leverage
0x4acb90e786d897ecffb614dc822eb231b4ffb9f4,2025-03-04,0.0,126.050573,155,0,0,0,155,860142.55,5549.306774193548,0.020521491052297676,0.6660987291013363,0.6108410105013109,270398.8252123648,15,Extreme Fear,0.5,1.0,Fear,High Leverage
0x4acb90e786d897ecffb614dc822eb231b4ffb9f4,2025-03-06,5109.859504,50.848044,15,5,0,5,10,145280.13,9685.342,0.03519969030751558,0.13140786270872803,1.0661158834907913,275074.99354014336,25,Fear,1.0,2.0,Fear,High Leverage
0x4acb90e786d897ecffb614dc822eb231b4ffb9f4,2025-03-07,0.0,35.027224,57,0,0,0,57,100077.85,1755.7517543859651,0.0063755335062561135,0.03167773564442988,0.19326471205845905,275388.98997610825,34,Fear,0.5,1.0,Fear,High Leverage
0x4acb90e786d897ecffb614dc822eb231b4ffb9f4,2025-03-10,0.08712,173.070731,114,1,0,1,113,637344.88,5590.744561403509,0.020308120778460316,0.37774932199476713,0.6154022828984292,275251.5138142398,20,Extreme Fear,1.0,113.0,Fear,High Leverage
0x4acb90e786d897ecffb614dc822eb231b4ffb9f4,2025-03-11,0.0,44.565215,84,0,0,0,84,270186.14,3216.501666666667,0.011688665668090122,0.3636107133208986,0.354057039607681,275178.44568441715,24,Extreme Fear,0.5,1.0,Fear,High Leverage
0x4acb90e786d897ecffb614dc822eb231b4ffb9f4,2025-03-13,0.0,6.524486,15,0,0,0,15,65244.9,4349.66,0.01580829405126531,0.0935350709410705,0.4787896610965886,275152.20752441004,45,Neutral,0.5,1.0,Neutral,High Leverage
0x4acb90e786d897ecffb614dc822eb231b4ffb9f4,2025-03-20,4839.59228,113.748428,195,151,0,151,44,630536.58,3233.520923076923,0.011652350006901421,0.43422049438062443,0.3559304375304571,277325.121915651,49,Neutral,1.0,0.2913907284768212,Neutral,High Leverage
0x4acb90e786d897ecffb614dc822eb231b4ffb9f4,2025-03-21,0.0,2.499981,17,0,0,0,17,24999.850000000002,1470.579411764706,0.005254463990180573,0.03131549349789827,0.16187431159549118,279872.5743063395,31,Fear,0.5,1.0,Fear,High Leverage
0x4acb90e786d897ecffb614dc822eb231b4ffb9f4,2025-03-22,4350.379248,16.261935,53,53,0,53,0,69357.39,1308.6299999999999,0.00463540287813386,0.05569755016092114,0.14404769894677485,282719.6404224894,32,Fear,1.0,0.0,Fear,High Leverage
0x4acb90e786d897ecffb614dc822eb231b4ffb9f4,2025-03-23,2897.148962,81.045329,76,26,0,26,50,302986.27,3986.6614473684212,0.013956408996149194,0.23694872141436682,0.43883252559794594,285746.50872517854,30,Fear,1.0,1.9230769230769231,Fear,High Leverage
0x4acb90e786d897ecffb614dc822eb231b4ffb9f4,2025-03-24,48946.705539,175.744309,185,185,0,185,0,1176763.6199999999,6360.884432432432,0.02059700913128118,0.6804382015500072,0.700175577327628,303507.0094881669,45,Neutral,1.0,0.0,Neutral,High Leverage
0x4acb90e786d897ecffb614dc822eb231b4ffb9f4,2025-03-25,30531.101,223.952992,50,50,0,50,0,639865.76,12797.315200000001,0.036389406957628316,0.2206886914472585,1.4086669320255425,353046.4963599501,46,Neutral,1.0,0.0,Neutral,High Leverage
0x4acb90e786d897ecffb614dc822eb231b4ffb9f4,2025-03-26,9261.449882,121.230248,140,85,0,85,55,689410.45,4924.360357142857,0.013398048260071845,0.21874213334087253,0.542049913444707,367837.0460436887,47,Neutral,1.0,0.6470588235294118,Neutral,High Leverage
0x4acb90e786d897ecffb614dc822eb231b4ffb9f4,2025-03-29,314.6728,122.619356,23,3,0,3,20,350341.06,15232.22,0.04057211575548278,0.2663364923923948,1.6766895462056066,375444.98383024486,26,Fear,1.0,6.666666666666667,Fear,High Leverage
0x4acb90e786d897ecffb614dc822eb231b4ffb9f4,2025-03-30,5362.529222,38.937127000000004,21,21,0,21,0,255386.44,12161.259047619047,0.03216803083303435,0.5342891472114112,1.3386529287156572,378546.18858133396,32,Fear,1.0,0.0,Fear,High Leverage
0x4acb90e786d897ecffb614dc822eb231b4ffb9f4,2025-03-31,4750.8109939999995,105.667381,47,26,0,26,21,444763.7,9463.05744680851,0.024767298374648753,0.2626416922346598,1.0416478685448967,381975.95516102284,34,Fear,1.0,0.8076923076923077,Fear,High Leverage
0x4acb90e786d897ecffb614dc822eb231b4ffb9f4,2025-04-02,444.205198,184.853869,16,10,0,10,10,599582.17,37473.885625,0.09721485440055551,0.6028994605197382,4.124945167752439,385469.0701413726,44,Fear,1.0,1.6666666666666667,Neutral,High Leverage
0x4acb90e786d897ecffb614dc822eb231b4ffb9f4,2025-04-03,0.0,74.999717,60,0,0,0,60,999996.66,16666.611,0.04322111590139169,0.6178572590046778,1.8345804114157602,385622.2890434601,25,Fear,0.5,1.0,Fear,High Leverage
0x4acb90e786d897ecffb614dc822eb231b4ffb9f4,2025-04-04,0.0,126.439802,51,0,0,0,51,421466.09,8264.040980392158,0.021436282386956558,0.19453654187497949,0.90966590038998,385531.3743460062,28,Fear,0.5,1.0,Fear,High Leverage
0x4acb90e786d897ecffb614dc822eb231b4ffb9f4,2025-04-05,31134.240601999998,127.578406,102,102,0,102,0,527928.11,5175.765784313725,0.012928548754828465,0.12822487242902456,0.5697234141948767,399204.00413574127,30,Fear,1.0,0.0,Fear,High Leverage
0x4acb90e786d897ecffb614dc822eb231b4ffb9f4,2025-04-06,0.0,107.712409,103,0,0,0,103,567374.57,5508.490970873786,0.0132286373929435,0.32790229821840633,0.6063482031005363,416403.61103150854,34,Fear,0.5,1.0,Fear,High Leverage
0x4acb90e786d897ecffb614dc822eb231b4ffb9f4,2025-04-07,13642.628143,164.470105,189,40,0,40,149,1470763.94,7781.819788359788,0.018630004959696,0.37661882149532544,0.8565853099284795,417647.67772942863,23,Extreme Fear,1.0,3.725,Fear,High Leverage
0x4acb90e786d897ecffb614dc822eb231b4ffb9f4,2025-04-08,221.0,47.047498,3,1,0,1,1,156825.0,52275.0,0.12159461690218361,0.18209354184301876,5.754180679369,429879.05935580964,24,Extreme Fear,1.0,0.5,Fear,High Leverage
0x4acb90e786d897ecffb614dc822eb231b4ffb9f4,2025-04-09,107892.62706,834.927894,290,137,6,143,147,5201395.47,17935.84644827586,0.04000535237270685,1.4042752310054756,1.9742917475045065,447930.4127046066,18,Extreme Fear,0.958041958041958,1.027972027972028,Fear,High Leverage
0x4acb90e786d897ecffb614dc822eb231b4ffb9f4,2025-04-10,84856.33534,1584.415224,222,80,0,80,142,5798272.0200000005,26118.342432432433,0.042870880833143436,0.8113407328077633,2.874981566749809,605883.2679604049,39,Fear,1.0,1.775,Fear,High Leverage
0x4acb90e786d897ecffb614dc822eb231b4ffb9f4,2025-04-11,122461.112004,90.243471,74,74,0,74,0,1804870.08,24390.13621621622,0.03582972600297527,0.4023907062829453,2.6847489351033857,685631.5581590671,25,Fear,1.0,0.0,Fear,High Leverage
0x4acb90e786d897ecffb614dc822eb231b4ffb9f4,2025-04-12,0.0,175.727839,68,0,0,0,0,1147722.14,16878.26676470588,0.022727329667682324,0.5450201429622223,1.8578784604248018,742631.9683598984,43,Fear,0.5,0.0,Neutral,High Leverage
0x4acb90e786d897ecffb614dc822eb231b4ffb9f4,2025-04-14,21531.8321,210.146766,76,56,0,56,53,2046340.19,26925.528815789472,0.035653280371012654,0.5540597012245125,2.9638327631489063,756383.9616579945,31,Fear,1.0,2.3043478260869565,Fear,High Leverage
0x4acb90e786d897ecffb614dc822eb231b4ffb9f4,2025-04-15,0.0,8.552978,51,0,0,0,0,171059.99000000002,3354.1174509803927,0.004391061204042239,0.06546130364281347,0.36920512353449597,763849.7659231633,38,Fear,0.5,0.0,Fear,High Leverage
0x4acb90e786d897ecffb614dc822eb231b4ffb9f4,2025-04-16,3088.0,8.3222,1,1,0,1,1,166444.0,166444.0,0.2170270816142034,0.2170270816142034,18.321355313187834,766927.3288938104,29,Fear,1.0,1.0,Fear,High Leverage
0x4acb90e786d897ecffb614dc822eb231b4ffb9f4,2025-04-17,-110.0,50.892595,6,0,6,6,6,169642.0,28273.666666666668,0.036870979698236335,0.06083267581200965,3.1122292963797737,766812.2955146437,30,Fear,0.0,1.0,Fear,High Leverage
0x4acb90e786d897ecffb614dc822eb231b4ffb9f4,2025-04-21,-681.29819,122.85279600000001,23,0,22,22,1,702502.7,30543.59565217391,0.039847381382492705,0.45854910239287155,3.3620921660487446,766504.7192292452,39,Fear,0.0,0.045454545454545456,Fear,High Leverage
0x4acb90e786d897ecffb614dc822eb231b4ffb9f4,2025-04-22,132.0,27.387897000000002,6,1,0,1,1,91292.99,15215.498333333335,0.019863322583862034,0.05949937290562699,1.6748489055310933,765973.0032581437,47,Neutral,1.0,0.2,Neutral,High Leverage
0x4acb90e786d897ecffb614dc822eb231b4ffb9f4,2025-04-23,2875.230157,122.91815,121,30,36,66,66,811877.66,6709.732727272728,0.00875930457387596,0.12281527512095938,0.7385751204782898,766027.6562292567,72,Greed,0.45454545454545453,1.2,Greed,High Leverage
0x4acb90e786d897ecffb614dc822eb231b4ffb9f4,2025-04-24,459.24741,7.062931,23,22,0,22,22,101376.46,4407.6721739130435,0.005729794482505701,0.12141358789681131,0.4851753622979014,769062.2359406799,63,Greed,1.0,22.0,Greed,High Leverage
0x4acb90e786d897ecffb614dc822eb231b4ffb9f4,2025-04-25,0.0,9.471399,3,0,0,0,0,189428.0,63142.666666666664,0.08208184102218452,0.12192650414698564,6.950441177946826,769263.9205038104,60,Greed,0.5,0.0,Greed,High Leverage
0x4acb90e786d897ecffb614dc822eb231b4ffb9f4,2025-04-26,47.876234,14.13899,41,41,0,41,41,282780.0,6897.073170731707,0.008965605448699215,0.11486003531130484,0.759196655824365,769275.1786872739,65,Greed,1.0,1.0,Greed,High Leverage
0x4acb90e786d897ecffb614dc822eb231b4ffb9f4,2025-04-30,510.0,84.601498,5,4,0,4,4,376290.0,75258.0,0.09781011077192596,0.24490533857761035,8.284038824829311,769459.4364218108,56,Greed,1.0,4.0,Neutral,High Leverage
0x4f93fead39b70a1824f981a54d4e55b278e9f760,2024-03-13,0.0,2.100278,7,0,0,0,7,6000.799999999999,857.2571428571428,0.008572694845407071,0.029997630033624115,0.05013735914250666,99999.41371342857,81,Extreme Greed,0.5,1.0,Greed,High Leverage
0x4f93fead39b70a1824f981a54d4e55b278e9f760,2024-03-14,65.480454,2.123198,1,1,0,1,0,6066.28,6066.28,0.060625662551228636,0.060625662551228636,0.35479116336705724,100061.256978,88,Extreme Greed,1.0,0.0,Greed,High Leverage
0x4f93fead39b70a1824f981a54d4e55b278e9f760,2024-03-15,338.42832,9.218929,8,1,0,1,7,26339.81,3292.47625,0.03283765548475834,0.10301310709471706,0.19256306650795973,100184.11506825,83,Extreme Greed,1.0,7.0,Greed,High Leverage
0x4f93fead39b70a1824f981a54d4e55b278e9f760,2024-03-16,228.57984,9.528281,6,1,0,1,5,27223.66,4537.276666666667,0.045096136883498374,0.06185125933521625,0.2653661992332814,100613.6595425,81,Extreme Greed,1.0,5.0,Greed,High Leverage
0x4f93fead39b70a1824f981a54d4e55b278e9f760,2024-03-17,429.683075,30.472167,14,4,0,4,10,87063.35,6218.810714285714,0.06171707302657443,0.17955400668662413,0.36371204231933724,100669.73026364286,79,Extreme Greed,1.0,2.5,Greed,High Leverage
0x4f93fead39b70a1824f981a54d4e55b278e9f760,2024-03-18,0.0,11.900658,12,0,0,0,12,34001.9,2833.491666666667,0.0280537957865145,0.05939280079912164,0.16571899167323775,101002.98760375,77,Extreme Greed,0.5,1.0,Greed,High Leverage
0x4f93fead39b70a1824f981a54d4e55b278e9f760,2024-03-19,0.0,3.1736280000000003,4,0,0,0,4,9067.51,2266.8775,0.022445560853192104,0.05940780012524065,0.1325801158923766,100994.51805374998,79,Extreme Greed,0.5,1.0,Greed,High Leverage
0x4f93fead39b70a1824f981a54d4e55b278e9f760,2024-03-21,0.0,3.410463,1,0,0,0,1,9744.18,9744.18,0.09648634962804613,0.09648634962804613,0.5698960414385772,100990.244087,78,Extreme Greed,0.5,1.0,Greed,High Leverage
0x4f93fead39b70a1824f981a54d4e55b278e9f760,2024-03-25,1302.916428,19.990712000000002,7,6,0,6,0,57116.32,8159.4742857142855,0.0801396921161045,0.21150447023364485,0.4772132796857646,101757.82461600001,75,Extreme Greed,1.0,0.0,Greed,High Leverage
0x4f93fead39b70a1824f981a54d4e55b278e9f760,2024-03-26,20.599193,8.395214,7,1,0,1,6,23986.34,3426.62,0.03350199306228344,0.05867174011645222,0.20040856937312915,102282.37602085715,81,Extreme Greed,1.0,6.0,Greed,High Leverage
0x4f93fead39b70a1824f981a54d4e55b278e9f760,2024-03-27,189.192,30.473126,27,12,0,12,12,87066.1,3224.6703703703706,0.03149706592613794,0.1466485729972455,0.18859738623653757,102366.99924281481,83,Extreme Greed,1.0,0.8,Greed,High Leverage
0x4f93fead39b70a1824f981a54d4e55b278e9f760,2024-03-28,0.0,7.00486,3,0,0,0,3,20013.89,6671.296666666666,0.06512495588721214,0.1465097616884514,0.39017603960473934,102438.249916,80,Extreme Greed,0.5,1.0,Greed,High Leverage
0x4f93fead39b70a1824f981a54d4e55b278e9f760,2024-03-29,883.097404,30.42003,15,6,0,6,9,86914.37,5794.291333333333,0.05620104876285717,0.1543364705140893,0.33888369198932305,103203.03414453333,79,Extreme Greed,1.0,1.5,Greed,High Leverage
0x4f93fead39b70a1824f981a54d4e55b278e9f760,2024-03-31,912.786145,13.969522000000001,13,10,0,10,0,39912.96,3070.2276923076925,0.029542363614544466,0.097038346420794,0.17956468457697333,103813.90830146155,75,Extreme Greed,1.0,0.0,Greed,High Leverage
0x4f93fead39b70a1824f981a54d4e55b278e9f760,2024-04-01,0.840939,47.246296,29,2,0,2,25,134989.44,4654.808275862069,0.04468727400718831,0.18003704942969675,0.2722401279604155,104168.29346155172,79,Extreme Greed,1.0,6.25,Greed,High Leverage
0x4f93fead39b70a1824f981a54d4e55b278e9f760,2024-04-02,883.760812,78.632589,37,12,0,12,6,224664.62,6072.016756756757,0.058053628785717695,0.7667795149706117,0.3551266821040235,104725.86112651351,79,Extreme Greed,1.0,0.1935483870967742,Greed,High Leverage
0x4f93fead39b70a1824f981a54d4e55b278e9f760,2024-04-04,0.0,33.595685,32,0,0,0,0,95987.73,2999.6165625,0.02858710114572192,0.11912997460540428,0.1754349370395808,104927.3389689375,70,Greed,0.5,0.0,Greed,High Leverage
0x4f93fead39b70a1824f981a54d4e55b278e9f760,2024-04-05,4444.498301,60.38604,10,7,0,7,10,172531.57,17253.157,0.15972987793601764,0.7321455799288997,1.0090644750628865,106768.16982859999,79,Extreme Greed,1.0,1.0,Greed,High Leverage
0x4f93fead39b70a1824f981a54d4e55b278e9f760,2024-04-06,236.33513399999998,23.878277,16,4,0,4,0,68223.67,4263.979375,0.0389382624745433,0.11419852103107274,0.24938219189179986,109501.0939449375,75,Extreme Greed,1.0,0.0,Greed,High Leverage
0x4f93fead39b70a1824f981a54d4e55b278e9f760,2024-04-07,0.0,17.495845,23,0,0,0,0,49988.14,2173.397391304348,0.01984829024995234,0.09261946567912811,0.12711285811400017,109500.59544413043,78,Extreme Greed,0.5,0.0,Greed,High Leverage
0x4f93fead39b70a1824f981a54d4e55b278e9f760,2024-04-08,0.0,57.10822,28,0,0,0,0,163166.37,5827.370357142857,0.05323656589405087,0.20555129173281755,0.3408183447485804,109464.34402810714,76,Extreme Greed,0.5,0.0,Greed,High Leverage
0x4f93fead39b70a1824f981a54d4e55b278e9f760,2024-04-09,0.0,19.972341,3,0,0,0,0,57063.840000000004,19021.280000000002,0.17383588114672333,0.33613100709754745,1.112474541223046,109425.47138,80,Extreme Greed,0.5,0.0,Greed,High Leverage
0x4f93fead39b70a1824f981a54d4e55b278e9f760,2024-04-10,5207.443414,123.107562,41,36,0,36,40,351735.97,8578.926097560974,0.07649072558816142,0.6345174894867195,0.5017452492456113,112414.40360804879,78,Extreme Greed,1.0,40.0,Greed,High Leverage
0x4f93fead39b70a1824f981a54d4e55b278e9f760,2024-04-11,389.743164,26.740329,16,2,0,2,14,76400.96,4775.06,0.04160009574610204,0.13732373511207713,0.27927314475222054,114721.06500837501,76,Extreme Greed,1.0,7.0,Greed,High Leverage
0x4f93fead39b70a1824f981a54d4e55b278e9f760,2024-04-12,0.0,52.468165,21,0,0,0,21,149909.08000000002,7138.52761904762,0.06216411027072284,0.30455374807515495,0.417502409827732,114843.28335409526,79,Extreme Greed,0.5,1.0,Greed,High Leverage
0x4f93fead39b70a1824f981a54d4e55b278e9f760,2024-04-13,0.0,54.666038,18,0,0,0,18,156188.7,8677.150000000001,0.07559847834083035,0.348154866807399,0.507489951537097,114780.38543555555,72,Greed,0.5,1.0,Greed,High Leverage
0x4f93fead39b70a1824f981a54d4e55b278e9f760,2024-04-14,-36565.985440000004,206.06805699999998,64,3,38,41,23,588765.94,9199.4678125,0.11046178711293085,1.9561376722024582,0.5380381201584286,86348.96585896876,72,Greed,0.07317073170731707,0.5609756097560976,Greed,High Leverage
0x4f93fead39b70a1824f981a54d4e55b278e9f760,2024-04-15,0.0,17.504880999999997,3,0,0,0,3,50013.95,16671.316666666666,0.21382556973588984,0.6206369252194621,0.9750350849329866,77972.342976,74,Greed,0.5,1.0,Greed,High Leverage
0x4f93fead39b70a1824f981a54d4e55b278e9f760,2024-04-19,1946.4454620000001,118.04026,35,27,0,27,5,337257.92000000004,9635.940571428573,0.1221091457127681,1.2723341557356658,0.5635655732133975,78913.82841191429,66,Greed,1.0,0.16666666666666666,Greed,High Leverage
0x4f93fead39b70a1824f981a54d4e55b278e9f760,2024-04-20,0.0,4.199857,2,0,0,0,0,11999.59,5999.795,0.07519349749050395,0.10764709826485615,0.3509027357810476,79791.149929,66,Greed,0.5,0.0,Greed,High Leverage
0x4f93fead39b70a1824f981a54d4e55b278e9f760,2024-04-22,0.0,16.797764,9,0,0,0,0,47993.61,5332.623333333333,0.06684135596623186,0.17980126825617027,0.3118826754174961,79782.406331,73,Greed,0.5,0.0,Greed,High Leverage
0x4f93fead39b70a1824f981a54d4e55b278e9f760,2024-04-23,759.2148159999999,67.430431,54,31,0,31,35,192658.47,3567.7494444444446,0.04464075503618153,0.2820596997055648,0.20866263607954408,79904.248386,71,Greed,1.0,1.8421052631578947,Greed,High Leverage
0x4f93fead39b70a1824f981a54d4e55b278e9f760,2024-04-24,279.185907,49.446316,20,6,1,7,13,141275.24,7063.762,0.08754845836873346,0.24593960355250685,0.4131296837152276,80694.3826271,72,Greed,0.8571428571428571,1.8571428571428572,Greed,High Leverage
0x4f93fead39b70a1824f981a54d4e55b278e9f760,2024-04-25,0.0,24.142692,6,0,0,0,6,68979.14,11496.523333333333,0.14249637361071008,0.3063069941196946,0.6723832213662825,80678.41639633333,72,Greed,0.5,1.0,Greed,High Leverage
0x4f93fead39b70a1824f981a54d4e55b278e9f760,2024-04-27,4281.488139,53.99255,27,19,0,19,0,154264.47,5713.498888888889,0.06867461429834838,0.2712701841699121,0.3341584822469912,83643.09914074074,67,Greed,1.0,0.0,Greed,High Leverage
0x4f93fead39b70a1824f981a54d4e55b278e9f760,2024-04-28,0.0,9.449794,8,0,0,0,0,26999.41,3374.92625,0.03975511883259295,0.11240072072202713,0.19738521969238476,84895.06693237499,65,Greed,0.5,0.0,Greed,High Leverage
0x4f93fead39b70a1824f981a54d4e55b278e9f760,2024-04-29,526.9338359999999,36.566301,31,17,0,17,24,104475.19,3370.167419354839,0.039555354338209885,0.22697959336472603,0.19710689573423193,85208.80651854839,67,Greed,1.0,3.4285714285714284,Greed,High Leverage
0x4f93fead39b70a1824f981a54d4e55b278e9f760,2024-04-30,0.0,43.75655,24,0,0,0,24,125018.75,5209.114583333333,0.0610283782672059,0.208162074455373,0.3046591689030406,85355.72770283335,67,Greed,0.5,1.0,Greed,High Leverage
0x4f93fead39b70a1824f981a54d4e55b278e9f760,2024-05-01,0.0,30.458908,14,0,0,0,14,87025.45,6216.103571428571,0.07285803057296666,0.26372095119825684,0.3635537129372964,85319.54524685715,54,Neutral,0.5,1.0,Neutral,High Leverage
0x4f93fead39b70a1824f981a54d4e55b278e9f760,2024-05-03,5319.8616250000005,97.080639,23,16,0,16,0,277373.29,12059.708260869564,0.13631816509384945,0.6118351964559609,0.7053215353958643,88746.88571186956,48,Neutral,1.0,0.0,Neutral,High Leverage
0x4f93fead39b70a1824f981a54d4e55b278e9f760,2024-05-04,0.0,18.899767,6,0,0,0,0,53999.340000000004,8999.890000000001,0.09942831529171126,0.19876228356249562,0.5263656546146147,90515.426346,67,Greed,0.5,0.0,Greed,High Leverage
0x4f93fead39b70a1824f981a54d4e55b278e9f760,2024-05-05,0.0,8.395113,4,0,0,0,0,23986.050000000003,5996.512500000001,0.06625763810233697,0.14883758731753793,0.35071075618337777,90502.109302,69,Greed,0.5,0.0,Greed,High Leverage
0x4f93fead39b70a1824f981a54d4e55b278e9f760,2024-05-06,968.59038,72.105746,9,4,0,4,8,206016.43,22890.714444444442,0.2510895612351408,1.0955867755955515,1.3387814621230056,91139.9085028889,71,Greed,1.0,8.0,Greed,High Leverage
0x4f93fead39b70a1824f981a54d4e55b278e9f760,2024-05-07,656.21704,34.615441,10,7,0,7,4,98901.26000000001,9890.126,0.10796028544872045,0.22268000637225052,0.5784318081899913,91622.1691559,68,Greed,1.0,0.6666666666666666,Greed,High Leverage
0x4f93fead39b70a1824f981a54d4e55b278e9f760,2024-05-08,0.0,23.04196,10,0,0,0,10,65834.19,6583.419,0.0715548474809219,0.1793592304257456,0.38503644506069434,92005.32505890001,64,Greed,0.5,1.0,Greed,High Leverage
0x4f93fead39b70a1824f981a54d4e55b278e9f760,2024-05-09,1147.595856,75.946694,25,11,0,11,9,216990.58,8679.6232,0.09378610109468553,0.39342459103101246,0.5076345985868935,92429.85313356001,55,Greed,1.0,0.5625,Neutral,High Leverage
0x4f93fead39b70a1824f981a54d4e55b278e9f760,2024-05-10,2101.7416949999997,54.90869,22,6,0,6,16,156882.0,7131.0,0.07553021388674817,0.2577608673658968,0.417062151099271,94245.61143504546,66,Greed,1.0,2.6666666666666665,Greed,High Leverage
0x4f93fead39b70a1824f981a54d4e55b278e9f760,2024-05-11,251.604742,22.137125,9,9,0,9,0,63248.95,7027.661111111111,0.07377079142596121,0.29738092834297114,0.41101829479689983,95277.43842611111,53,Neutral,1.0,0.0,Neutral,High Leverage
0x4f93fead39b70a1824f981a54d4e55b278e9f760,2024-05-12,0.0,15.751622000000001,10,0,0,0,10,45004.64,4500.464,0.047207157613513205,0.1528453864786964,0.26321318143105166,95337.7848065,56,Greed,0.5,1.0,Neutral,High Leverage
0x4f93fead39b70a1824f981a54d4e55b278e9f760,2024-05-13,2136.853859,65.850416,25,10,0,10,5,188144.09,7525.7636,0.07786500708385517,0.5173582282984228,0.440150211145785,96649.85656628001,57,Greed,1.0,0.25,Neutral,High Leverage
0x4f93fead39b70a1824f981a54d4e55b278e9f760,2024-05-14,1150.5233050000002,51.048685,23,4,0,4,23,145853.4,6341.452173913043,0.06450535763240695,0.4334242780873095,0.37088482467330275,98318.20348326086,66,Greed,1.0,1.0,Greed,High Leverage
0x4f93fead39b70a1824f981a54d4e55b278e9f760,2024-05-15,948.970582,82.222887,36,17,0,17,11,234922.57,6525.626944444444,0.06598710265973397,0.22452005386526325,0.38165643117674414,98881.0417833889,64,Greed,1.0,0.44,Greed,High Leverage
0x4f93fead39b70a1824f981a54d4e55b278e9f760,2024-05-16,214.5898,55.573295,24,5,0,5,14,158780.89,6615.870416666668,0.06652982869229514,0.22527349728677767,0.38693439172192257,99435.52826929167,70,Greed,1.0,1.4,Greed,High Leverage
0x4f93fead39b70a1824f981a54d4e55b278e9f760,2024-05-18,3522.3946610000003,44.206092,25,16,0,16,7,126303.14,5052.1256,0.04945414803145298,0.155068191907112,0.2954775445743507,102525.79231292,73,Greed,1.0,0.3888888888888889,Greed,High Leverage
0x4f93fead39b70a1824f981a54d4e55b278e9f760,2024-05-19,0.0,10.499327000000001,8,0,0,0,8,29998.09,3749.76125,0.03640680249320824,0.08072717794043818,0.21930773987290578,102994.95186550001,72,Greed,0.5,1.0,Greed,High Leverage
0x4f93fead39b70a1824f981a54d4e55b278e9f760,2024-05-20,0.0,11.55119,7,0,0,0,7,33003.4,4714.771428571429,0.04578131249872668,0.1403207786749174,0.2757471201712779,102984.04497885716,70,Greed,0.5,1.0,Greed,High Leverage
0x4f93fead39b70a1824f981a54d4e55b278e9f760,2024-05-21,6017.309216,168.74476099999998,53,7,0,7,11,482127.94,9096.75358490566,0.083720202534722,0.5510578689376711,0.5320307976638282,108726.68257913207,76,Extreme Greed,1.0,0.2619047619047619,Greed,High Leverage
0x4f93fead39b70a1824f981a54d4e55b278e9f760,2024-05-22,0.0,15.748349000000001,6,0,0,0,0,44995.29,7499.215,0.06891462074851867,0.17155078422721043,0.43859749536613646,108821.60700999999,76,Extreme Greed,0.5,0.0,Greed,High Leverage
0x4f93fead39b70a1824f981a54d4e55b278e9f760,2024-06-07,7329.223137999999,275.090432,52,30,0,30,39,785972.7000000001,15114.859615384617,0.13533267775231342,0.895693506455462,0.8840044684834957,111738.14062032691,77,Extreme Greed,1.0,3.0,Greed,High Leverage
0x4f93fead39b70a1824f981a54d4e55b278e9f760,2024-06-08,0.0,15.750927,7,0,0,0,7,45002.65,6428.95,0.05549028381945024,0.15536050937813356,0.37600220394189565,115861.89731499998,72,Greed,0.5,1.0,Greed,High Leverage
0x4f93fead39b70a1824f981a54d4e55b278e9f760,2024-06-09,0.0,7.349984999999999,5,0,0,0,5,20999.96,4199.992,0.036254608476649616,0.05875098670190083,0.24563983987094784,115846.7980116,75,Extreme Greed,0.5,1.0,Greed,High Leverage
0x4f93fead39b70a1824f981a54d4e55b278e9f760,2024-06-10,0.0,8.400105,4,0,0,0,4,24000.3,6000.075,0.05179678657205722,0.07464065021906574,0.35091911180156476,115839.40372549999,72,Greed,0.5,1.0,Greed,High Leverage
0x4f93fead39b70a1824f981a54d4e55b278e9f760,2024-06-11,0.0,96.60119399999999,21,0,0,0,21,276003.46,13143.021904761907,0.11351359463626438,0.26989614004044865,0.7686799870347549,115784.64292152379,74,Greed,0.5,1.0,Greed,High Leverage
0x4f93fead39b70a1824f981a54d4e55b278e9f760,2024-06-14,0.0,34.296119,16,0,0,0,16,97988.95999999999,6124.3099999999995,0.05292360208288375,0.2207503544655427,0.35818509361923656,115720.20019418749,74,Greed,0.5,1.0,Greed,High Leverage
0x4f93fead39b70a1824f981a54d4e55b278e9f760,2024-06-15,2084.4339059999998,207.234159,38,29,0,29,9,592097.63,15581.516578947369,0.133292121562189,0.8568889639039132,0.9112972685184044,117034.4667406579,74,Greed,1.0,0.3103448275862069,Greed,High Leverage
0x4f93fead39b70a1824f981a54d4e55b278e9f760,2024-06-17,1268.759036,88.37205,14,4,1,5,8,252491.58,18035.112857142856,0.1518585480178482,0.7687019577376124,1.0547977792060184,118804.54593092855,71,Greed,0.8,1.3333333333333333,Greed,High Leverage
0x4f93fead39b70a1824f981a54d4e55b278e9f760,2024-06-18,0.0,22.049377,7,0,0,0,7,62998.22,8999.745714285715,0.07578842515949673,0.25222189054327504,0.5263572159509808,118750.57590242855,74,Greed,0.5,1.0,Greed,High Leverage
0x4f93fead39b70a1824f981a54d4e55b278e9f760,2024-06-19,2053.973644,66.52153,17,17,0,17,0,190061.52,11180.089411764706,0.09316975575691488,0.6407190080588001,0.6538763342522467,119917.29764241175,64,Greed,1.0,0.0,Greed,High Leverage
0x4f93fead39b70a1824f981a54d4e55b278e9f760,2024-06-20,0.0,10.499073000000001,4,0,0,0,0,29997.36,7499.34,0.06212172957045919,0.16566713936559613,0.43860480608958163,120718.97110249999,60,Greed,0.5,0.0,Greed,High Leverage
0x4f93fead39b70a1824f981a54d4e55b278e9f760,2024-06-21,773.5582039999999,25.975694999999998,11,3,0,3,11,74216.28,6746.9345454545455,0.05566900280963871,0.14911957106816992,0.3945997805151107,121335.06060709091,63,Greed,1.0,1.0,Greed,High Leverage
0x4f93fead39b70a1824f981a54d4e55b278e9f760,2024-06-22,0.0,6.300072,3,0,0,0,3,18000.21,6000.07,0.04939967866234268,0.1219340049123054,0.3509188193726269,121459.16214266665,53,Neutral,0.5,1.0,Neutral,High Leverage
0x4f93fead39b70a1824f981a54d4e55b278e9f760,2024-06-24,0.0,88.202567,21,0,0,0,21,252007.37,12000.350952380952,0.0988404834083783,0.2385170932312502,0.7018499764613918,121415.39526314285,51,Neutral,0.5,1.0,Neutral,High Leverage
0x4f93fead39b70a1824f981a54d4e55b278e9f760,2024-06-26,4197.732182,127.46818,31,21,0,21,0,364194.83999999997,11748.22064516129,0.09483771307780832,0.8149555809953595,0.68710393687559,124402.84188832257,46,Neutral,1.0,0.0,Neutral,High Leverage
0x4f93fead39b70a1824f981a54d4e55b278e9f760,2024-06-27,0.0,41.996528,12,0,0,0,0,119990.08,9999.173333333334,0.07972782340282936,0.2392314155986614,0.5848095273614454,125423.34211949998,40,Fear,0.5,0.0,Fear,High Leverage
0x4f93fead39b70a1824f981a54d4e55b278e9f760,2024-06-29,1842.738325,78.235829,17,13,0,13,16,223530.97,13148.880588235294,0.1039104377909849,0.3560069667962738,0.7690226367517682,126326.09407929411,30,Fear,1.0,16.0,Fear,High Leverage
0x4f93fead39b70a1824f981a54d4e55b278e9f760,2024-06-30,0.0,10.499745,3,0,0,0,3,29999.27,9999.756666666666,0.07864206549317147,0.1521226415992177,0.5848436440708562,127155.24419333332,47,Neutral,0.5,1.0,Neutral,High Leverage
0x4f93fead39b70a1824f981a54d4e55b278e9f760,2024-07-01,1202.488212,34.02019,13,9,0,9,2,97200.55,7476.965384615385,0.058305002916163966,0.19488482818080272,0.43729620908743233,128261.94379746153,53,Neutral,1.0,0.18181818181818182,Neutral,High Leverage
0x4f93fead39b70a1824f981a54d4e55b278e9f760,2024-07-03,1118.387284,36.358022,10,4,0,4,10,103880.07999999999,10388.007999999998,0.08033559630259376,0.1904162720321499,0.6075508290725613,129246.12067060001,50,Neutral,1.0,1.0,Neutral,High Leverage
0x4f93fead39b70a1824f981a54d4e55b278e9f760,2024-07-04,0.0,89.257767,14,0,0,0,14,255022.22,18215.87285714286,0.14082275287916018,0.3479855522384334,1.06536967016559,129348.89631200001,44,Fear,0.5,1.0,Neutral,High Leverage
0x4f93fead39b70a1824f981a54d4e55b278e9f760,2024-07-05,0.0,94.604547,20,0,0,0,20,270298.74,13514.937,0.10455375441833425,0.25274720356150815,0.790431734285672,129262.21621465,29,Fear,0.5,1.0,Fear,High Leverage
0x4f93fead39b70a1824f981a54d4e55b278e9f760,2024-07-10,11595.627026,235.170963,43,33,0,33,10,671917.11,15625.97930232558,0.11559284891814853,0.7242689192014107,0.9138977059122972,135134.80682781394,28,Fear,1.0,0.30303030303030304,Fear,High Leverage
0x4f93fead39b70a1824f981a54d4e55b278e9f760,2024-07-11,1876.812082,59.460443,19,9,0,9,10,169887.02,8941.422105263156,0.06307374352741706,0.15846605449617115,0.5229461137438822,141674.86119336842,29,Fear,1.0,1.1111111111111112,Fear,High Leverage
0x4f93fead39b70a1824f981a54d4e55b278e9f760,2024-07-12,0.0,26.602324,10,0,0,0,10,76006.65,7600.664999999999,0.05338224563590795,0.11796530454437922,0.44453087851422524,142384.33521619995,25,Fear,0.5,1.0,Fear,High Leverage
0x4f93fead39b70a1824f981a54d4e55b278e9f760,2024-07-13,2678.839374,48.541495,13,13,0,13,0,138690.01,10668.462307692309,0.0741602087601104,0.20415600993602015,0.623953420132891,143501.9297403846,25,Fear,1.0,0.0,Fear,High Leverage
0x4f93fead39b70a1824f981a54d4e55b278e9f760,2024-07-14,0.0,29.400389,7,0,0,0,0,84001.13,12000.16142857143,0.08276920814073643,0.16557432354656304,0.7018388920121301,144985.36635700002,33,Fear,0.5,0.0,Fear,High Leverage
0x4f93fead39b70a1824f981a54d4e55b278e9f760,2024-07-15,0.0,58.797837,21,0,0,0,0,167993.85,7999.7071428571435,0.05519340846986176,0.1931113914539829,0.4678691725093539,144941.6203215238,52,Neutral,0.5,0.0,Neutral,High Leverage
0x4f93fead39b70a1824f981a54d4e55b278e9f760,2024-07-16,0.0,50.400181,22,0,0,0,0,144000.57,6545.480454545454,0.045176945412294764,0.16457043309894845,0.3828175793508569,144889.71766504546,65,Greed,0.5,0.0,Greed,High Leverage
0x4f93fead39b70a1824f981a54d4e55b278e9f760,2024-07-17,0.0,57.727006,9,0,0,0,0,164934.32,18326.035555555558,0.12653553131688952,0.2071458630986411,1.0718126223421292,144824.76260666666,69,Greed,0.5,0.0,Greed,High Leverage
0x4f93fead39b70a1824f981a54d4e55b278e9f760,2024-07-18,2569.979964,224.82460700000001,53,41,0,41,53,642356.11,12119.926603773585,0.08290627690761489,0.2750651657587952,0.7088434526062393,146331.4082362075,61,Greed,1.0,1.0,Greed,High Leverage
0x4f93fead39b70a1824f981a54d4e55b278e9f760,2024-07-19,2120.091364,51.142944,16,11,0,11,0,146122.7,9132.66875,0.061399838962936715,0.20259024230761177,0.534131324379763,148733.77544562495,60,Greed,1.0,0.0,Greed,High Leverage
0x4f93fead39b70a1824f981a54d4e55b278e9f760,2024-07-20,129.66130099999998,34.957881,9,4,0,4,9,99879.67,11097.74111111111,0.07432981783247082,0.185374765239208,0.6490601290341905,149312.19413422217,74,Greed,1.0,1.0,Greed,High Leverage
0x4f93fead39b70a1824f981a54d4e55b278e9f760,2024-07-21,0.0,15.398312,3,0,0,0,3,43995.18,14665.06,0.0982240989904381,0.1540100166961599,0.8576975837329792,149300.97191799994,74,Greed,0.5,1.0,Greed,High Leverage
0x4f93fead39b70a1824f981a54d4e55b278e9f760,2024-07-22,2273.29301,78.8579,21,13,0,13,10,225308.37,10728.97,0.07117890593623186,0.2002074485120919,0.6274922601710202,150656.71813499994,70,Greed,1.0,0.9090909090909091,Greed,High Leverage
0x4f93fead39b70a1824f981a54d4e55b278e9f760,2024-07-23,0.0,8.398064,2,0,0,0,2,23994.47,11997.235,0.07919724097349348,0.12412062292963963,0.7016677375323883,151487.38350649993,71,Greed,0.5,1.0,Greed,High Leverage
0x4f93fead39b70a1824f981a54d4e55b278e9f760,2024-07-24,0.0,9.803735,21,0,0,0,3,28011.55,1333.8833333333332,0.008805834568422339,0.09500714689292908,0.07801321726482484,151483.25314514278,69,Greed,0.5,0.16666666666666666,Greed,High Leverage
0x4f93fead39b70a1824f981a54d4e55b278e9f760,2024-07-25,0.0,181.783127,65,0,0,0,65,519380.44,7990.4683076923075,0.05278391642768399,0.1982879995145638,0.46732883195859,151375.47704386147,68,Greed,0.5,1.0,Greed,High Leverage
0x4f93fead39b70a1824f981a54d4e55b278e9f760,2024-07-26,0.0,52.503374,10,0,0,0,10,150009.65,15000.965,0.09917275976933866,0.3174303103995694,0.8773432522037407,151260.81634249992,68,Greed,0.5,1.0,Greed,High Leverage
0x4f93fead39b70a1824f981a54d4e55b278e9f760,2024-07-27,6400.623656,315.264931,52,42,0,42,9,900756.99,17322.249807692308,0.11189984030859969,0.6404954277480743,1.013105422335589,154689.02567217304,72,Greed,1.0,0.20930232558139536,Greed,High Leverage
0x4f93fead39b70a1824f981a54d4e55b278e9f760,2024-07-28,0.0,11.199886000000001,3,0,0,0,3,31999.690000000002,10666.563333333334,0.06780299068769872,0.1129688985819438,0.6238423571219478,157319.43612699996,71,Greed,0.5,1.0,Greed,High Leverage
0x4f93fead39b70a1824f981a54d4e55b278e9f760,2024-07-30,0.0,12.602264,6,0,0,0,6,36006.47,6001.078333333334,0.03814896414715553,0.06399884166858125,0.3509777925417512,157305.88278916664,67,Greed,0.5,1.0,Greed,High Leverage
0x4f93fead39b70a1824f981a54d4e55b278e9f760,2024-07-31,0.0,14.001799,3,0,0,0,3,40005.14,13335.046666666667,0.08477908574825803,0.1271686334885567,0.7799107064660163,157291.0247993333,61,Greed,0.5,1.0,Greed,High Leverage
0x4f93fead39b70a1824f981a54d4e55b278e9f760,2024-08-01,0.0,50.398244999999996,13,0,0,0,13,143995.01,11076.539230769231,0.07043494744026377,0.19076709867508088,0.6478201203646164,157260.48137761536,52,Neutral,0.5,1.0,Neutral,High Leverage
0x4f93fead39b70a1824f981a54d4e55b278e9f760,2024-08-02,0.0,103.58846199999999,36,0,0,0,35,295967.16,8221.31,0.052304257844264034,0.19086397070764463,0.480829790135177,157178.18136305554,57,Greed,0.5,35.0,Neutral,High Leverage
0x4f93fead39b70a1824f981a54d4e55b278e9f760,2024-08-03,0.0,39.367641,13,0,0,0,13,112478.99,8652.23,0.05507075983159423,0.15220485223727429,0.5060324857110706,157118.7880027692,37,Fear,0.5,1.0,Fear,High Leverage
0x4f93fead39b70a1824f981a54d4e55b278e9f760,2024-08-04,-108604.496278,315.542853,72,0,60,60,12,901551.09,12521.542916666665,0.17861587741360543,2.1412575130271443,0.7323322989632364,97473.77488548607,34,Fear,0.0,0.2,Fear,High Leverage
0x4f93fead39b70a1824f981a54d4e55b278e9f760,2024-08-05,-4779.219012,74.808346,17,0,2,2,15,213738.16,12572.832941176472,0.2886841602847093,2.3462784380799278,0.7353320364407282,43595.15526405878,26,Fear,0.0,7.5,Fear,High Leverage
0x4f93fead39b70a1824f981a54d4e55b278e9f760,2024-08-09,11147.900554,46.213288,12,9,0,9,3,132038.0,11003.166666666666,0.21893340920722335,0.5290344452411062,0.6435288681676896,50607.35127399996,48,Neutral,1.0,0.3333333333333333,Neutral,High Leverage
0x4f93fead39b70a1824f981a54d4e55b278e9f760,2024-08-11,847.7766200000001,14.293947,8,4,0,4,0,40839.85,5104.98125,0.0926319068803462,0.2633505946031595,0.29856884889166246,55096.82172362496,39,Fear,1.0,0.0,Fear,High Leverage
0x4f93fead39b70a1824f981a54d4e55b278e9f760,2024-08-12,858.6705,15.449134,16,6,0,6,16,44140.4,2758.775,0.049288416883039025,0.13374091696942855,0.16134912857928638,56018.84164243746,25,Fear,1.0,1.0,Fear,High Leverage
0x4f93fead39b70a1824f981a54d4e55b278e9f760,2024-08-13,0.0,4.375033999999999,5,0,0,0,4,12500.1,2500.02,0.04456757423299287,0.16874487396084878,0.14621563861887527,56095.457461199956,31,Fear,0.5,4.0,Fear,High Leverage
0x4f93fead39b70a1824f981a54d4e55b278e9f760,2024-08-14,2168.9015130000003,22.633216,9,5,0,5,4,64666.340000000004,7185.148888888889,0.12394433593644859,0.5154991895450854,0.4202290915115042,57635.63109088884,30,Fear,1.0,0.8,Fear,High Leverage
0x4f93fead39b70a1824f981a54d4e55b278e9f760,2024-08-16,0.0,4.3750469999999995,2,0,0,0,2,12500.130000000001,6250.0650000000005,0.10732237059283459,0.1975297400335257,0.3655399738340015,58236.22075299996,27,Fear,0.5,1.0,Fear,High Leverage
0x4f93fead39b70a1824f981a54d4e55b278e9f760,2024-08-18,307.201888,21.981557000000002,14,12,0,12,0,62804.47,4486.033571428571,0.07674056380298502,0.3409623383673251,0.26236920645120526,58385.15217521424,31,Fear,1.0,0.0,Fear,High Leverage
0x4f93fead39b70a1824f981a54d4e55b278e9f760,2024-08-20,192.602844,14.846248,8,1,0,1,5,42417.87,5302.23375,0.09040785463249586,0.21929121280401465,0.31010531670258784,58633.79149749995,30,Fear,1.0,1.6666666666666667,Fear,High Leverage
0x4f93fead39b70a1824f981a54d4e55b278e9f760,2024-08-23,1005.30527,22.228342,10,3,0,3,0,63509.56,6350.956,0.10718748943480297,0.3887235426912294,0.37144066342684356,59087.77789329996,34,Fear,1.0,0.0,Fear,High Leverage
0x4f93fead39b70a1824f981a54d4e55b278e9f760,2024-08-24,0.0,5.250025,2,0,0,0,0,15000.07,7500.035,0.12567488736632237,0.158667269115204,0.43864545371193664,59677.81808299995,56,Greed,0.5,0.0,Neutral,High Leverage
0x4f93fead39b70a1824f981a54d4e55b278e9f760,2024-08-25,0.0,5.248717,4,0,0,0,0,14996.33,3749.0825,0.06282676869815987,0.09990296650399572,0.21926804264459857,59674.04731874995,54,Neutral,0.5,0.0,Neutral,High Leverage
0x4f93fead39b70a1824f981a54d4e55b278e9f760,2024-08-26,231.236918,32.292232,5,2,0,2,5,92263.51999999999,18452.703999999998,0.30854491532934747,0.6233193408747694,1.0792209260746208,59794.83455779995,55,Greed,1.0,1.0,Neutral,High Leverage
0x4f93fead39b70a1824f981a54d4e55b278e9f760,2024-08-27,0.0,22.751812,7,0,0,0,7,65005.19,9286.455714285714,0.15514383054672745,0.334187587511261,0.5431256761026667,59859.68887757139,48,Neutral,0.5,1.0,Neutral,High Leverage
0x4f93fead39b70a1824f981a54d4e55b278e9f760,2024-08-28,0.0,16.623098,7,0,0,0,7,47494.56,6784.937142857142,0.11339263313432278,0.4170464922295732,0.3968223923535747,59834.497076285676,30,Fear,0.5,1.0,Fear,High Leverage
0x4f93fead39b70a1824f981a54d4e55b278e9f760,2024-08-30,0.0,9.622392,3,0,0,0,3,27492.550000000003,9164.183333333334,0.15318676717269306,0.3343086294623368,0.5359744796056777,59826.85616299996,34,Fear,0.5,1.0,Fear,High Leverage
0x4f93fead39b70a1824f981a54d4e55b278e9f760,2024-09-02,0.0,10.500148,2,0,0,0,2,30000.42,15000.21,0.25078278904465384,0.3042205479168782,0.8772990954341319,59814.23293299996,26,Fear,0.5,1.0,Fear,High Leverage
0x4f93fead39b70a1824f981a54d4e55b278e9f760,2024-09-04,0.0,12.251742,1,0,0,0,1,35004.98,35004.98,0.5853793352740806,0.5853793352740806,2.0472938238657914,59798.79693499996,27,Fear,0.5,1.0,Fear,High Leverage
0x4f93fead39b70a1824f981a54d4e55b278e9f760,2024-09-06,0.0,12.246734,4,0,0,0,4,34990.67,8747.6675,0.14630464149281935,0.25076108170812716,0.5116142230614474,59792.28447549996,22,Extreme Fear,0.5,1.0,Fear,High Leverage
0x4f93fead39b70a1824f981a54d4e55b278e9f760,2024-09-20,9585.03428,106.60006299999999,12,8,1,9,3,304571.61,25380.9675,0.3734523390681906,3.366167302516928,1.4844258733039808,65532.25157133329,54,Neutral,0.8888888888888888,0.3333333333333333,Neutral,High Leverage
0x4f93fead39b70a1824f981a54d4e55b278e9f760,2024-09-22,0.0,6.999907,3,0,0,0,3,19999.739999999998,6666.579999999999,0.09625419188751465,0.14479044917013145,0.38990018164007534,69259.8445983333,52,Neutral,0.5,1.0,Neutral,High Leverage
0x4f93fead39b70a1824f981a54d4e55b278e9f760,2024-09-23,334.760796,14.117002000000001,2,1,0,1,1,40334.29,20167.145,0.28983586742295575,0.4359495856226651,1.179491358186917,69580.37830349995,50,Neutral,1.0,1.0,Neutral,High Leverage
0x4f93fead39b70a1824f981a54d4e55b278e9f760,2024-09-25,0.0,17.500387999999997,6,0,0,0,6,50001.11,8333.518333333333,0.11979198944476054,0.39529769582843693,0.4873923828811122,69567.74649816663,59,Greed,0.5,1.0,Neutral,High Leverage
0x4f93fead39b70a1824f981a54d4e55b278e9f760,2024-09-26,439.812513,28.154144,3,2,0,2,0,80440.42000000001,26813.47333333334,0.38318236242383846,0.8573794423472105,1.5682071051525648,69838.91986166663,50,Neutral,1.0,0.0,Neutral,High Leverage
0x4f93fead39b70a1824f981a54d4e55b278e9f760,2024-09-27,0.0,34.997307,10,0,0,0,0,99992.32,9999.232,0.14294360053339406,0.28851329222303473,0.5848129585276489,69951.37719119995,61,Greed,0.5,0.0,Greed,High Leverage
0x4f93fead39b70a1824f981a54d4e55b278e9f760,2024-09-30,2710.626288,62.048308,10,5,0,5,10,177280.9,17728.09,0.24641822836374985,0.6873332848904808,1.0368413056067136,71896.22274869996,61,Greed,1.0,1.0,Greed,High Leverage
0x4f93fead39b70a1824f981a54d4e55b278e9f760,2024-10-01,0.0,48.98401,4,0,0,0,4,139954.32,34988.58,0.48224077493217177,0.8261265880567853,2.046334656949787,72556.94355649996,50,Neutral,0.5,1.0,Neutral,High Leverage
0x4f93fead39b70a1824f981a54d4e55b278e9f760,2024-10-02,0.0,34.984016999999994,4,0,0,0,4,99954.34000000001,24988.585000000003,0.34461573425845576,0.7866473704118572,1.4614770737662286,72517.94159849995,42,Fear,0.5,1.0,Neutral,High Leverage
0x4f93fead39b70a1824f981a54d4e55b278e9f760,2024-10-03,0.0,42.003151,4,0,0,0,4,120009.0,30002.25,0.41396669711077494,0.7360758856631234,1.754705219859501,72480.87458549996,37,Fear,0.5,1.0,Fear,High Leverage
0x4f93fead39b70a1824f981a54d4e55b278e9f760,2024-10-05,5767.161892,211.961771,36,24,0,24,9,605605.13,16822.36472222222,0.220823645709803,0.6615357610649937,0.9838692494217486,76643.80495063885,49,Neutral,1.0,0.3333333333333333,Neutral,High Leverage
0x4f93fead39b70a1824f981a54d4e55b278e9f760,2024-10-06,130.487079,105.045693,22,5,0,5,6,300130.56,13642.298181818182,0.174758508411326,0.6012368454392991,0.7978805533090401,78057.83120863631,50,Neutral,1.0,0.375,Neutral,High Leverage
0x4f93fead39b70a1824f981a54d4e55b278e9f760,2024-10-07,0.0,76.994616,21,0,0,0,0,219984.65,10475.459523809524,0.1343039386307278,0.3964695768656073,0.6126655003159928,77996.26436128568,50,Neutral,0.5,0.0,Neutral,High Leverage
0x4f93fead39b70a1824f981a54d4e55b278e9f760,2024-10-08,5396.546638,152.10422,35,33,0,33,34,434583.55,12416.672857142858,0.15348396846154952,1.0794135524794273,0.7261988909403913,80546.9708647428,49,Neutral,1.0,34.0,Neutral,High Leverage
0x4f93fead39b70a1824f981a54d4e55b278e9f760,2024-10-09,396.06272,77.139967,14,3,0,3,11,220399.93,15742.852142857142,0.18863598181859104,0.4787747722318427,0.920733106035306,83441.54715671424,49,Neutral,1.0,3.6666666666666665,Neutral,High Leverage
0x4f93fead39b70a1824f981a54d4e55b278e9f760,2024-10-10,0.0,105.00851,16,0,0,0,16,300024.33999999997,18751.521249999998,0.22464950754338922,0.44940988108429614,1.0966974882777576,83464.35936381246,39,Fear,0.5,1.0,Fear,High Leverage
0x4f93fead39b70a1824f981a54d4e55b278e9f760,2024-10-11,8885.327477,171.116194,25,18,0,18,0,488903.46,19556.1384,0.22083880961572425,0.5906665441309782,1.1437561559807958,89078.73907439996,32,Fear,1.0,0.0,Fear,High Leverage
0x4f93fead39b70a1824f981a54d4e55b278e9f760,2024-10-12,541.55471,55.899685,10,7,0,7,7,159713.4,15971.34,0.17301272167195164,0.40634310308257215,0.9340963983084883,92323.46509129995,49,Neutral,1.0,2.3333333333333335,Neutral,High Leverage
0x4f93fead39b70a1824f981a54d4e55b278e9f760,2024-10-13,0.0,21.000841,10,0,0,0,10,60002.42,6000.242,0.06479069353703218,0.2159770954439654,0.35092887892808744,92612.63960179995,50,Neutral,0.5,1.0,Neutral,High Leverage
0x4f93fead39b70a1824f981a54d4e55b278e9f760,2024-10-14,1913.6195799999998,21.670603999999997,5,5,0,5,0,61916.020000000004,12383.204000000002,0.1317509258264142,0.3207928812573797,0.7242414384716164,94108.09871259995,48,Neutral,1.0,0.0,Neutral,High Leverage
0x4f93fead39b70a1824f981a54d4e55b278e9f760,2024-10-15,1170.226076,28.410673,7,4,0,4,3,81173.36,11596.194285714286,0.12194184422173268,0.31638372878465815,0.6782125555132623,95185.47340357138,65,Greed,1.0,0.75,Greed,High Leverage
0x4f93fead39b70a1824f981a54d4e55b278e9f760,2024-10-16,219.480876,28.080204000000002,11,3,0,3,8,80229.17,7293.560909090909,0.07619892893759526,0.19536288752703587,0.42656965389412543,95699.85073018176,73,Greed,1.0,2.6666666666666665,Greed,High Leverage
0x4f93fead39b70a1824f981a54d4e55b278e9f760,2024-10-17,36.11496,49.011206,8,1,1,2,6,140032.03,17504.00375,0.18265432697261072,0.41747630522534696,1.0237354447938163,95838.63343924994,71,Greed,0.5,3.0,Greed,High Leverage
0x4f93fead39b70a1824f981a54d4e55b278e9f760,2024-10-18,333.219141,42.115998,6,5,0,5,1,120331.43,20055.23833333333,0.20892628594446125,0.4429436727840809,1.1729464086535628,96006.69831749995,73,Greed,1.0,0.2,Greed,High Leverage
0x4f93fead39b70a1824f981a54d4e55b278e9f760,2024-10-19,0.0,34.998901000000004,4,0,0,0,4,99996.86,24999.215,0.26018655554812287,0.4163669281620918,1.4620987776880046,96087.13732624994,72,Greed,0.5,1.0,Greed,High Leverage
0x4f93fead39b70a1824f981a54d4e55b278e9f760,2024-10-20,229.060526,42.078993,6,5,0,5,1,120225.71,20037.618333333336,0.20832769515070393,0.5035210604286945,1.1719158890767336,96199.68387366663,73,Greed,1.0,0.2,Greed,High Leverage
0x4f93fead39b70a1824f981a54d4e55b278e9f760,2024-10-21,0.0,52.508459,11,0,0,0,11,150024.18,13638.561818181817,0.14173537371094766,0.5198031510427291,0.797662029139152,96231.00893481812,72,Greed,0.5,1.0,Greed,High Leverage
0x4f93fead39b70a1824f981a54d4e55b278e9f760,2024-10-22,0.0,21.000124,3,0,0,0,3,60000.36,20000.12,0.20792639035372987,0.3118659301707312,1.1697227695194994,96190.04098633328,70,Greed,0.5,1.0,Greed,High Leverage
0x4f93fead39b70a1824f981a54d4e55b278e9f760,2024-10-23,-46.489941,73.502111,18,0,3,3,15,210006.07,11667.003888888888,0.1213650438857999,0.36546015529576503,0.6823539109218285,96142.51915988883,71,Greed,0.0,5.0,Greed,High Leverage
0x4f93fead39b70a1824f981a54d4e55b278e9f760,2024-10-25,4543.862071,141.605503,25,16,0,16,9,404587.18,16183.4872,0.16361365282845747,0.6120287861019076,0.9465039943794022,99275.60981443996,72,Greed,1.0,0.5625,Greed,High Leverage
0x4f93fead39b70a1824f981a54d4e55b278e9f760,2024-10-27,666.6623079999999,31.73254,4,3,0,3,0,90664.41,22666.1025,0.22425848842087087,0.5457817302146293,1.3256448556565086,101092.04183899995,74,Greed,1.0,0.0,Greed,High Leverage
0x4f93fead39b70a1824f981a54d4e55b278e9f760,2024-10-28,0.0,41.998005,9,0,0,0,0,119994.32,13332.702222222222,0.13190782712712057,0.29674396687464105,0.7797735897862894,101071.02310999995,72,Greed,0.5,0.0,Greed,High Leverage
0x4f93fead39b70a1824f981a54d4e55b278e9f760,2024-10-29,0.0,210.901209,37,0,0,0,0,602574.92,16285.80864864865,0.16133222467511268,0.9914095227893127,0.9524883448880264,100956.04052540535,72,Greed,0.5,0.0,Greed,High Leverage
0x4f93fead39b70a1824f981a54d4e55b278e9f760,2024-10-31,765.475192,298.77469,28,23,0,23,25,853642.02,30487.215,0.30162223536039034,0.6137607943101404,1.7830687798241425,101061.03996678567,77,Extreme Greed,1.0,8.333333333333334,Greed,High Leverage
0x4f93fead39b70a1824f981a54d4e55b278e9f760,2024-11-01,1040.5747959999999,80.860881,9,2,0,2,7,231031.1,25670.122222222224,0.25195723203352666,0.6099244659947797,1.5013373149602016,101806.04342077771,75,Extreme Greed,1.0,3.5,Greed,High Leverage
0x4f93fead39b70a1824f981a54d4e55b278e9f760,2024-11-02,0.0,13.999997,2,0,0,0,2,40000.0,20000.0,0.19557521809204034,0.293370357153012,1.169715751224992,102265.07028599994,72,Greed,0.5,1.0,Greed,High Leverage
0x4f93fead39b70a1824f981a54d4e55b278e9f760,2024-11-03,0.0,38.498022,4,0,0,0,4,109994.34,27498.585,0.26897643666744026,0.48903164378672165,1.608276400544965,102229.70677999995,74,Greed,0.5,1.0,Greed,High Leverage
0x4f93fead39b70a1824f981a54d4e55b278e9f760,2024-11-04,2259.351364,151.273717,26,13,0,13,13,432210.64,16623.486153846156,0.1602055804381751,0.5185361947998689,0.9722376797212203,103872.83669411534,70,Greed,1.0,1.0,Greed,High Leverage
0x4f93fead39b70a1824f981a54d4e55b278e9f760,2024-11-05,678.475928,70.219524,10,5,0,5,5,200627.23,20062.723,0.1917834838823012,0.5737168151138786,1.1733841552781965,104498.79645129995,70,Greed,1.0,1.0,Greed,High Leverage
0x4f93fead39b70a1824f981a54d4e55b278e9f760,2024-11-06,2821.24842,42.66723,12,7,0,7,5,121906.38,10158.865,0.09535545738063538,0.22624976373399702,0.594149220253414,106335.57856424995,70,Greed,1.0,0.7142857142857143,Greed,High Leverage
0x4f93fead39b70a1824f981a54d4e55b278e9f760,2024-11-07,628.96246,21.220097000000003,2,1,0,1,1,60628.85,30314.425,0.2806444745988607,0.28275281278476505,1.7729630205914342,108014.85869749995,77,Extreme Greed,1.0,1.0,Greed,High Leverage
0x4f93fead39b70a1824f981a54d4e55b278e9f760,2024-11-08,646.3734049999999,84.224557,24,6,0,6,18,240641.63,10026.734583333333,0.0924460652997796,0.48773694786438204,0.5864214687738679,108396.96045279161,75,Extreme Greed,1.0,3.0,Greed,High Leverage
0x4f93fead39b70a1824f981a54d4e55b278e9f760,2024-11-09,0.0,52.500144,9,0,0,0,9,150000.41,16666.712222222224,0.15311065523984388,0.5513034049007645,0.9747657903733712,108864.6131485555,75,Extreme Greed,0.5,1.0,Greed,High Leverage
0x4f93fead39b70a1824f981a54d4e55b278e9f760,2024-11-10,548.36595,63.191427999999995,8,6,0,6,2,180546.95,22568.36875,0.20671875497950834,0.4890747382113947,1.3199288203164443,109152.05657212494,78,Extreme Greed,1.0,0.3333333333333333,Greed,High Leverage
0x4f93fead39b70a1824f981a54d4e55b278e9f760,2024-11-11,1479.677222,115.997742,20,9,0,9,11,331422.14,16571.107,0.15066861580235477,0.5587740141659011,0.9691742436567363,109778.92322544994,76,Extreme Greed,1.0,1.2222222222222223,Greed,High Leverage
0x4f93fead39b70a1824f981a54d4e55b278e9f760,2024-11-12,2053.119744,371.776165,74,12,0,12,62,1062217.74,14354.293783783784,0.1282515695165811,0.9045889370914288,0.8395221768301442,111950.64641709454,80,Extreme Greed,1.0,5.166666666666667,Greed,High Leverage
0x4f93fead39b70a1824f981a54d4e55b278e9f760,2024-11-13,7680.907897,170.734136,25,16,0,16,9,487811.82,19512.4728,0.1663884301037591,0.6558641006421596,1.1412023389754613,117666.97319855994,84,Extreme Greed,1.0,0.5625,Greed,High Leverage
0x4f93fead39b70a1824f981a54d4e55b278e9f760,2024-11-14,2348.106228,296.797484,41,14,0,14,27,882430.6900000001,21522.69975609756,0.1786538309580478,0.6550820720258826,1.2587720456796807,120739.68390882919,88,Extreme Greed,1.0,1.9285714285714286,Greed,High Leverage
0x4f93fead39b70a1824f981a54d4e55b278e9f760,2024-11-15,2003.536586,454.091596,79,33,0,33,45,1360371.8,17219.896202531647,0.14043368420968738,0.6340432646162697,1.0071191911280346,122513.29012502525,80,Extreme Greed,1.0,1.3235294117647058,Greed,High Leverage
0x4f93fead39b70a1824f981a54d4e55b278e9f760,2024-11-16,255.14686999999998,72.952967,12,7,0,7,7,219874.17,18322.8475,0.1482680518210869,0.3668524036813039,1.0716261664021733,123589.86446149992,86,Extreme Greed,1.0,1.4,Greed,High Leverage
0x4f93fead39b70a1824f981a54d4e55b278e9f760,2024-11-17,546.624374,186.119492,26,8,0,8,18,620398.38,23861.476153846153,0.19260324595548153,0.4838041648366476,1.3955572252316695,123922.99713934607,90,Extreme Greed,1.0,2.25,Greed,High Leverage
0x4f93fead39b70a1824f981a54d4e55b278e9f760,2024-11-18,3158.176614,282.631803,35,15,0,15,19,942106.09,26917.316857142858,0.2162998584375246,0.8068875313656168,1.5742804754257,124419.78676968563,83,Extreme Greed,1.0,1.1875,Greed,High Leverage
0x4f93fead39b70a1824f981a54d4e55b278e9f760,2024-11-19,1573.210981,95.922665,30,15,0,15,17,319742.28,10658.076000000001,0.08340005069716647,0.2607660745449769,0.623345968747653,127870.30172406658,90,Extreme Greed,1.0,1.3076923076923077,Greed,High Leverage
0x4f93fead39b70a1824f981a54d4e55b278e9f760,2024-11-20,2259.775633,251.486098,33,16,0,16,15,838287.08,25402.638787878786,0.19665620691508054,0.5336895020126607,1.4856933356430382,129147.10086796961,83,Extreme Greed,1.0,0.8333333333333334,Greed,High Leverage
0x4f93fead39b70a1824f981a54d4e55b278e9f760,2024-11-21,909.745283,48.024651999999996,9,4,0,4,5,160082.19,17786.91,0.13602036134892326,0.1803209156186448,1.0402814396310662,130722.51020411102,82,Extreme Greed,1.0,1.25,Greed,High Leverage
0x4f93fead39b70a1824f981a54d4e55b278e9f760,2024-11-22,1825.01255,90.55524199999999,18,12,0,12,6,301850.83,16769.490555555556,0.1269215534350782,0.4550775530269478,0.9807768621426037,131956.43320983325,94,Extreme Greed,1.0,0.5,Greed,High Leverage
0x4f93fead39b70a1824f981a54d4e55b278e9f760,2024-11-23,0.0,18.002012,9,0,0,0,9,60006.729999999996,6667.414444444444,0.050144454040225696,0.1501882154059428,0.3899489847805848,132963.52053066657,93,Extreme Greed,0.5,1.0,Greed,High Leverage
0x4f93fead39b70a1824f981a54d4e55b278e9f760,2024-11-24,445.338356,156.132723,33,5,0,5,28,520442.5,15770.984848484848,0.11837891170655723,0.5548953643881999,0.9223784694801711,133155.2053266969,80,Extreme Greed,1.0,5.6,Greed,High Leverage
0x4f93fead39b70a1824f981a54d4e55b278e9f760,2024-11-25,5059.459732,259.328448,30,10,0,10,20,864428.22,28814.273999999998,0.20966200574104124,0.7274465491676712,1.6852255078956377,137297.18314899987,82,Extreme Greed,1.0,2.0,Greed,High Leverage
0x4f93fead39b70a1824f981a54d4e55b278e9f760,2024-11-26,0.0,127.50797299999999,22,0,0,0,22,425026.62,19319.39181818182,0.1400221652370484,0.8992454751765634,1.1299098456907257,137961.43059663626,79,Extreme Greed,0.5,1.0,Greed,High Leverage
0x4f93fead39b70a1824f981a54d4e55b278e9f760,2024-11-27,-2848.159792,376.953535,44,0,37,37,3,1256511.88,28557.08818181818,0.20973768725377998,1.020166868667931,1.6701837927696899,136475.52541368172,75,Extreme Greed,0.0,0.07317073170731707,Greed,High Leverage
0x4f93fead39b70a1824f981a54d4e55b278e9f760,2024-11-28,1174.315571,101.63559000000001,12,6,0,6,9,338785.3,28232.108333333334,0.20867986282430862,0.5462120153935351,1.651177090389518,135250.95236491653,77,Extreme Greed,1.0,3.0,Greed,High Leverage
0x4f93fead39b70a1824f981a54d4e55b278e9f760,2024-11-29,610.52512,54.175978,7,1,0,1,0,180586.6,25798.085714285717,0.1892133954904012,0.4444015840181532,1.5088213605726224,136339.06981842846,78,Extreme Greed,1.0,0.0,Greed,High Leverage
0x4f93fead39b70a1824f981a54d4e55b278e9f760,2024-11-30,850.54514,71.736379,12,5,0,5,12,239121.3,19926.774999999998,0.14546447243549898,0.31976404388108476,1.1654331294308198,137046.74600008322,84,Extreme Greed,1.0,1.0,Greed,High Leverage
0x4f93fead39b70a1824f981a54d4e55b278e9f760,2024-12-01,337.835516,180.061741,27,16,0,16,5,600205.84,22229.845925925925,0.1620916866154404,0.7297596478887967,1.3001300463430139,137168.13000966658,81,Extreme Greed,1.0,0.22727272727272727,Greed,High Leverage
0x4f93fead39b70a1824f981a54d4e55b278e9f760,2024-12-02,754.7378,90.225362,17,6,0,6,11,300751.24,17691.249411764704,0.12865758235081676,0.4371123446914839,1.0346866547895526,137505.44695799987,80,Extreme Greed,1.0,1.8333333333333333,Greed,High Leverage
0x4f93fead39b70a1824f981a54d4e55b278e9f760,2024-12-03,1467.1002210000001,84.711504,9,4,0,4,5,282371.72000000003,31374.63555555556,0.22653280481764618,0.4325390886970522,1.8349702699138508,138375.28661499987,76,Extreme Greed,1.0,1.25,Greed,High Leverage
0x4f93fead39b70a1824f981a54d4e55b278e9f760,2024-12-04,291.35271,78.315715,13,3,0,3,10,261052.41999999998,20080.955384615383,0.14390961262881627,0.40347285978730957,1.1744504906515467,139542.1571654614,78,Extreme Greed,1.0,3.3333333333333335,Greed,High Leverage
0x4f93fead39b70a1824f981a54d4e55b278e9f760,2024-12-05,1435.68724,228.422723,19,2,0,2,0,761409.11,40074.16368421053,0.28457157969090824,1.417431497034043,2.343769023929481,140755.23467184196,84,Extreme Greed,1.0,0.0,Greed,High Leverage
0x4f93fead39b70a1824f981a54d4e55b278e9f760,2024-12-06,7206.315268,444.769922,59,21,0,21,39,1482566.5,25128.245762711864,0.17355035604968308,3.8151868469663497,1.4696452434648366,145221.94808984734,72,Greed,1.0,1.95,Greed,High Leverage
0x4f93fead39b70a1824f981a54d4e55b278e9f760,2024-12-07,2342.996384,59.54443,4,4,0,4,4,198481.45,49620.3625,0.33293214249121067,0.5887717969178978,2.9020859798871967,148931.1600157499,75,Extreme Greed,1.0,1.0,Greed,High Leverage
0x4f93fead39b70a1824f981a54d4e55b278e9f760,2024-12-08,0.0,17.998084,7,0,0,0,0,59993.63,8570.51857142857,0.05722882344829938,0.20193380714765027,0.5012535284583158,149761.51744671416,79,Extreme Greed,0.5,0.0,Greed,High Leverage
0x4f93fead39b70a1824f981a54d4e55b278e9f760,2024-12-09,2350.499742,107.900648,17,7,0,7,13,359668.86,21156.991764705883,0.14040224063017503,0.5848165590714608,1.2373833257856954,150701.30325747048,78,Extreme Greed,1.0,3.25,Greed,High Leverage
0x4f93fead39b70a1824f981a54d4e55b278e9f760,2024-12-10,3986.3125139999997,210.282321,36,12,0,12,27,700941.13,19470.586944444443,0.12664040524836945,0.4883969078641643,1.1387526117256177,154123.37735827768,78,Extreme Greed,1.0,3.0,Greed,High Leverage
0x4f93fead39b70a1824f981a54d4e55b278e9f760,2024-12-11,1083.777057,209.981818,30,8,0,8,6,699939.4299999999,23331.314333333332,0.1491721278870025,0.7708692143220449,1.3645502936240712,156517.07037666652,74,Greed,1.0,0.25,Greed,High Leverage
0x4f93fead39b70a1824f981a54d4e55b278e9f760,2024-12-12,0.0,113.963809,31,0,0,0,0,379879.42,12254.174838709678,0.07826121822632419,0.6958063279563723,0.7166950663551843,156602.59099890306,83,Extreme Greed,0.5,0.0,Greed,High Leverage
0x4f93fead39b70a1824f981a54d4e55b278e9f760,2024-12-13,6790.274613,304.52407700000003,49,27,0,27,37,1015080.35,20715.92551020408,0.12913909673675605,0.9426860895003037,1.2115872185244672,161688.80801740804,76,Extreme Greed,1.0,3.0833333333333335,Greed,High Leverage
0x4f93fead39b70a1824f981a54d4e55b278e9f760,2024-12-14,570.1898180000001,59.89466,19,6,0,6,14,199648.91,10507.837368421053,0.0643450647132634,0.36706817385051094,0.6145591440576338,163313.47884289463,83,Extreme Greed,1.0,2.8,Greed,High Leverage
0x4f93fead39b70a1824f981a54d4e55b278e9f760,2024-12-15,263.914304,90.071403,21,5,0,5,4,300238.04,14297.049523809523,0.08733720682990878,0.2846040372748692,0.8361742012021887,163672.435664238,80,Extreme Greed,1.0,0.23529411764705882,Greed,High Leverage
0x4f93fead39b70a1824f981a54d4e55b278e9f760,2024-12-16,0.0,263.896686,27,0,0,0,0,879655.69,32579.84037037037,0.19919497518163384,0.8354904779193357,1.905457622680905,163568.50688988878,83,Extreme Greed,0.5,0.0,Greed,High Leverage
0x4f93fead39b70a1824f981a54d4e55b278e9f760,2024-12-17,0.0,53.999413,12,0,0,0,0,179998.07,14999.839166666667,0.09179677768295787,0.5047010020355441,0.8772774069545779,163398.04372674986,87,Extreme Greed,0.5,0.0,Greed,High Leverage
0x4f93fead39b70a1824f981a54d4e55b278e9f760,2024-12-18,-4627.220257,523.944398,62,5,35,40,57,1746481.42,28169.055161290322,0.17661013153479854,1.273278301381625,1.6474893759643476,159217.6371878225,81,Extreme Greed,0.125,11.4,Greed,High Leverage
0x4f93fead39b70a1824f981a54d4e55b278e9f760,2024-12-19,1582.2032900000002,276.256905,53,6,0,6,47,920856.42,17374.649433962266,0.10909192366767256,1.2248430245830033,1.0161700557459026,159215.1817163207,75,Extreme Greed,1.0,7.833333333333333,Greed,High Leverage
0x4f93fead39b70a1824f981a54d4e55b278e9f760,2024-12-20,0.0,66.68628,6,0,0,0,6,222287.61,37047.935,0.23228043464686302,0.49567731027055667,2.1667776559929837,159492.52341766658,74,Greed,0.5,1.0,Greed,High Leverage
0x4f93fead39b70a1824f981a54d4e55b278e9f760,2024-12-21,1367.500173,303.355802,50,28,0,28,22,1011186.0700000001,20223.721400000002,0.1262821601132162,1.2498632741926254,1.1828002734982974,160116.47591441992,73,Greed,1.0,0.7857142857142857,Greed,High Leverage
0x4f93fead39b70a1824f981a54d4e55b278e9f760,2024-12-22,0.0,39.003061,3,0,0,0,3,130010.22,43336.74,0.2699996078051155,0.4356830532842406,2.534583369237108,160510.96487133324,73,Greed,0.5,1.0,Greed,High Leverage
0x4f93fead39b70a1824f981a54d4e55b278e9f760,2024-12-23,0.0,101.745443,16,0,0,0,16,339151.52,21196.97,0.13211885778473687,0.4674543976750084,1.239721484362181,160435.30689581242,70,Greed,0.5,1.0,Greed,High Leverage
0x4f93fead39b70a1824f981a54d4e55b278e9f760,2024-12-24,2081.267411,280.89403699999997,32,21,0,21,3,936313.54,29259.798125,0.1810483265824638,1.2307523989389475,1.7112823372237995,161579.2917616874,73,Greed,1.0,0.10344827586206896,Greed,High Leverage
0x4f93fead39b70a1824f981a54d4e55b278e9f760,2024-12-25,0.0,20.999761,3,0,0,0,0,69999.20999999999,23333.069999999996,0.14387452979833507,0.3878212998178876,1.3646529751717662,162175.31858133324,73,Greed,0.5,0.0,Greed,High Leverage
0x4f93fead39b70a1824f981a54d4e55b278e9f760,2024-12-26,7617.597338,132.724225,21,8,0,8,20,442414.11,21067.338571428572,0.12696172675258813,0.512377440396056,1.2321398881694912,167267.31779476177,79,Extreme Greed,1.0,20.0,Greed,High Leverage
0x4f93fead39b70a1824f981a54d4e55b278e9f760,2024-12-27,0.0,21.011257,18,0,0,0,18,70037.56,3890.9755555555553,0.022935740114155768,0.14731295772121392,0.2275667697482374,169649.19702527762,74,Greed,0.5,1.0,Greed,High Leverage
0x4f93fead39b70a1824f981a54d4e55b278e9f760,2024-12-28,16.972942,33.016011,6,3,0,3,0,110053.39,18342.231666666667,0.10813179181709508,0.3025815132884524,1.072759864655892,169627.5641183332,72,Greed,1.0,0.0,Greed,High Leverage
0x4f93fead39b70a1824f981a54d4e55b278e9f760,2024-12-29,390.062046,23.878344,14,4,0,4,7,79594.51000000001,5685.322142857143,0.03348174750397606,0.09328860831881129,0.33251054306441125,169730.17398957125,73,Greed,1.0,1.0,Greed,High Leverage
0x4f93fead39b70a1824f981a54d4e55b278e9f760,2024-12-30,4235.298688,169.256913,22,9,0,9,13,564189.77,25644.989545454548,0.14925957831442055,1.2930954212764607,1.4998674105659218,170976.10748368164,65,Greed,1.0,1.4444444444444444,Greed,High Leverage
0x4f93fead39b70a1824f981a54d4e55b278e9f760,2024-12-31,2301.21954,147.665905,47,2,0,2,45,492219.79,10472.761489361701,0.059758431050054246,0.9380952854615926,0.6125077036464446,174402.83399814874,64,Greed,1.0,22.5,Greed,High Leverage
0x4f93fead39b70a1824f981a54d4e55b278e9f760,2025-01-01,0.0,14.999852,1,0,0,0,1,49999.51,49999.51,0.2837766215128713,0.2837766215128713,2.9242607200265756,176193.1963719998,66,Greed,0.5,1.0,Greed,High Leverage
0x4f93fead39b70a1824f981a54d4e55b278e9f760,2025-01-02,2399.947146,111.619916,19,8,0,8,11,372066.43,19582.443684210524,0.11023514691113465,0.4126666612091316,1.145294641244871,177774.7866414735,70,Greed,1.0,1.375,Greed,High Leverage
0x4f93fead39b70a1824f981a54d4e55b278e9f760,2025-01-03,3084.287743,151.997587,48,29,0,29,19,462922.45,9644.217708333334,0.05364315197556335,0.3853639122066311,0.5640496680840249,179324.72603731233,74,Greed,1.0,0.6551724137931034,Greed,High Leverage
0x4f93fead39b70a1824f981a54d4e55b278e9f760,2025-01-04,0.0,30.499879,14,0,0,0,14,99999.72,7142.837142857143,0.03937700754035913,0.1308255952134049,0.41775445572174597,181399.25962671413,73,Greed,0.5,1.0,Greed,High Leverage
0x4f93fead39b70a1824f981a54d4e55b278e9f760,2025-01-05,890.3315699999999,122.659064,19,4,0,4,15,369118.91000000003,19427.31105263158,0.10673757909822264,0.44854396359373344,1.136221587110527,182049.43027821038,72,Greed,1.0,3.75,Greed,High Leverage
0x4f93fead39b70a1824f981a54d4e55b278e9f760,2025-01-06,3575.442423,120.242894,32,14,0,14,18,343551.17,10735.9740625,0.058567486893874116,0.2755627511790732,0.6279018982824609,182903.36086056236,76,Extreme Greed,1.0,1.2857142857142858,Greed,High Leverage
0x4f93fead39b70a1824f981a54d4e55b278e9f760,2025-01-07,0.0,165.80684,39,0,0,0,39,473733.88,12147.022564102565,0.06547678744602299,0.4464433900919699,0.7104281811858081,185537.13788643575,78,Extreme Greed,0.5,1.0,Greed,High Leverage
0x4f93fead39b70a1824f981a54d4e55b278e9f760,2025-01-08,0.0,108.03025600000001,16,0,0,0,16,308657.88,19291.1175,0.10406419732555322,0.5866530346432215,1.1282561999241045,185390.31330693734,70,Greed,0.5,1.0,Greed,High Leverage
0x4f93fead39b70a1824f981a54d4e55b278e9f760,2025-01-10,-36229.641811,1917.277186,219,98,19,117,102,5895084.66,26918.19479452055,0.18701448863621511,2.2052205732104846,1.5743318222846636,141950.70722334686,50,Neutral,0.8376068376068376,0.8717948717948718,Neutral,High Leverage
0x4f93fead39b70a1824f981a54d4e55b278e9f760,2025-01-11,1559.841529,466.531808,76,27,0,27,49,1555106.23,20461.92407894737,0.13813785892432576,0.5582792083296179,1.1967317447757337,148018.09623322348,69,Greed,1.0,1.8148148148148149,Greed,High Leverage
0x4f93fead39b70a1824f981a54d4e55b278e9f760,2025-01-12,736.6215169999999,556.587573,75,34,0,34,30,1855292.07,24737.227600000002,0.1665528846856566,0.8200688127830335,1.4467762382678804,148529.48000055982,62,Greed,1.0,0.6666666666666666,Greed,High Leverage
0x4f93fead39b70a1824f981a54d4e55b278e9f760,2025-01-13,1756.982034,704.272981,97,54,0,54,49,2347576.77,24201.82237113402,0.16241874179815458,1.3367394370387953,1.4154626417932425,149063.21688745337,61,Greed,1.0,1.0208333333333333,Greed,High Leverage
0x4f93fead39b70a1824f981a54d4e55b278e9f760,2025-01-14,1878.804638,189.523418,42,17,0,17,25,631744.81,15041.543095238096,0.09968613901119808,0.6124726338438762,0.879716494061476,150945.2350561902,63,Greed,1.0,1.4705882352941178,Greed,High Leverage
0x4f93fead39b70a1824f981a54d4e55b278e9f760,2025-01-15,7470.003118,468.546657,73,42,0,42,26,1561822.32,21394.826301369863,0.13923574152844984,0.655331402680998,1.2512932659717535,153569.6495711093,70,Greed,1.0,0.5531914893617021,Greed,High Leverage
0x4f93fead39b70a1824f981a54d4e55b278e9f760,2025-01-16,5170.4237570000005,817.820014,100,55,2,57,45,2726066.91,27260.669100000003,0.17106074915120595,1.255903683542699,1.5943617017601215,159501.35932852968,75,Extreme Greed,0.9649122807017544,0.8181818181818182,Greed,High Leverage
0x4f93fead39b70a1824f981a54d4e55b278e9f760,2025-01-17,811.1445319999999,192.217931,21,7,0,7,14,640726.49,30510.78523809524,0.18742026271402568,0.7487239093263737,1.7844473037621484,162864.78874095206,75,Extreme Greed,1.0,2.0,Greed,High Leverage
0x4f93fead39b70a1824f981a54d4e55b278e9f760,2025-01-18,4078.848863,564.312396,58,32,0,32,32,1881041.4,32431.748275862068,0.1969370698668578,1.2122348781131451,1.896796339901992,164877.85124181,77,Extreme Greed,1.0,1.2307692307692308,Greed,High Leverage
0x4f93fead39b70a1824f981a54d4e55b278e9f760,2025-01-19,3253.260003,664.76231,88,32,0,32,63,2215874.55,25180.392613636363,0.15005520115127605,1.2416924724732623,1.4726950931099951,167648.25040989742,77,Extreme Greed,1.0,2.52,Greed,High Leverage
0x4f93fead39b70a1824f981a54d4e55b278e9f760,2025-01-20,7466.841136,1639.313144,194,69,0,69,133,5798129.04,29887.263092783505,0.174820468522112,3.024289456859749,1.747980120031712,171391.29310828322,76,Extreme Greed,1.0,2.180327868852459,Greed,High Leverage
0x4f93fead39b70a1824f981a54d4e55b278e9f760,2025-01-21,2953.3108039999997,326.348643,92,40,0,40,34,1305394.74,14189.073260869565,0.0804981813817135,0.7127205051080959,0.8298591244262247,176019.1698267606,76,Extreme Greed,1.0,0.5862068965517241,Greed,High Leverage
0x4f93fead39b70a1824f981a54d4e55b278e9f760,2025-01-22,2971.896355,266.21073,61,25,0,25,35,1064843.07,17456.443770491805,0.09761916898818879,0.526065227421994,1.0209538619358827,178948.53106913087,84,Extreme Greed,1.0,1.3461538461538463,Greed,High Leverage
0x4f93fead39b70a1824f981a54d4e55b278e9f760,2025-01-23,6749.1349199999995,368.996825,82,22,0,22,55,1475987.52,17999.84780487805,0.0985799682468581,0.5485484694455856,1.0527352748509224,182327.98649015822,75,Extreme Greed,1.0,2.037037037037037,Greed,High Leverage
0x4f93fead39b70a1824f981a54d4e55b278e9f760,2025-01-24,1707.0699399999999,153.980421,42,16,0,16,14,615921.78,14664.804285714286,0.07807434172473794,0.2632344870292513,0.8576826280815885,187889.9185468092,75,Extreme Greed,1.0,0.5,Greed,High Leverage
0x4f93fead39b70a1824f981a54d4e55b278e9f760,2025-01-25,446.44485399999996,101.18649400000001,18,4,0,4,18,404746.0,22485.88888888889,0.11914611114891906,0.3680304172731256,1.3151049206814185,188721.23581238862,75,Extreme Greed,1.0,1.0,Greed,High Leverage
0x4f93fead39b70a1824f981a54d4e55b278e9f760,2025-01-27,0.0,149.267029,15,0,0,0,15,497556.79,33170.452666666664,0.17584837420143506,0.47716038634953717,1.9400000479731523,188624.48346719975,71,Greed,0.5,1.0,Greed,High Leverage
0x4f93fead39b70a1824f981a54d4e55b278e9f760,2025-01-30,3278.847724,478.80782899999997,75,35,3,38,39,1596026.23,21280.349733333333,0.11173416705713905,0.7099244649771753,1.244598013732828,190739.77439025306,70,Greed,0.9210526315789473,1.0833333333333333,Greed,High Leverage
0x4f93fead39b70a1824f981a54d4e55b278e9f760,2025-01-31,975.654751,243.118715,59,21,0,21,35,810395.77,13735.521525423728,0.07161689863311237,0.4808225585409916,0.8033327939789033,191778.32988747433,76,Extreme Greed,1.0,1.4583333333333333,Greed,High Leverage
0x4f93fead39b70a1824f981a54d4e55b278e9f760,2025-02-01,0.0,27.000824,4,0,0,0,4,90002.76,22500.69,0.11714185633450888,0.23431081839442078,1.3159705753215334,192085.55224274975,68,Greed,0.5,1.0,Greed,High Leverage
0x4f93fead39b70a1824f981a54d4e55b278e9f760,2025-02-02,0.0,228.766141,30,0,0,0,30,762553.84,25418.461333333333,0.13242143847600057,0.4504483810372496,1.4866187296751707,191965.73732209977,60,Greed,0.5,1.0,Greed,High Leverage
0x4f93fead39b70a1824f981a54d4e55b278e9f760,2025-02-04,6403.5061239999995,257.687851,9,9,0,9,0,858959.52,95439.94666666667,0.4871959601122384,2.3159863865476678,5.581880445603659,196118.19813499975,72,Greed,1.0,0.0,Greed,High Leverage
0x4f93fead39b70a1824f981a54d4e55b278e9f760,2025-02-05,0.0,44.99017,9,0,0,0,9,149967.24,16663.026666666665,0.08417346703995125,0.2932265869586025,0.9745502377541038,197967.6821576664,54,Neutral,0.5,1.0,Neutral,High Leverage
0x4f93fead39b70a1824f981a54d4e55b278e9f760,2025-02-06,440.753133,90.12418000000001,10,4,0,4,6,300413.94,30041.394,0.15156182922837144,0.3807693313870595,1.7569945875277984,198232.8610029997,49,Neutral,1.0,1.5,Neutral,High Leverage
0x4f93fead39b70a1824f981a54d4e55b278e9f760,2025-02-07,3691.30885,158.017151,27,9,0,9,12,526723.87,19508.291481481483,0.09739455539328289,0.42992316951591364,1.1409577912688613,200755.12856596266,44,Fear,1.0,0.8,Neutral,High Leverage
0x4f93fead39b70a1824f981a54d4e55b278e9f760,2025-02-08,0.0,53.995802,8,0,0,0,8,179986.01,22498.25125,0.11149136134554073,0.3717025292401997,1.3158279431071183,201807.55699687471,44,Fear,0.5,1.0,Neutral,High Leverage
0x4f93fead39b70a1824f981a54d4e55b278e9f760,2025-02-09,866.203569,81.26354,3,1,0,1,0,270878.47000000003,90292.82333333335,0.44573544143795313,1.115042242227052,5.280846883778775,202566.18181433305,46,Neutral,1.0,0.0,Neutral,High Leverage
0x4f93fead39b70a1824f981a54d4e55b278e9f760,2025-02-10,2069.55836,364.664948,84,29,0,29,46,1215549.97,14470.832976190475,0.07110909673274045,0.4163473089209385,0.8463380632798015,203435.3152997021,43,Fear,1.0,1.2105263157894737,Neutral,High Leverage
0x4f93fead39b70a1824f981a54d4e55b278e9f760,2025-02-11,1353.604398,211.362965,56,22,0,22,28,704543.29,12581.13017857143,0.06136110883701879,0.2992704376106124,0.735817306904355,205012.58247487465,47,Neutral,1.0,1.0,Neutral,High Leverage
0x4f93fead39b70a1824f981a54d4e55b278e9f760,2025-02-12,5212.729861,373.017115,84,45,0,45,22,1243390.53,14802.268214285714,0.07141851037266495,0.4057634270223208,0.8657223142053518,207382.30139227348,46,Neutral,1.0,0.3548387096774194,Neutral,High Leverage
0x4f93fead39b70a1824f981a54d4e55b278e9f760,2025-02-13,2205.413149,120.838836,23,11,0,11,23,402796.16,17512.87652173913,0.08262200381423605,0.28254511154313133,1.0242543758368308,211596.19647091275,50,Neutral,1.0,1.0,Neutral,High Leverage
0x4f93fead39b70a1824f981a54d4e55b278e9f760,2025-02-14,2678.115601,346.454002,58,25,0,25,27,1154846.76,19911.15103448276,0.09307362112726286,1.0596620257162614,1.164519349502714,214075.29920827557,48,Neutral,1.0,0.8709677419354839,Neutral,High Leverage
0x4f93fead39b70a1824f981a54d4e55b278e9f760,2025-02-15,3884.0032459999998,142.908493,21,13,0,13,17,476361.68,22683.889523809525,0.10427038711126932,0.6007913637011474,1.3266851437523794,217411.58208595208,50,Neutral,1.0,4.25,Neutral,High Leverage
0x4f93fead39b70a1824f981a54d4e55b278e9f760,2025-02-16,314.96786,108.04312900000001,25,11,0,11,15,360143.82,14405.7528,0.0659240301181558,0.27509589035679977,0.8425317979206767,218533.5702628797,54,Neutral,1.0,1.5,Neutral,High Leverage
0x4f93fead39b70a1824f981a54d4e55b278e9f760,2025-02-17,1204.110761,161.70132,42,5,0,5,24,539004.4,12833.438095238096,0.058576445827981626,0.5416061050413878,0.750573734118543,219045.9507368568,51,Neutral,1.0,1.3333333333333333,Neutral,High Leverage
0x4f93fead39b70a1824f981a54d4e55b278e9f760,2025-02-18,1670.219701,174.131512,44,14,0,14,30,580438.45,13191.782954545453,0.059844423957413746,0.27349096282208757,0.7715318154336592,220551.21687186326,47,Neutral,1.0,2.142857142857143,Neutral,High Leverage
0x4f93fead39b70a1824f981a54d4e55b278e9f760,2025-02-19,3512.211908,282.718338,58,23,0,23,45,942394.5599999999,16248.182068965516,0.0727746124452173,0.5371569083505445,0.9502877247420223,223443.45558601682,44,Fear,1.0,3.4615384615384617,Neutral,High Leverage
0x4f93fead39b70a1824f981a54d4e55b278e9f760,2025-02-20,1829.292797,462.079905,90,40,0,40,48,1540266.49,17114.072111111112,0.07592179113321737,0.5224206548995152,1.000929985798351,225435.08532975515,49,Neutral,1.0,1.1428571428571428,Neutral,High Leverage
0x4f93fead39b70a1824f981a54d4e55b278e9f760,2025-02-21,5993.575314,388.202533,76,8,0,8,30,1294008.56,17026.42842105263,0.07452228746736057,1.2483762991243055,0.9958040755605067,227605.39313010484,55,Greed,1.0,0.6521739130434783,Neutral,High Leverage
0x4f93fead39b70a1824f981a54d4e55b278e9f760,2025-02-22,1287.143384,456.391868,91,52,0,52,39,1521306.46,16717.653406593407,0.07217355534874467,0.7374103627123724,0.9777451256606228,231862.74714532925,49,Neutral,1.0,0.75,Neutral,High Leverage
0x4f93fead39b70a1824f981a54d4e55b278e9f760,2025-02-23,109.68322,83.978128,31,7,6,13,22,279927.15,9029.90806451613,0.038884401123179334,0.1377563341782353,0.5281212847589049,232230.96637622552,50,Neutral,0.5384615384615384,2.4444444444444446,Neutral,High Leverage
0x4f93fead39b70a1824f981a54d4e55b278e9f760,2025-02-24,1925.839355,138.564153,17,5,0,5,12,461880.54,27169.443529411765,0.11638686098023253,0.5165198030779188,1.589026302418544,233305.08117541144,49,Neutral,1.0,2.4,Neutral,High Leverage
0x4f93fead39b70a1824f981a54d4e55b278e9f760,2025-02-25,0.0,299.266928,51,0,0,0,51,997556.48,19559.930980392157,0.08364973469413016,0.8538306700112926,1.1439779680319204,233883.57796966634,25,Fear,0.5,1.0,Fear,High Leverage
0x4f93fead39b70a1824f981a54d4e55b278e9f760,2025-03-02,11005.9916,338.570135,26,21,0,21,5,1128567.17,43406.429615384615,0.18078009776224316,1.2210809327363452,2.5386592212777184,240901.9178868074,26,Fear,1.0,0.23809523809523808,Fear,High Leverage
0x4f93fead39b70a1824f981a54d4e55b278e9f760,2025-03-03,1136.272279,96.350832,12,6,0,6,6,321169.45,26764.120833333334,0.10923994383635767,0.29494673200963356,1.5653206853219481,244859.95226041638,33,Fear,1.0,1.0,Fear,High Leverage
0x4f93fead39b70a1824f981a54d4e55b278e9f760,2025-03-04,8002.939313,457.945929,59,28,0,28,22,1526486.58,25872.653898305085,0.10437519027628864,1.499756191303766,1.5131825395420075,248792.1486096269,15,Extreme Fear,1.0,0.5945945945945946,Fear,High Leverage
0x4f93fead39b70a1824f981a54d4e55b278e9f760,2025-03-05,2741.101375,467.701068,54,20,0,20,23,1559003.67,28870.43833333333,0.11386144345682289,0.5343532367061666,1.6885103231634904,253340.9327525183,20,Extreme Fear,1.0,0.7419354838709677,Fear,High Leverage
0x4f93fead39b70a1824f981a54d4e55b278e9f760,2025-03-06,3069.196282,192.957884,37,10,4,14,23,643192.97,17383.593783783785,0.06762315465753073,0.30746383656275833,1.0166931730894375,257073.73764624295,25,Fear,0.7142857142857143,1.6428571428571428,Fear,High Leverage
0x4f93fead39b70a1824f981a54d4e55b278e9f760,2025-03-07,3273.5394420000002,66.595837,22,18,0,18,7,221986.16,10090.28,0.03881938070035045,0.23672119254555582,0.5901379725135256,260084.26057554514,34,Fear,1.0,0.4666666666666667,Fear,High Leverage
0x4f93fead39b70a1824f981a54d4e55b278e9f760,2025-03-08,0.0,36.002359999999996,17,0,0,0,17,120007.91,7059.288823529412,0.027017826849019218,0.15309834897782135,0.4128680664664448,261286.12241076436,28,Fear,0.5,1.0,Fear,High Leverage
0x4f93fead39b70a1824f981a54d4e55b278e9f760,2025-03-09,0.0,125.953025,11,0,0,0,11,419843.45,38167.586363636365,0.1461254963151718,0.2871106472483287,2.2322613477892834,261202.73636609057,27,Fear,0.5,1.0,Fear,High Leverage
0x4f93fead39b70a1824f981a54d4e55b278e9f760,2025-03-10,14133.265684,780.175852,103,42,0,42,61,2600586.37,25248.4113592233,0.09427192962798205,0.5638535547637346,1.4766732230145756,268041.96584343654,20,Extreme Fear,1.0,1.4523809523809523,Fear,High Leverage
0x4f93fead39b70a1824f981a54d4e55b278e9f760,2025-03-11,2479.265806,315.364477,33,21,0,21,12,1051214.99,31854.999696969695,0.1157753413385381,0.6168756665034468,1.8630647450406403,275203.6312547572,24,Extreme Fear,1.0,0.5714285714285714,Fear,High Leverage
0x4f93fead39b70a1824f981a54d4e55b278e9f760,2025-03-12,0.0,53.998123,10,0,0,0,10,179993.78999999998,17999.378999999997,0.06506782576221629,0.21689626746946455,1.0527078564284174,276624.4038481995,34,Fear,0.5,1.0,Fear,High Leverage
0x4f93fead39b70a1824f981a54d4e55b278e9f760,2025-03-13,5770.595066,187.70031799999998,22,8,0,8,14,625667.75,28439.44318181818,0.1010285285675817,0.21500945971159016,1.663303232292047,281310.7837941814,45,Neutral,1.0,1.75,Neutral,High Leverage
0x4f93fead39b70a1824f981a54d4e55b278e9f760,2025-03-14,11039.384571,165.276882,25,10,0,10,0,550923.0,22036.92,0.07625290211861804,0.2792923442389483,1.2888466216242527,289303.5212955997,27,Fear,1.0,0.0,Fear,High Leverage
0x4f93fead39b70a1824f981a54d4e55b278e9f760,2025-03-15,575.945518,41.819272,8,7,0,7,8,139397.58,17424.6975,0.059392487382115416,0.20859791885183718,1.0190971563040372,293248.63872862473,46,Neutral,1.0,1.0,Neutral,High Leverage
0x4f93fead39b70a1824f981a54d4e55b278e9f760,2025-03-16,144.99309,48.040901,6,2,0,2,4,160136.34,26689.39,0.09088384734137744,0.1488874808760629,1.5609499936793396,293660.4521968331,30,Fear,1.0,2.0,Fear,High Leverage
0x4f93fead39b70a1824f981a54d4e55b278e9f760,2025-03-17,2220.589556,60.669694,11,8,0,8,1,202232.32,18384.756363636363,0.062359504749328935,0.3492975215961042,1.075246955048968,294500.3488133634,32,Fear,1.0,0.1,Fear,High Leverage
0x4f93fead39b70a1824f981a54d4e55b278e9f760,2025-03-18,362.477712,119.905596,44,1,0,1,41,399685.35,9083.757954545454,0.030676630805115977,0.2515277148502403,0.5312707379873567,296112.5602439543,34,Fear,1.0,13.666666666666666,Fear,High Leverage
0x4f93fead39b70a1824f981a54d4e55b278e9f760,2025-03-19,1438.717656,102.457321,29,28,0,28,1,341524.48,11776.706206896552,0.039671639795674694,0.33642616212234944,0.6887699373878013,296671.7335017239,32,Fear,1.0,0.03571428571428571,Fear,High Leverage
0x4f93fead39b70a1824f981a54d4e55b278e9f760,2025-03-20,0.0,35.999967,8,0,0,0,8,119999.90999999999,14999.988749999999,0.050435369298534295,0.1176670189974081,0.877286155453634,297407.3784224998,49,Neutral,0.5,1.0,Neutral,High Leverage
0x4f93fead39b70a1824f981a54d4e55b278e9f760,2025-03-21,0.0,54.001302,6,0,0,0,6,180004.35,30000.725000000002,0.10088906768454663,0.1548938513660893,1.75461602903347,297367.53765166644,31,Fear,0.5,1.0,Fear,High Leverage
0x4f93fead39b70a1824f981a54d4e55b278e9f760,2025-03-22,58.007635,90.018592,24,24,0,24,0,300062.0,12502.583333333334,0.04205069357181849,0.41154822987354917,0.7312234328001533,297326.36100637476,32,Fear,1.0,0.0,Fear,High Leverage
0x4f93fead39b70a1824f981a54d4e55b278e9f760,2025-03-23,134.82844,12.040356000000001,10,9,0,9,1,40134.54,4013.454,0.013497483638144217,0.06727079581729445,0.23473001803084745,297370.09661489975,30,Fear,1.0,0.1111111111111111,Fear,High Leverage
0x4f93fead39b70a1824f981a54d4e55b278e9f760,2025-03-24,0.0,17.999653000000002,14,0,0,0,0,59998.869999999995,4285.6335714285715,0.01440927730461193,0.053849522407164035,0.2506486546239309,297425.8248509284,45,Neutral,0.5,0.0,Neutral,High Leverage
0x4f93fead39b70a1824f981a54d4e55b278e9f760,2025-03-25,217.474568,37.934482,9,5,0,5,9,119781.56999999999,13309.063333333332,0.044722349154023705,0.16648191216445313,0.7783910507525499,297560.2175065554,46,Neutral,1.0,1.0,Neutral,High Leverage
0x4f93fead39b70a1824f981a54d4e55b278e9f760,2025-03-26,980.433384,70.264919,10,6,0,6,4,200756.93,20075.693,0.06729396734439927,0.1340009733696847,1.1741427159428657,298255.9100291998,47,Neutral,1.0,0.6666666666666666,Neutral,High Leverage
0x4f93fead39b70a1824f981a54d4e55b278e9f760,2025-03-27,4329.319769,274.528951,40,16,0,16,24,784368.48,19609.212,0.06529802385129829,0.4206658412138992,1.1468602072755065,299936.1079150748,40,Fear,1.0,1.5,Fear,High Leverage
0x4f93fead39b70a1824f981a54d4e55b278e9f760,2025-03-28,0.0,69.99566300000001,10,0,0,0,10,199987.63,19998.763,0.06610758137737706,0.14276220231805398,1.1696434043057788,302529.04048049974,44,Fear,0.5,1.0,Neutral,High Leverage
0x4f93fead39b70a1824f981a54d4e55b278e9f760,2025-03-29,0.0,76.998063,8,0,0,0,8,219994.47999999998,27499.309999999998,0.0909256670340721,0.3574329281319953,1.608318802740947,302454.90198799974,26,Fear,0.5,1.0,Fear,High Leverage
0x4f93fead39b70a1824f981a54d4e55b278e9f760,2025-03-31,2112.5276,252.736124,40,22,0,22,18,722103.27,18052.58175,0.05954255779831767,0.31465291046916316,1.0558194611625917,303241.1573928998,34,Fear,1.0,0.8181818181818182,Fear,High Leverage
0x4f93fead39b70a1824f981a54d4e55b278e9f760,2025-04-01,1402.082488,49.492214,20,8,0,8,12,141406.34,7070.317,0.023194855727215098,0.13138082582102817,0.4135130580526917,304664.2319674998,34,Fear,1.0,1.5,Fear,High Leverage
0x4f93fead39b70a1824f981a54d4e55b278e9f760,2025-04-02,0.0,6.999896,1,0,0,0,1,19999.7,19999.7,0.06544034436443102,0.06544034436443102,1.1696982054887237,305617.27928299987,44,Fear,0.5,1.0,Neutral,High Leverage
0x4f93fead39b70a1824f981a54d4e55b278e9f760,2025-04-03,0.0,97.978681,9,0,0,0,9,279939.1,31104.344444444443,0.10179453800066489,0.2523515191222332,1.8191620814097123,305562.592864111,25,Fear,0.5,1.0,Fear,High Leverage
0x4f93fead39b70a1824f981a54d4e55b278e9f760,2025-04-04,4591.427138999999,148.592715,21,13,0,13,8,424550.64,20216.697142857145,0.06553411327867062,0.4114479916146759,1.1823894542872648,308785.8826168094,28,Fear,1.0,0.6153846153846154,Fear,High Leverage
0x4f93fead39b70a1824f981a54d4e55b278e9f760,2025-04-06,0.0,62.990758,7,0,0,0,7,179973.59,25710.512857142858,0.08295838256061948,0.2669333171876524,1.5036995930536339,309924.506053857,34,Fear,0.5,1.0,Fear,High Leverage
0x4f93fead39b70a1824f981a54d4e55b278e9f760,2025-04-07,0.0,209.990572,45,0,0,0,45,599973.16,13332.73688888889,0.04303872347397236,0.3098091818646965,0.7797756172935917,309843.2838953554,23,Extreme Fear,0.5,1.0,Fear,High Leverage
0x4f93fead39b70a1824f981a54d4e55b278e9f760,2025-04-08,21114.136771999998,374.87886100000003,28,24,0,24,4,1071082.47,38252.94535714285,0.11852494971761543,0.7568923026420675,2.237253635749947,320879.0306033928,24,Extreme Fear,1.0,0.16666666666666666,Fear,High Leverage
0x4f93fead39b70a1824f981a54d4e55b278e9f760,2025-04-09,25875.837656,306.563536,45,24,0,24,21,875895.92,19464.35377777778,0.057431210675376515,0.4442778790865282,1.1383880600641172,339911.40099373314,18,Extreme Fear,1.0,0.875,Fear,High Leverage
0x4f93fead39b70a1824f981a54d4e55b278e9f760,2025-04-10,0.0,44.970233,9,0,0,0,9,149900.81,16655.645555555555,0.04678957416932167,0.18894144725635642,0.9741185476576933,355977.7559038886,39,Fear,0.5,1.0,Fear,High Leverage
0x4f93fead39b70a1824f981a54d4e55b278e9f760,2025-04-11,3188.338195,53.581188,3,3,0,3,0,153089.11000000002,51029.70333333334,0.1422072056275121,0.38987578437343073,2.9845123884669245,357087.2320749997,25,Fear,1.0,0.0,Fear,High Leverage
0x4f93fead39b70a1824f981a54d4e55b278e9f760,2025-04-13,253.67505,17.588483,8,3,0,3,5,50252.83,6281.60375,0.017489085397694122,0.04727253653684081,0.36738454246644886,359141.7258459997,45,Neutral,1.0,1.6666666666666667,Neutral,High Leverage
0x4f93fead39b70a1824f981a54d4e55b278e9f760,2025-04-14,322.73095,43.869724,27,4,0,4,23,125342.08,4642.299259259259,0.012911595393983503,0.13356266677654702,0.27150852827278343,359604.45208185154,31,Fear,1.0,5.75,Fear,High Leverage
0x4f93fead39b70a1824f981a54d4e55b278e9f760,2025-04-16,0.0,26.249583,4,0,0,0,4,74998.82,18749.705,0.05214344408486281,0.1807803889547664,1.0965912634660995,359594.4309504997,29,Fear,0.5,1.0,Fear,High Leverage
0x4f93fead39b70a1824f981a54d4e55b278e9f760,2025-04-17,1713.120195,61.854364,9,8,0,8,1,176726.77,19636.307777777776,0.05442849814400897,0.20087166837776887,1.1484449251784246,360436.9731045553,30,Fear,1.0,0.125,Fear,High Leverage
0x4f93fead39b70a1824f981a54d4e55b278e9f760,2025-04-18,0.0,17.49932,4,0,0,0,4,49998.06,12499.515,0.03460401255517045,0.047478621800650406,0.7310439789086529,361215.9203319997,33,Fear,0.5,1.0,Fear,High Leverage
0x4f93fead39b70a1824f981a54d4e55b278e9f760,2025-04-19,721.976596,52.752345999999996,18,13,0,13,5,150720.99000000002,8373.388333333334,0.0231460023961984,0.1382615781126418,0.48972421123117926,361741.9516771108,32,Fear,1.0,0.38461538461538464,Fear,High Leverage
0x4f93fead39b70a1824f981a54d4e55b278e9f760,2025-04-20,0.0,43.748961,8,0,0,0,8,124997.05,15624.63125,0.043179574404297975,0.10891765829223907,0.9138188640103619,361846.78523487475,37,Fear,0.5,1.0,Fear,High Leverage
0x4f93fead39b70a1824f981a54d4e55b278e9f760,2025-04-21,459.15399399999995,52.659392999999994,9,9,0,9,0,150455.44999999998,16717.272222222222,0.046161078582941203,0.2716656017446572,0.977722831792468,362180.06511644414,39,Fear,1.0,0.0,Fear,High Leverage
0x4f93fead39b70a1824f981a54d4e55b278e9f760,2025-04-24,0.0,26.249421,4,0,0,0,0,74998.36,18749.59,0.05176232315853063,0.069015658846694,1.0965845376005299,362222.48065749975,63,Greed,0.5,0.0,Greed,High Leverage
0x4f93fead39b70a1824f981a54d4e55b278e9f760,2025-04-25,0.0,157.50983,16,0,0,0,0,450028.12,28126.7575,0.07767083055429294,0.2652501299097403,1.645015563931784,362127.98155424977,60,Greed,0.5,0.0,Greed,High Leverage
0x4f93fead39b70a1824f981a54d4e55b278e9f760,2025-04-30,5286.100993,243.16447399999998,36,23,0,23,26,694755.66,19298.768333333333,0.05285385759924946,0.30322922455537804,1.1287036649371045,365149.3302818609,56,Greed,1.0,2.6,Neutral,High Leverage
0x4f93fead39b70a1824f981a54d4e55b278e9f760,2025-05-01,1220.746604,70.42867100000001,14,7,3,10,3,201224.78,14373.198571428571,0.03907925405621266,0.11250887244415068,0.8406278382242277,367863.59427121404,53,Neutral,0.7,0.2727272727272727,Neutral,High Leverage
0x513b8629fe877bb581bf244e326a047b249c4ff1,2024-12-09,0.0,1.90281219,42,0,0,0,42,70653.29,1682.2211904761903,0.016822381078036425,0.09166242721055969,0.0489066406185387,99999.04856762548,78,Extreme Greed,0.5,1.0,Greed,High Leverage
0x513b8629fe877bb581bf244e326a047b249c4ff1,2024-12-12,0.0,5.42675177,89,0,0,0,89,296563.81,3332.177640449438,0.03332335713517838,0.5520258260075438,0.09687525948502637,99995.32145067629,83,Extreme Greed,0.5,1.0,Greed,High Leverage
0x513b8629fe877bb581bf244e326a047b249c4ff1,2024-12-15,0.0,1.7473268100000001,28,0,0,0,28,117435.62,4194.129285714285,0.0419447587747508,0.11309959366596399,0.1219344845050091,99991.71713592857,80,Extreme Greed,0.5,1.0,Greed,High Leverage
0x513b8629fe877bb581bf244e326a047b249c4ff1,2024-12-19,0.0,3.30336134,64,0,0,0,64,242679.37,3791.86515625,0.03792275161432408,0.29976880965694264,0.11023959721859336,99989.30220433984,75,Extreme Greed,0.5,1.0,Greed,High Leverage
0x513b8629fe877bb581bf244e326a047b249c4ff1,2025-02-14,194499.072534,309.734741,464,464,0,464,0,921831.01,1986.7047629310346,0.010974736555218557,0.3072807853651316,0.057758787254548284,205780.2515259417,48,Neutral,1.0,0.0,Neutral,High Leverage
0x513b8629fe877bb581bf244e326a047b249c4ff1,2025-02-17,0.0,11.762783579999999,292,0,0,0,292,921521.26,3155.894726027397,0.01072809739131942,0.26019784408962465,0.09175024667955406,294170.2723112708,51,Neutral,0.5,1.0,Neutral,High Leverage
0x513b8629fe877bb581bf244e326a047b249c4ff1,2025-03-17,0.0,107.542891,35,0,0,0,35,320068.24,9144.806857142858,0.031095669282358945,0.7406778167359048,0.2658638382516346,294144.0668759672,32,Fear,0.5,1.0,Fear,High Leverage
0x513b8629fe877bb581bf244e326a047b249c4ff1,2025-03-18,5429.87424,24.827891,6,6,0,6,0,258623.93000000002,43103.988333333335,0.1441173305803062,0.8018599359154628,1.2531474924812245,295127.56890231,34,Fear,1.0,0.0,Fear,High Leverage
0x513b8629fe877bb581bf244e326a047b249c4ff1,2025-03-19,13272.411278,255.50186300000001,133,20,23,43,69,863420.6900000001,6491.884887218045,0.021180266207521118,0.20397052466014695,0.18873634627454736,309217.42600303935,32,Fear,0.46511627906976744,1.078125,Fear,High Leverage
0x513b8629fe877bb581bf244e326a047b249c4ff1,2025-03-20,3865.013572,10.415377,75,75,0,75,0,104381.48,1391.7530666666667,0.00442397448401326,0.025465663519320135,0.040461960321608,315014.5987238301,49,Neutral,1.0,0.0,Neutral,High Leverage
0x513b8629fe877bb581bf244e326a047b249c4ff1,2025-03-27,0.0,53.410361,77,0,0,0,77,158959.64,2064.410909090909,0.0065266280112291734,0.1052034997836747,0.060017911432514955,316305.986104414,40,Fear,0.5,1.0,Fear,High Leverage
0x513b8629fe877bb581bf244e326a047b249c4ff1,2025-03-28,1470.407794,53.904336,84,84,0,84,0,160429.83000000002,1909.8789285714288,0.006023594553097269,0.15656111688388502,0.055525256080100865,316900.46352246485,44,Fear,1.0,0.0,Neutral,High Leverage
0x513b8629fe877bb581bf244e326a047b249c4ff1,2025-04-01,0.0,17.232134000000002,13,0,0,0,13,179501.53,13807.81,0.04346366081459747,0.20375273801755078,0.4014297318463263,317686.7532722332,34,Fear,0.5,1.0,Fear,High Leverage
0x513b8629fe877bb581bf244e326a047b249c4ff1,2025-04-03,0.0,15.327551,49,0,0,0,49,110787.03,2260.9597959183675,0.007117299676425774,0.09630494481347046,0.06573210991394253,317673.5377770857,25,Fear,0.5,1.0,Fear,High Leverage
0x513b8629fe877bb581bf244e326a047b249c4ff1,2025-04-05,0.0,23.31552,34,0,0,0,34,86259.65,2537.0485294117643,0.007986925887089455,0.03148305903039212,0.07375874312022551,317652.8480528102,30,Fear,0.5,1.0,Fear,High Leverage
0x513b8629fe877bb581bf244e326a047b249c4ff1,2025-04-07,-37999.868086,98.41425100000001,76,6,48,54,6,529712.57,6969.902236842105,0.02384453089146309,0.37592874828580947,0.20263358099007997,308487.1376822311,23,Extreme Fear,0.1111111111111111,0.08571428571428572,Fear,High Leverage
0x513b8629fe877bb581bf244e326a047b249c4ff1,2025-04-08,3131.840108,137.349014,148,16,0,16,132,1430720.55,9667.030743243244,0.03444536188513733,1.6372542648249924,0.28104627446425806,279724.2760328776,24,Extreme Fear,1.0,8.25,Fear,High Leverage
0x513b8629fe877bb581bf244e326a047b249c4ff1,2025-04-09,-36253.79272600001,301.804613,122,83,4,87,4,1376396.1,11281.93524590164,0.04357551464378628,1.4762565074612382,0.32799584006949056,252963.8876173429,18,Extreme Fear,0.9540229885057471,0.03389830508474576,Fear,High Leverage
0x513b8629fe877bb581bf244e326a047b249c4ff1,2025-04-10,22908.117383999997,1496.682866,337,244,2,246,257,8621968.6,25584.4765578635,0.09950222103044198,4.574828590443893,0.7438087259349431,256294.58438836926,39,Fear,0.991869918699187,3.2125,Fear,High Leverage
0x513b8629fe877bb581bf244e326a047b249c4ff1,2025-04-11,0.0,191.626505,65,0,0,0,65,2161623.49,33255.74600000001,0.12441054311119536,2.9989328089715426,0.9668329155115502,267261.40340594115,25,Fear,0.5,1.0,Fear,High Leverage
0x513b8629fe877bb581bf244e326a047b249c4ff1,2025-04-12,88152.006818,10554.753586,1251,195,133,328,459,51250451.44,40967.58708233413,0.14297897567313983,12.565755229425825,1.1910366304904552,283485.84756280127,43,Fear,0.5945121951219512,0.5795454545454546,Neutral,High Leverage
0x513b8629fe877bb581bf244e326a047b249c4ff1,2025-04-13,11239.437228,1853.425964,285,86,0,86,199,9047544.72,31745.770947368423,0.08975091861246556,0.763895895565744,0.9229339278753835,353261.0135808298,45,Neutral,1.0,2.313953488372093,Neutral,High Leverage
0x513b8629fe877bb581bf244e326a047b249c4ff1,2025-04-14,7922.167265,1348.722326,230,58,32,90,140,8793628.31,38233.16656521739,0.10754625682944559,2.0239581917145446,1.1115397591588487,354701.0570951759,31,Fear,0.6444444444444445,1.5555555555555556,Fear,High Leverage
0x513b8629fe877bb581bf244e326a047b249c4ff1,2025-04-15,40966.673478,1411.890268,731,433,0,433,172,18452080.43,25242.244090287277,0.06419921201570113,4.09673304109779,0.7338591185976296,390584.502725599,38,Fear,1.0,0.3076923076923077,Fear,High Leverage
0x513b8629fe877bb581bf244e326a047b249c4ff1,2025-04-16,41498.141783,5697.318453,886,342,38,380,548,34759929.84,39232.42645598194,0.0934774493418875,4.9016564671897465,1.140590899781033,419474.43626663985,29,Fear,0.9,1.621301775147929,Fear,High Leverage
0x513b8629fe877bb581bf244e326a047b249c4ff1,2025-04-17,0.0,0.0,5,0,0,0,5,738096.51,147619.302,0.3384877535201971,0.7252833080123939,4.291685416963433,436114.15912331303,30,Fear,0.5,1.0,Fear,High Leverage
0x513b8629fe877bb581bf244e326a047b249c4ff1,2025-04-18,43400.145539,4181.767321,379,289,0,289,90,22266842.28,58751.562744063325,0.126965446790473,6.055022784509834,1.7080640650401442,461853.65369348996,33,Fear,1.0,0.31141868512110726,Fear,High Leverage
0x513b8629fe877bb581bf244e326a047b249c4ff1,2025-04-19,62373.791704,5179.546923,637,229,0,229,397,27480723.29,43140.85288854003,0.08530679276185152,6.159845938800158,1.2542192430710182,504562.9647367609,32,Fear,1.0,1.6541666666666666,Fear,High Leverage
0x513b8629fe877bb581bf244e326a047b249c4ff1,2025-04-20,0.0,1033.35275,160,0,0,0,160,8411089.25,52569.3078125,0.09886029395040187,3.5903052503463417,1.5283294844380724,531769.9726951823,37,Fear,0.5,1.0,Fear,High Leverage
0x513b8629fe877bb581bf244e326a047b249c4ff1,2025-04-21,39772.479641,5948.44489,869,316,132,448,432,40012549.38,46044.36062140392,0.08282602747603045,6.952331439097696,1.3386319291245836,558461.4652866685,39,Fear,0.7053571428571429,0.988558352402746,Fear,High Leverage
0x513b8629fe877bb581bf244e326a047b249c4ff1,2025-04-22,73209.060448,3736.434319,418,185,0,185,233,26170409.74,62608.63574162679,0.10420190698723918,5.7799335230356546,1.8201994274997673,597960.6262756451,47,Neutral,1.0,1.2594594594594595,Neutral,High Leverage
0x513b8629fe877bb581bf244e326a047b249c4ff1,2025-04-23,1656.211757,2648.813974,211,118,38,156,37,11516582.93,54580.961753554504,0.08613533078069226,1.3671673654961525,1.586813610604721,633601.8293048815,72,Greed,0.7564102564102564,0.21264367816091953,Greed,High Leverage
0x513b8629fe877bb581bf244e326a047b249c4ff1,2025-04-24,35332.403093,6707.4277870000005,672,303,75,378,279,31682571.34,47146.683541666665,0.07230293149397395,3.357522031462848,1.370679385910934,652163.9554905059,63,Greed,0.8015873015873016,0.7099236641221374,Greed,High Leverage
0x513b8629fe877bb581bf244e326a047b249c4ff1,2025-04-25,8410.75479,5721.951347,499,298,0,298,298,24878050.18,49855.811983967935,0.07533904976771856,1.2152627708315547,1.4494409494123333,661807.4302793805,60,Greed,1.0,1.4825870646766168,Greed,High Leverage
0x513b8629fe877bb581bf244e326a047b249c4ff1,2025-04-26,0.0,2531.027945,314,0,0,0,314,11004470.02,35046.08286624204,0.0527947697488835,1.5442960393395384,1.018882766148989,663649.4438339272,65,Greed,0.5,1.0,Greed,High Leverage
0x513b8629fe877bb581bf244e326a047b249c4ff1,2025-04-28,37973.605394,5770.1741600000005,654,349,48,397,257,25087715.08,38360.42061162079,0.05739934694950966,2.0304778824725638,1.115239372473638,673408.71614275,54,Neutral,0.8790931989924433,0.6473551637279596,Neutral,High Leverage
0x513b8629fe877bb581bf244e326a047b249c4ff1,2025-04-29,117648.295306,4727.304068,992,474,0,474,518,31886938.4,32144.09112903226,0.04475105353765204,1.7351302487170999,0.9345141541179445,714804.9971899422,60,Greed,1.0,1.0928270042194093,Greed,High Leverage
0x513b8629fe877bb581bf244e326a047b249c4ff1,2025-04-30,0.0,2532.342389,481,0,0,0,481,11030686.27,22932.819688149688,0.028437878354449057,0.7410122687824497,0.6667180137830749,806406.0488162362,56,Greed,0.5,1.0,Neutral,High Leverage
0x513b8629fe877bb581bf244e326a047b249c4ff1,2025-05-01,60544.304874,1718.711472,329,236,0,236,93,7472659.26,22713.250030395135,0.02744235923676706,0.9441608714813974,0.6603345403116122,823333.0168802533,53,Neutral,1.0,0.3940677966101695,Neutral,High Leverage
0x6d6a4b953f202f8df5bed40692e7fd865318264a,2024-12-11,698.009722,0.382683,8,8,0,8,0,1093.3899999999999,136.67374999999998,0.001361376554084516,0.0015792975647866104,0.18303074196707345,100389.096955875,74,Greed,1.0,0.0,Greed,Low Leverage
0x6d6a4b953f202f8df5bed40692e7fd865318264a,2024-12-12,362.84131,0.1863,4,4,0,4,0,532.29,133.0725,0.0013183724524869229,0.001759172799972843,0.17820802027026683,100880.837484,83,Extreme Greed,1.0,0.0,Greed,Low Leverage
0x6d6a4b953f202f8df5bed40692e7fd865318264a,2024-12-14,39057.10912,15.692086,80,80,0,80,0,53177.8,664.7225000000001,0.005526765420360904,0.08337157990553817,0.8901830262007735,116888.8214889125,83,Extreme Greed,1.0,0.0,Greed,Low Leverage
0x6d6a4b953f202f8df5bed40692e7fd865318264a,2024-12-15,18879.21027,2.452747,15,15,0,15,0,24527.5,1635.1666666666667,0.01075779858906604,0.07754195293612348,2.189782370351485,145576.0480038,80,Extreme Greed,1.0,0.0,Greed,Low Leverage
0x6d6a4b953f202f8df5bed40692e7fd865318264a,2024-12-16,12648.870412,5.615201,47,47,0,47,0,16043.470000000001,341.35042553191494,0.002063315502234035,0.0064433939525364746,0.4571296364948107,165481.38360785105,83,Extreme Greed,1.0,0.0,Greed,Low Leverage
0x6d6a4b953f202f8df5bed40692e7fd865318264a,2024-12-17,2244.04603,0.983103,7,7,0,7,0,2808.88,401.2685714285714,0.002319300471828568,0.006289824569021576,0.5373708144880712,173058.15170585716,87,Extreme Greed,1.0,0.0,Greed,Low Leverage
0x6d6a4b953f202f8df5bed40692e7fd865318264a,2024-12-21,27649.187167,11.614553,89,89,0,89,0,33184.51,372.85966292134833,0.001988280980201128,0.003682437345008975,0.4993261745879314,185598.81540433707,73,Greed,1.0,0.0,Greed,Low Leverage
0x6d6a4b953f202f8df5bed40692e7fd865318264a,2025-01-11,0.0,0.12835808,33,0,0,0,33,7499.83,227.26757575757574,0.0011278660425197633,0.008500153958058948,0.3043521745468107,201502.30477394027,69,Greed,0.5,1.0,Greed,Low Leverage
0x6d6a4b953f202f8df5bed40692e7fd865318264a,2025-01-12,0.0,0.16975321,12,0,0,0,12,10000.0,833.3333333333334,0.004135605704840858,0.008813951993435343,1.115983268959069,201502.1117349883,62,Greed,0.5,1.0,Greed,Low Leverage
0x6d6a4b953f202f8df5bed40692e7fd865318264a,2025-01-13,0.0,0.2244543,23,0,0,0,23,12500.89,543.5169565217391,0.0026973288103732127,0.009691963124479723,0.7278669958485774,201501.93021466,61,Greed,0.5,1.0,Greed,Low Leverage
0x6d6a4b953f202f8df5bed40692e7fd865318264a,2025-01-19,0.0,0.05935712,12,0,0,0,12,3500.01,291.6675,0.001447468526147202,0.00497752429921547,0.3905952601189431,201501.78822140498,77,Extreme Greed,0.5,1.0,Greed,Low Leverage
0x6d6a4b953f202f8df5bed40692e7fd865318264a,2025-01-20,0.0,0.08311618,3,0,0,0,3,4999.92,1666.64,0.008271096233827152,0.012405948505302246,2.231930826453531,201501.70691763997,76,Extreme Greed,0.5,1.0,Greed,Low Leverage
0x6d6a4b953f202f8df5bed40692e7fd865318264a,2025-01-23,0.0,0.00622252,3,0,0,0,3,423.0,141.0,0.000699746035411241,0.0014248516602808348,0.18882436910787445,201501.67856388664,75,Extreme Greed,0.5,1.0,Greed,Low Leverage
0x6d6a4b953f202f8df5bed40692e7fd865318264a,2025-01-27,0.0,0.23187297,11,0,0,0,11,14000.05,1272.7318181818182,0.006316238574185538,0.01904808762569036,1.7044168979553176,201501.53733688817,71,Greed,0.5,1.0,Greed,Low Leverage
0x6d6a4b953f202f8df5bed40692e7fd865318264a,2025-01-30,1643.602279,3.3403080000000003,8,8,0,8,0,9941.4,1242.675,0.006136528900393619,0.019902806153092544,1.6641654105044532,202158.47421486996,70,Greed,1.0,0.0,Greed,Low Leverage
0x6d6a4b953f202f8df5bed40692e7fd865318264a,2025-02-01,0.0,0.1274312,5,0,0,0,5,9938.12,1987.6240000000003,0.009784424915644898,0.012233783035103163,2.6617861547778,203141.62903298397,68,Greed,0.5,1.0,Greed,Low Leverage
0x6d6a4b953f202f8df5bed40692e7fd865318264a,2025-02-14,844.8168900000001,1.795024,21,21,0,21,0,5342.37,254.39857142857142,0.0012496649129187438,0.002090062341114711,0.3406854592336492,203526.66899294374,48,Neutral,1.0,0.0,Neutral,Low Leverage
0x6d6a4b953f202f8df5bed40692e7fd865318264a,2025-02-15,0.0,0.06949772,11,0,0,0,11,5340.41,485.4918181818182,0.002380041970129116,0.004326258367849034,0.6501608955689128,203984.56545842177,50,Neutral,0.5,1.0,Neutral,Low Leverage
0x6d6a4b953f202f8df5bed40692e7fd865318264a,2025-03-26,413.304033,1.54725809,18,2,0,2,16,15764.01,875.7783333333333,0.00428822030026883,0.02294090737118694,1.17282476078023,204164.8362908405,47,Neutral,1.0,8.0,Neutral,Low Leverage
0x6d6a4b953f202f8df5bed40692e7fd865318264a,2025-03-27,154.257092,2.30112336,23,15,0,15,8,12658.35,550.3630434782609,0.0026917997057260305,0.011420464759516882,0.737035138050158,204439.79772161692,40,Fear,1.0,0.5333333333333333,Fear,Low Leverage
0x6d6a4b953f202f8df5bed40692e7fd865318264a,2025-03-28,0.0,0.06741754,12,0,0,0,12,2726.7,227.225,0.001110862848899006,0.004888578801686847,0.3042951579470693,204548.217427475,44,Fear,0.5,1.0,Neutral,Low Leverage
0x6d6a4b953f202f8df5bed40692e7fd865318264a,2025-03-29,0.0,0.02113366,7,0,0,0,7,1549.8899999999999,221.41285714285712,0.0010824485229558533,0.0024432876446662095,0.2965116529246236,204548.1626531571,26,Fear,0.5,1.0,Fear,Low Leverage
0x6d6a4b953f202f8df5bed40692e7fd865318264a,2025-03-30,3.492534,0.27692968,6,1,0,1,4,1656.06,276.01,0.0013493430926315977,0.003679075373714733,0.3696270504784711,204551.3867621467,32,Fear,1.0,2.0,Fear,Low Leverage
0x6d6a4b953f202f8df5bed40692e7fd865318264a,2025-03-31,0.0,0.00395464,1,0,0,0,1,149.99,149.99,0.0007332632493199756,0.0007332632493199756,0.2008635966134049,204551.36697373,34,Fear,0.5,1.0,Fear,Low Leverage
0x6d6a4b953f202f8df5bed40692e7fd865318264a,2025-04-01,132.71954399999998,8.474178,14,4,0,4,4,27360.350000000002,1954.3107142857145,0.009549677860351718,0.02441950510077048,2.617173671388365,204631.15108001573,34,Fear,1.0,0.4,Fear,Low Leverage
0x6d6a4b953f202f8df5bed40692e7fd865318264a,2025-04-02,234.497751,10.156926,34,9,0,9,15,38102.270000000004,1120.6550000000002,0.005470256699202581,0.03826624560066164,1.5007586763303902,204855.22651253498,44,Fear,1.0,0.7894736842105263,Neutral,Low Leverage
0x6d6a4b953f202f8df5bed40692e7fd865318264a,2025-04-03,298.031364,4.44771796,20,5,0,5,19,18458.77,922.9385,0.0044988668809679356,0.042005031062063145,1.2359807091338155,205159.3757656345,25,Fear,1.0,19.0,Fear,Low Leverage
0x6d6a4b953f202f8df5bed40692e7fd865318264a,2025-04-04,392.35488599999996,7.347055961,60,9,0,9,36,37577.76,626.296,0.003048978589949006,0.01561295765722858,0.8387230288991868,205364.0736919803,28,Fear,1.0,1.5,Fear,Low Leverage
0x6d6a4b953f202f8df5bed40692e7fd865318264a,2025-04-05,41.479757,5.865414,17,11,1,12,12,17457.45,1026.9088235294118,0.004995146663231223,0.017041037125339848,1.3752156789663175,205587.72603022074,30,Fear,0.9166666666666666,2.4,Fear,Low Leverage
0x6d6a4b953f202f8df5bed40692e7fd865318264a,2025-04-06,207.983482,6.1563211185,22,10,0,10,20,30469.59,1384.9813636363635,0.006733819368543723,0.024391174341941674,1.8547392355659575,205719.11893530516,34,Fear,1.0,10.0,Fear,Low Leverage
0x6d6a4b953f202f8df5bed40692e7fd865318264a,2025-04-07,232.00072600000001,12.0379582839,51,7,2,9,32,50517.06,990.5305882352941,0.0048100175352728015,0.038016442266478226,1.3264986766353275,205872.18638131226,23,Extreme Fear,0.7777777777777778,1.6842105263157894,Fear,Low Leverage
0x6d6a4b953f202f8df5bed40692e7fd865318264a,2025-04-08,409.437344,14.054602,32,12,0,12,12,41829.28,1307.165,0.006338931331168591,0.023528348448616485,1.7505291237226575,206186.22566390657,24,Extreme Fear,1.0,0.6,Fear,Low Leverage
0x6d6a4b953f202f8df5bed40692e7fd865318264a,2025-04-09,1395.820542,16.225930339,60,25,0,25,13,54157.02,902.617,0.004361136478471808,0.01770729984912035,1.2087665643336334,206959.30224469717,18,Extreme Fear,1.0,0.2765957446808511,Fear,Low Leverage
0x6d6a4b953f202f8df5bed40692e7fd865318264a,2025-04-10,463.813132,9.670866,18,9,0,9,14,28782.82,1599.0455555555554,0.007688524694491022,0.024062192855738608,2.1414097035640314,207946.00290440093,39,Fear,1.0,3.5,Fear,Low Leverage
0x6d6a4b953f202f8df5bed40692e7fd865318264a,2025-04-11,56.216535,3.630567,5,1,0,1,0,10805.27,2161.054,0.010374079580442841,0.04587276181892922,2.894040128780486,208296.5420416676,25,Fear,1.0,0.0,Fear,Low Leverage
0x6d6a4b953f202f8df5bed40692e7fd865318264a,2025-04-12,-89.1781,4.413168,12,0,2,2,2,13134.46,1094.5383333333332,0.0052544562852017244,0.01679233450248884,1.4657837606812132,208304.77829665094,43,Fear,0.0,0.2,Neutral,Low Leverage
0x6d6a4b953f202f8df5bed40692e7fd865318264a,2025-04-13,0.0,0.335812,1,0,0,0,0,999.44,999.44,0.004799837234609406,0.004799837234609406,1.338429981994142,208223.72742006762,45,Neutral,0.5,0.0,Neutral,Low Leverage
0x6d6a4b953f202f8df5bed40692e7fd865318264a,2025-04-14,73.7414,3.7205190000000004,5,1,0,1,2,11072.98,2214.596,0.01063405820087241,0.024357140055239937,2.9657425002044135,208236.55524526763,31,Fear,1.0,0.6666666666666666,Fear,Low Leverage
0x6d6a4b953f202f8df5bed40692e7fd865318264a,2025-04-15,0.0,3.023861,8,0,0,0,0,8999.61,1124.95125,0.0054008429848636935,0.02160171262526573,1.5065121280735088,208292.3554798176,38,Fear,0.5,0.0,Fear,Low Leverage
0x6d6a4b953f202f8df5bed40692e7fd865318264a,2025-04-16,70.94968,0.664443,4,4,0,4,4,1977.52,494.38,0.002372952689825893,0.005272683410549315,0.6620637702095813,208337.7068353176,29,Fear,1.0,1.0,Fear,Low Leverage
0x6d6a4b953f202f8df5bed40692e7fd865318264a,2025-04-19,0.0,11.831706,85,0,0,0,0,35213.62,414.2778823529412,0.0019883272169631057,0.007199029654434083,0.554792622486811,208354.73616899704,32,Fear,0.5,0.0,Fear,Low Leverage
0x6d6a4b953f202f8df5bed40692e7fd865318264a,2025-04-21,0.0,2.350774,6,0,0,0,0,6996.37,1166.0616666666667,0.005596709272677861,0.011993616170307444,1.5615663726894322,208347.74525190095,39,Fear,0.5,0.0,Fear,Low Leverage
0x6d6a4b953f202f8df5bed40692e7fd865318264a,2025-04-22,0.0,3.359421,10,0,0,0,0,9998.32,999.832,0.004798928968208014,0.012001719429130761,1.3389549405238603,208344.7227497676,47,Neutral,0.5,0.0,Neutral,Low Leverage
0x6d6a4b953f202f8df5bed40692e7fd865318264a,2025-04-23,0.0,3.191839,18,0,0,0,0,9499.6,527.7555555555556,0.0025331280937527247,0.022406049019073383,0.7067596441202381,208342.23739023425,72,Greed,0.5,0.0,Greed,Low Leverage
0x6d6a4b953f202f8df5bed40692e7fd865318264a,2025-04-24,168.69881,2.968202,20,13,0,13,13,8833.98,441.69899999999996,0.0021191109445709943,0.007198237887367772,0.5915144326991422,208438.8996474676,63,Greed,1.0,1.8571428571428572,Greed,Low Leverage
0x6d6a4b953f202f8df5bed40692e7fd865318264a,2025-04-25,0.0,1.2598989999999999,7,0,0,0,0,3749.7200000000003,535.6742857142857,0.002569116536362951,0.004798382692308991,0.7173642485624914,208505.08479763908,60,Greed,0.5,0.0,Greed,Low Leverage
0x6d6a4b953f202f8df5bed40692e7fd865318264a,2025-04-26,43.903059999999996,4.269011,7,4,0,4,4,12705.41,1815.0585714285714,0.00870349139922142,0.023973514216961516,2.4306899974740417,208538.09252563905,65,Greed,1.0,1.3333333333333333,Greed,Low Leverage
0x72743ae2822edd658c0c50608fd7c5c501b2afbd,2024-12-17,0.0,181.119965,98,0,0,0,0,1811199.98,18481.63244897959,0.1849883448339059,0.9994919946306927,2.5609650300919187,99906.01592260203,87,Extreme Greed,0.5,0.0,Greed,Low Leverage
0x72743ae2822edd658c0c50608fd7c5c501b2afbd,2024-12-22,327545.999992,148.364951,104,104,0,104,104,1483649.99,14265.865288461539,0.06216456400197527,0.446820962002359,1.9767941078045463,256828.2454168846,73,Greed,1.0,1.0,Greed,Low Leverage
0x72743ae2822edd658c0c50608fd7c5c501b2afbd,2025-01-04,0.0,163.134953,141,0,0,0,0,1631349.94,11569.857730496453,0.027087405250473526,0.764275989985265,1.603213413789971,427136.25412736175,73,Greed,0.5,0.0,Greed,Low Leverage
0x72743ae2822edd658c0c50608fd7c5c501b2afbd,2025-01-08,122050.866984,184.198246,48,48,0,48,48,1509298.16,31443.711666666666,0.061653303894677054,1.7612830945184366,4.357095955507579,464558.71766197914,70,Greed,1.0,1.0,Greed,Low Leverage
0x72743ae2822edd658c0c50608fd7c5c501b2afbd,2025-02-28,0.0,12.04205396,77,0,0,0,19,112256.83,1457.8809090909092,0.0026559552883471094,0.032251917463027135,0.2020158141618368,548911.4837942218,16,Extreme Fear,0.5,0.3275862068965517,Fear,Low Leverage
0x72743ae2822edd658c0c50608fd7c5c501b2afbd,2025-03-08,0.0,1.6909976199999999,15,0,0,0,10,31798.0,2119.866666666667,0.0038619747940728047,0.009139513642920982,0.29374593487766265,548907.5643460253,28,Fear,0.5,2.0,Fear,Low Leverage
0x72743ae2822edd658c0c50608fd7c5c501b2afbd,2025-03-09,0.0,6.66909734,90,0,0,0,74,122911.95999999999,1365.6884444444443,0.0024880421178481928,0.0667408943147673,0.1892408778216967,548900.8328629794,27,Fear,0.5,4.625,Fear,Low Leverage
0x72743ae2822edd658c0c50608fd7c5c501b2afbd,2025-04-08,0.0,10.62996137,77,0,0,0,37,191099.99,2481.818051948052,0.0045215031802462976,0.03358570879558031,0.3439008572232876,548891.5542882462,24,Extreme Fear,0.5,0.925,Fear,Low Leverage
0x72743ae2822edd658c0c50608fd7c5c501b2afbd,2025-04-09,33980.0,642.384777,355,312,0,312,43,2873921.37,8095.553154929577,0.014529242574443102,0.3189184998893522,1.1217855666299452,559934.242978126,18,Extreme Fear,1.0,0.13782051282051283,Fear,Low Leverage
0x72743ae2822edd658c0c50608fd7c5c501b2afbd,2025-04-10,0.0,10.024317,8,0,0,0,0,100243.20999999999,12530.401249999999,0.021521780885498436,0.10079067445827536,1.7363141217561555,582220.8384040837,39,Fear,0.5,0.0,Fear,Low Leverage
0x72743ae2822edd658c0c50608fd7c5c501b2afbd,2025-04-11,0.0,15.520228000000001,3,0,0,0,0,155202.3,51734.1,0.08885928495929411,0.23906385621195012,7.168696884814055,582201.622078042,25,Fear,0.5,0.0,Fear,Low Leverage
0x72743ae2822edd658c0c50608fd7c5c501b2afbd,2025-04-16,-14838.4,24.399981,53,0,53,53,53,244000.02,4603.773962264151,0.008017763024405138,0.06421646142450185,0.6379362946619556,574528.3902318408,29,Fear,0.0,1.0,Fear,Low Leverage
0x72743ae2822edd658c0c50608fd7c5c501b2afbd,2025-04-18,-42923.271911,58.525344,65,50,15,65,15,575327.59,8851.193692307692,0.01613248003943213,0.45240831048754615,1.226493253945308,562967.5471130472,33,Fear,0.7692307692307693,0.3,Fear,Low Leverage
0x72743ae2822edd658c0c50608fd7c5c501b2afbd,2025-04-19,0.0,5.493336,39,0,0,0,0,50220.57,1287.706923076923,0.002455798488478191,0.009510158169983398,0.17843512514985338,524353.909691273,32,Fear,0.5,0.0,Fear,Low Leverage
0x72743ae2822edd658c0c50608fd7c5c501b2afbd,2025-04-20,-458.08035,5.067853,38,0,38,38,38,50678.6,1333.6473684210525,0.0025445999170828413,0.007536908536754756,0.18480100621138593,524137.9013826298,37,Fear,0.0,1.0,Fear,Low Leverage
0x72743ae2822edd658c0c50608fd7c5c501b2afbd,2025-04-22,0.0,10.599979,79,0,0,0,79,106000.01,1341.7722784810126,0.002561209830079968,0.0448317847116784,0.18592685970910272,523882.2897088733,47,Neutral,0.5,1.0,Neutral,Low Leverage
0x72743ae2822edd658c0c50608fd7c5c501b2afbd,2025-04-23,10148.4512,56.316286,167,36,0,36,78,272792.47000000003,1633.4878443113773,0.003079485801263199,0.05158470739305936,0.22634933672174823,529706.6617817747,72,Greed,1.0,0.8764044943820225,Greed,Low Leverage
0x72743ae2822edd658c0c50608fd7c5c501b2afbd,2025-04-24,-3500.0,9.749953,111,0,59,59,0,97499.96,878.3780180180181,0.0016481639293122246,0.014824542357828511,0.12171518904271862,533176.8407793035,63,Greed,0.0,0.0,Greed,Low Leverage
0x72743ae2822edd658c0c50608fd7c5c501b2afbd,2025-04-25,-2650.0,5.504987,22,0,22,22,0,55049.97,2502.2713636363637,0.004729769138767572,0.01001493704686284,0.34673503413530754,528961.2840178908,60,Greed,0.0,0.0,Greed,Low Leverage
0x72c6a4624e1dffa724e6d00d64ceae698af892a0,2024-09-20,0.0,2.716968,4,0,0,0,0,28301.77,7075.4425,0.0707558028987591,0.14649838834418039,3.316094448734256,99998.1789745,54,Neutral,0.5,0.0,Neutral,Low Leverage
0x72c6a4624e1dffa724e6d00d64ceae698af892a0,2024-09-24,0.0,0.586902,1,0,0,0,0,6113.57,6113.57,0.061137719910786814,0.061137719910786814,2.86528730025695,99996.69613,54,Neutral,0.5,0.0,Neutral,Low Leverage
0x72c6a4624e1dffa724e6d00d64ceae698af892a0,2024-09-25,0.0,0.264289,3,0,0,0,0,2753.02,917.6733333333333,0.009177058039980026,0.024035449557480767,0.43009203260688317,99996.44500166667,59,Greed,0.5,0.0,Neutral,Low Leverage
0x72c6a4624e1dffa724e6d00d64ceae698af892a0,2024-09-26,0.0,3.19406,5,0,0,0,0,33271.51,6654.302000000001,0.06654695586220265,0.18601807817413032,3.118715744266349,99994.83957899999,50,Neutral,0.5,0.0,Neutral,Low Leverage
0x72c6a4624e1dffa724e6d00d64ceae698af892a0,2024-09-27,0.0,2.506004,46,0,0,0,0,26104.72,567.4939130434783,0.005675413267986623,0.12249104035509106,0.26597112685658303,99991.22375893478,61,Greed,0.5,0.0,Greed,Low Leverage
0x72c6a4624e1dffa724e6d00d64ceae698af892a0,2024-09-28,0.0,2.8031200000000003,4,0,0,0,0,29199.21,7299.8025,0.07300619172840331,0.1376137070523476,3.4212467343359014,99989.22222,64,Greed,0.5,0.0,Greed,Low Leverage
0x72c6a4624e1dffa724e6d00d64ceae698af892a0,2024-09-30,0.0,3.589268,96,0,0,0,0,37388.95,389.4682291666666,0.003895226172660472,0.05905711656016652,0.18253465174763903,99986.95850966667,61,Greed,0.5,0.0,Greed,Low Leverage
0x72c6a4624e1dffa724e6d00d64ceae698af892a0,2024-10-25,8692.0,2.236411,5,5,0,5,5,23296.0,4659.2,0.04331654436962139,0.1856002437313258,2.183658090012412,102054.4930808,72,Greed,1.0,1.0,Greed,Low Leverage
0x72c6a4624e1dffa724e6d00d64ceae698af892a0,2024-11-29,573.585288,0.055063,1,1,0,1,0,573.59,573.59,0.0037808040598230146,0.0037808040598230146,0.2688282202631824,151711.115129,78,Extreme Greed,1.0,0.0,Greed,Low Leverage
0x72c6a4624e1dffa724e6d00d64ceae698af892a0,2024-12-12,0.0,2.280519,17,0,0,0,0,23755.55,1397.385294117647,0.00921091209695815,0.047169303082421184,0.6549218111187272,151710.38543641177,83,Extreme Greed,0.5,0.0,Greed,Low Leverage
0x72c6a4624e1dffa724e6d00d64ceae698af892a0,2024-12-13,0.0,8.501389,30,0,0,0,0,88556.4,2951.8799999999997,0.01945814978016389,0.15577339476981783,1.383477129710216,151705.08334093334,76,Extreme Greed,0.5,0.0,Greed,Low Leverage
0x72c6a4624e1dffa724e6d00d64ceae698af892a0,2024-12-14,0.0,8.430394,43,0,0,0,0,87816.93,2042.2541860465114,0.013462827149444795,0.07211066376894538,0.9571567812547602,151695.85075588373,83,Extreme Greed,0.5,0.0,Greed,Low Leverage
0x72c6a4624e1dffa724e6d00d64ceae698af892a0,2024-12-15,0.0,2.1599950000000003,8,0,0,0,0,22500.0,2812.5,0.0185410432225206,0.0747908183387512,1.318152982949843,151691.16513912502,80,Extreme Greed,0.5,0.0,Greed,Low Leverage
0x72c6a4624e1dffa724e6d00d64ceae698af892a0,2024-12-16,0.0,6.147281,41,0,0,0,0,64034.55,1561.818292682927,0.010296370405942019,0.12025031404181893,0.7319877124713354,151686.69126692685,83,Extreme Greed,0.5,0.0,Greed,Low Leverage
0x72c6a4624e1dffa724e6d00d64ceae698af892a0,2024-12-17,0.0,4.233596,14,0,0,0,0,44100.09,3150.0064285714284,0.0207672903573895,0.07039125074357581,1.476334353824928,151682.07897457146,87,Extreme Greed,0.5,0.0,Greed,Low Leverage
0x72c6a4624e1dffa724e6d00d64ceae698af892a0,2024-12-18,0.0,9.542375999999999,31,0,0,0,0,99399.99,3206.451290322581,0.021140387829571738,0.10320805745818633,1.502788740630074,151673.71433561292,81,Extreme Greed,0.5,0.0,Greed,Low Leverage
0x72c6a4624e1dffa724e6d00d64ceae698af892a0,2024-12-19,0.0,2.38848,1,0,0,0,0,24880.0,24880.0,0.16404312923161288,0.16404312923161288,11.660674210059412,151667.431099,75,Extreme Greed,0.5,0.0,Greed,Low Leverage
0x72c6a4624e1dffa724e6d00d64ceae698af892a0,2024-12-20,0.0,11.07761,28,0,0,0,0,115392.0,4121.142857142857,0.02717334990430546,0.15506755322872487,1.9314832889974387,151661.91819703573,74,Greed,0.5,0.0,Greed,Low Leverage
0x72c6a4624e1dffa724e6d00d64ceae698af892a0,2024-12-23,0.0,11.498103,35,0,0,0,0,119772.27,3422.0648571428574,0.022565548393760314,0.18288951099581932,1.6038417775255773,151650.4157124,70,Greed,0.5,0.0,Greed,Low Leverage
0x72c6a4624e1dffa724e6d00d64ceae698af892a0,2024-12-25,0.0,2.752992,1,0,0,0,0,28677.0,28677.0,0.18910974951725976,0.18910974951725976,13.44023932161872,151642.10239400002,73,Greed,0.5,0.0,Greed,Low Leverage
0x72c6a4624e1dffa724e6d00d64ceae698af892a0,2024-12-27,0.0,5.443196,6,0,0,0,0,56700.01,9450.001666666667,0.06231946132607247,0.18629724062197087,4.428994803839166,151638.911808,74,Greed,0.5,0.0,Greed,Low Leverage
0x72c6a4624e1dffa724e6d00d64ceae698af892a0,2024-12-28,0.0,7.854669,34,0,0,0,0,81819.74,2406.462941176471,0.015870410452258062,0.17428939921340186,1.1278529081848951,151633.33438594118,72,Greed,0.5,0.0,Greed,Low Leverage
0x72c6a4624e1dffa724e6d00d64ceae698af892a0,2024-12-29,0.0,6.7284180000000005,14,0,0,0,0,70087.78,5006.2699999999995,0.03301759919249207,0.19191957779345845,2.3463216831830436,151624.27854964286,73,Greed,0.5,0.0,Greed,Low Leverage
0x72c6a4624e1dffa724e6d00d64ceae698af892a0,2024-12-30,0.0,3.444814,15,0,0,0,0,35883.590000000004,2392.2393333333334,0.015777854482624917,0.06856786919311217,1.1211866357913876,151620.63153773334,65,Greed,0.5,0.0,Greed,Low Leverage
0x72c6a4624e1dffa724e6d00d64ceae698af892a0,2025-01-02,0.0,2.5615259999999997,3,0,0,0,0,26682.58,8894.193333333335,0.05866228757958337,0.08346740565900458,4.168500434939001,151617.10761500002,70,Greed,0.5,0.0,Greed,Low Leverage
0x72c6a4624e1dffa724e6d00d64ceae698af892a0,2025-01-03,0.0,3.4938670000000003,6,0,0,0,0,36394.5,6065.75,0.040007941699470424,0.11198471608955901,2.8428751844721813,151613.77383766667,74,Greed,0.5,0.0,Greed,Low Leverage
0x72c6a4624e1dffa724e6d00d64ceae698af892a0,2025-01-04,0.0,0.204379,1,0,0,0,0,2128.95,2128.95,0.01404205988327904,0.01404205988327904,0.9977890819737131,151612.371525,73,Greed,0.5,0.0,Greed,Low Leverage
0x72c6a4624e1dffa724e6d00d64ceae698af892a0,2025-01-05,0.0,2.199305,8,0,0,0,0,22909.5,2863.6875,0.01888845756931937,0.13036249290265464,1.34214336723953,151611.988072625,72,Greed,0.5,0.0,Greed,Low Leverage
0x72c6a4624e1dffa724e6d00d64ceae698af892a0,2025-01-06,0.0,6.986013,25,0,0,0,0,72771.21,2910.8484000000003,0.01920008203127753,0.1285179343618999,1.3642465782665878,151607.37445812003,76,Extreme Greed,0.5,0.0,Greed,Low Leverage
0x72c6a4624e1dffa724e6d00d64ceae698af892a0,2025-01-09,10647.977,3.702142,1,1,0,1,1,38563.98,38563.98,0.2376861847135494,0.2376861847135494,18.074035652059766,162247.46106499998,69,Greed,1.0,1.0,Greed,Low Leverage
0x72c6a4624e1dffa724e6d00d64ceae698af892a0,2025-01-24,0.0,0.018815909999999998,2,0,0,0,2,4517.8,2258.9,0.013922561145400329,0.015544960000835674,1.058693608243698,162247.447501235,75,Extreme Greed,0.5,1.0,Greed,Low Leverage
0x72c6a4624e1dffa724e6d00d64ceae698af892a0,2025-01-25,0.0,0.23434225,14,0,0,0,14,55742.0,3981.5714285714284,0.024540138696962085,0.0964319054183889,1.8660694241419722,162247.3584168807,75,Extreme Greed,0.5,1.0,Greed,Low Leverage
0x72c6a4624e1dffa724e6d00d64ceae698af892a0,2025-01-26,262.95,8.828095,55,16,0,16,16,91959.79000000001,1671.9961818181819,0.010294611942478646,0.06315763699831713,0.7836255127268924,162431.44708731273,73,Greed,1.0,0.41025641025641024,Greed,Low Leverage
0x72c6a4624e1dffa724e6d00d64ceae698af892a0,2025-01-27,0.0,1.0848,1,0,0,0,0,11300.0,11300.0,0.06953835669094939,0.06953835669094939,5.29604576260737,162500.24501184002,71,Greed,0.5,0.0,Greed,Low Leverage
0x72c6a4624e1dffa724e6d00d64ceae698af892a0,2025-01-28,1474.79,10.888123,70,38,0,38,38,113418.54,1620.264857142857,0.009901381520422298,0.08480486889805146,0.7593802505285896,163444.68009935424,72,Greed,1.0,1.1875,Greed,Low Leverage
0x72c6a4624e1dffa724e6d00d64ceae698af892a0,2025-02-02,0.0,2.973523,37,0,0,0,0,30974.559999999998,837.1502702702702,0.005105741558332813,0.05045275008404017,0.392352755887653,163962.3174525156,60,Greed,0.5,0.0,Greed,Low Leverage
0x72c6a4624e1dffa724e6d00d64ceae698af892a0,2025-02-04,0.0,1.44,1,0,0,0,0,15000.0,15000.0,0.09148587700207352,0.09148587700207352,7.030149242399163,163959.73336583993,72,Greed,0.5,0.0,Greed,Low Leverage
0x72c6a4624e1dffa724e6d00d64ceae698af892a0,2025-02-07,0.0,4.006744,54,0,0,0,25,41737.450000000004,772.9157407407408,0.0047141194705443085,0.035087117034580506,0.3622475339471271,163957.8017218955,44,Fear,0.5,0.8620689655172413,Neutral,Low Leverage
0x72c6a4624e1dffa724e6d00d64ceae698af892a0,2025-02-10,0.0,5.082878,24,0,0,0,0,52946.94,2206.1225,0.01345585864122368,0.12188825893018437,1.0339580281343164,163953.70832288158,43,Fear,0.5,0.0,Neutral,Low Leverage
0x72c6a4624e1dffa724e6d00d64ceae698af892a0,2025-02-14,0.0,1.468272,5,0,0,0,1,15294.55,3058.91,0.01865762757285991,0.060546507607810406,1.4336395879378148,163950.04723803993,48,Neutral,0.5,0.25,Neutral,Low Leverage
0x72c6a4624e1dffa724e6d00d64ceae698af892a0,2025-02-15,0.0,1.094397,7,0,0,0,7,11400.0,1628.5714285714287,0.009933441648848696,0.04700860143939031,0.7632733463176233,163948.8662588399,50,Neutral,0.5,1.0,Neutral,Low Leverage
0x72c6a4624e1dffa724e6d00d64ceae698af892a0,2025-02-16,0.0,0.9503969999999999,6,0,0,0,6,9900.0,1650.0,0.010064200394342174,0.03128763486682068,0.773316416663908,163947.62313167326,54,Neutral,0.5,1.0,Neutral,Low Leverage
0x72c6a4624e1dffa724e6d00d64ceae698af892a0,2025-02-18,0.0,0.605851,9,0,0,0,9,6310.99,701.2211111111111,0.00427712859914623,0.024436115307222405,0.3286459375354718,163946.71165717326,47,Neutral,0.5,1.0,Neutral,Low Leverage
0x72c6a4624e1dffa724e6d00d64ceae698af892a0,2025-02-21,0.0,0.646828,18,0,0,0,0,6737.94,374.33,0.0022832493633037835,0.005504126998378224,0.17543971772715192,163946.13733283992,55,Greed,0.5,0.0,Neutral,Low Leverage
0x72c6a4624e1dffa724e6d00d64ceae698af892a0,2025-02-22,0.0,1.39519,14,0,0,0,13,14533.33,1038.095,0.006331969937423395,0.0328680236943783,0.48653085185255723,163944.87041983992,49,Neutral,0.5,13.0,Neutral,Low Leverage
0x72c6a4624e1dffa724e6d00d64ceae698af892a0,2025-02-25,81776.7151,25.515211,137,136,0,136,137,265784.58999999997,1940.033503649635,0.009661101224572144,0.13994857028933347,0.9092483377274316,207710.59972535816,25,Fear,1.0,1.0,Fear,Low Leverage
0x72c6a4624e1dffa724e6d00d64ceae698af892a0,2025-02-26,8230.0,2.27616,1,1,0,1,1,23710.0,23710.0,0.09337461372024683,0.09337461372024683,11.112322569152276,253923.4065378399,21,Extreme Fear,1.0,1.0,Fear,Low Leverage
0x72c6a4624e1dffa724e6d00d64ceae698af892a0,2025-02-27,8517.7655,2.569862,13,13,0,13,13,26769.52,2059.193846153846,0.007954100698606121,0.03539227812902549,0.9650960038327653,257671.3284118399,10,Extreme Fear,1.0,1.0,Fear,Low Leverage
0x72c6a4624e1dffa724e6d00d64ceae698af892a0,2025-02-28,15700.5,2.835787,3,2,0,2,3,22702.71,7567.57,0.027313011209250462,0.0660427447855563,3.5467431001535092,277694.8766348399,16,Extreme Fear,1.0,1.0,Fear,Low Leverage
0x72c6a4624e1dffa724e6d00d64ceae698af892a0,2025-03-01,0.0,1.06357,14,0,0,0,10,11079.01,791.3578571428571,0.002845222537364268,0.010686232672626236,0.3708909226572988,278135.7405043399,20,Extreme Fear,0.5,2.5,Fear,Low Leverage
0x72c6a4624e1dffa724e6d00d64ceae698af892a0,2025-03-02,10915.212,3.278486,25,25,0,25,25,34151.01,1366.0404,0.004790418963085905,0.06099956755855088,0.6402311922097768,283538.3411744399,26,Fear,1.0,1.0,Fear,Low Leverage
0x72c6a4624e1dffa724e6d00d64ceae698af892a0,2025-03-03,17247.427499999998,5.812992,16,10,0,10,16,60552.15,3784.509375,0.0127039074296429,0.06200248429900775,1.7737110477005853,296788.97591565235,33,Fear,1.0,1.0,Fear,Low Leverage
0x72c6a4624e1dffa724e6d00d64ceae698af892a0,2025-03-04,169132.29611,45.087396,155,77,77,154,155,469661.83,3030.0763225806454,0.00766337596221087,0.15384298253978204,1.4201259175734642,423322.79082709155,15,Extreme Fear,0.5,1.0,Fear,Low Leverage
0x72c6a4624e1dffa724e6d00d64ceae698af892a0,2025-03-07,0.0,0.476632,10,0,0,0,10,4965.01,496.50100000000003,0.0010444391881687626,0.0019741651832147094,0.23269840860002847,475375.70194204024,34,Fear,0.5,1.0,Fear,Low Leverage
0x72c6a4624e1dffa724e6d00d64ceae698af892a0,2025-03-08,0.0,0.322746,7,0,0,0,7,3362.0,480.2857142857143,0.0010103296094136564,0.0025884608597703516,0.22509868336139036,475375.2908662688,28,Fear,0.5,1.0,Fear,Low Leverage
0x72c6a4624e1dffa724e6d00d64ceae698af892a0,2025-03-09,0.0,0.46947500000000003,21,0,0,0,19,4890.49,232.88047619047617,0.0004898880457106571,0.00327821210309845,0.10914563355066884,475374.81599726883,27,Fear,0.5,9.5,Fear,Low Leverage
0x72c6a4624e1dffa724e6d00d64ceae698af892a0,2025-03-10,-2680.0,2.28098,35,0,17,17,6,23760.489999999998,678.8711428571428,0.001435144007703088,0.010202169556590073,0.31817103004291974,473328.24743821175,20,Extreme Fear,0.0,0.20689655172413793,Fear,Low Leverage
0x72c6a4624e1dffa724e6d00d64ceae698af892a0,2025-03-15,0.0,0.568848,1,0,0,0,0,5925.5,5925.5,0.012535651110554059,0.012535651110554059,2.7771432890557493,472691.8408738404,46,Neutral,0.5,0.0,Neutral,Low Leverage
0x72c6a4624e1dffa724e6d00d64ceae698af892a0,2025-04-12,-3546.9,3.799278,12,0,9,9,0,18973.91,1581.1591666666666,0.0033556371558682257,0.008716935178650234,0.7410523278436106,470830.76076450705,43,Fear,0.0,0.0,Neutral,Low Leverage
0x72c6a4624e1dffa724e6d00d64ceae698af892a0,2025-04-13,-4526.698469,0.9791970000000001,5,0,5,5,0,10200.0,2040.0,0.004385009450697065,0.018656275683163786,0.9561002969662862,465014.34345804044,45,Neutral,0.0,0.0,Neutral,Low Leverage
0x72c6a4624e1dffa724e6d00d64ceae698af892a0,2025-04-14,7848.0,0.7706379999999999,3,3,0,3,3,8027.5,2675.8333333333335,0.005681332903135287,0.013033255632554752,1.2541005120746507,470260.0162891738,31,Fear,1.0,1.0,Fear,Low Leverage
0x72c6a4624e1dffa724e6d00d64ceae698af892a0,2025-04-15,6335.6,0.8317760000000001,6,6,0,6,6,8664.4,1444.0666666666666,0.003030171491054215,0.006277103755487887,0.6768002788427033,475168.43718034046,38,Fear,1.0,1.0,Fear,Low Leverage
0x72c6a4624e1dffa724e6d00d64ceae698af892a0,2025-04-16,14609.8,3.4847770000000002,44,44,0,44,31,36300.0,825.0,0.0017044790514511075,0.013540054532253123,0.386658208331954,482072.69390918163,29,Fear,1.0,2.3846153846153846,Fear,Low Leverage
0x72c6a4624e1dffa724e6d00d64ceae698af892a0,2025-04-20,18374.63,5.994203,55,47,8,55,47,62440.0,1135.2727272727273,0.002286076942333857,0.01436599631012483,0.532075780236853,495137.7493735681,37,Fear,0.8545454545454545,5.875,Fear,Low Leverage
0x72c6a4624e1dffa724e6d00d64ceae698af892a0,2025-04-21,-9046.14,2.7794250000000003,17,7,10,17,7,28952.5,1703.0882352941176,0.003351805241739565,0.018521020278393606,0.798197631139458,507889.0908509586,39,Fear,0.4117647058823529,0.7,Fear,Low Leverage
0x75f7eeb85dc639d5e99c78f95393aa9a5f1170d4,2024-01-19,-0.20400000000000001,0.366427,9,1,3,4,4,1526.81,169.64555555555555,0.0016964617829208402,0.004673221059496847,0.06522877091053145,99999.64537500001,51,Neutral,0.25,0.8,Neutral,Low Leverage
0x75f7eeb85dc639d5e99c78f95393aa9a5f1170d4,2024-01-22,1166.248788,4.11975,48,14,12,26,28,54022.58,1125.4704166666668,0.011211135889495362,0.07231204302018163,0.43274373876119054,100288.49210172916,55,Greed,0.5384615384615384,1.4,Neutral,Low Leverage
0x75f7eeb85dc639d5e99c78f95393aa9a5f1170d4,2024-01-26,90.2,-0.185116,2,1,0,1,1,9255.8,4627.9,0.04572697624899892,0.046152200421945,1.7794290449182522,101206.796997,49,Neutral,1.0,1.0,Neutral,Low Leverage
0x75f7eeb85dc639d5e99c78f95393aa9a5f1170d4,2024-01-29,1.71544,0.227798,2,1,0,1,1,2068.8599999999997,1034.4299999999998,0.010216320309949194,0.010224739902661381,0.3977386691447065,101252.69788349999,55,Greed,1.0,1.0,Neutral,Low Leverage
0x75f7eeb85dc639d5e99c78f95393aa9a5f1170d4,2024-02-14,3639.3031690000003,10.742176,88,79,1,80,27,218138.7,2478.8488636363636,0.024061813119168166,0.32595322215006567,0.9531181887934373,103079.35131261364,74,Greed,0.9875,0.4426229508196721,Greed,Low Leverage
0x75f7eeb85dc639d5e99c78f95393aa9a5f1170d4,2024-02-15,1024.70728,3.518759,52,49,0,49,49,76437.88,1469.9592307692308,0.013962896104677077,0.27298903875734354,0.5651997990614448,105546.79390936538,72,Greed,1.0,16.333333333333332,Greed,Low Leverage
0x75f7eeb85dc639d5e99c78f95393aa9a5f1170d4,2024-02-16,5491.768834,2.2395110000000003,170,146,0,146,105,464143.87,2730.2580588235296,0.02514394825071851,0.3248204769040002,1.049785105553861,108025.95496672353,72,Greed,1.0,1.6153846153846154,Greed,Low Leverage
0x75f7eeb85dc639d5e99c78f95393aa9a5f1170d4,2024-02-17,1670.012358,11.317838,64,54,0,54,25,202359.19,3161.86234375,0.028188574403568034,0.2611701174818024,1.21573709252621,112239.52933134374,76,Extreme Greed,1.0,0.6410256410256411,Greed,Low Leverage
0x75f7eeb85dc639d5e99c78f95393aa9a5f1170d4,2024-02-18,477.62483,-3.140925,97,61,7,68,38,157048.17,1619.0532989690723,0.014348358581804941,0.1588114983427154,0.6225265164451006,112804.2182830206,72,Greed,0.8970588235294118,0.6440677966101694,Greed,Low Leverage
0x75f7eeb85dc639d5e99c78f95393aa9a5f1170d4,2024-02-19,4325.827543,2.351851,95,76,0,76,38,236374.11,2488.1485263157892,0.02157832063259008,0.34013230085646645,0.9566939120976817,115678.83454484209,75,Extreme Greed,1.0,0.6666666666666666,Greed,Low Leverage
0x75f7eeb85dc639d5e99c78f95393aa9a5f1170d4,2024-02-20,3053.31353,2.646102,35,27,1,28,13,117709.42,3363.1262857142856,0.028166983434837072,0.1446516240783033,1.293123143224365,119238.41683068569,72,Greed,0.9642857142857143,0.5909090909090909,Greed,Low Leverage
0x75f7eeb85dc639d5e99c78f95393aa9a5f1170d4,2024-02-21,1858.7985700000002,0.4692299999999999,21,15,0,15,6,98041.92,4668.662857142857,0.03844397013450701,0.31827962040030777,1.795102376657022,121672.01563523807,78,Extreme Greed,1.0,0.4,Greed,Low Leverage
0x75f7eeb85dc639d5e99c78f95393aa9a5f1170d4,2024-02-22,3894.1050699999996,24.20242,86,40,14,54,33,368033.23000000004,4279.456162790698,0.03397522841509083,0.2867980173517054,1.6454522769558935,125977.90149198836,74,Greed,0.7407407407407407,0.6226415094339622,Greed,Low Leverage
0x75f7eeb85dc639d5e99c78f95393aa9a5f1170d4,2024-02-23,1418.55293,-2.067069,143,137,1,138,131,111106.14,776.966013986014,0.0061122523575638564,0.32181210851549336,0.29874368335553364,127335.63118473424,76,Extreme Greed,0.9927536231884058,10.916666666666666,Greed,Low Leverage
0x75f7eeb85dc639d5e99c78f95393aa9a5f1170d4,2024-02-25,-30.7705,-0.0896,5,0,2,2,2,4480.13,896.0260000000001,0.006997835649797594,0.011252769370549384,0.344522286437028,128046.83850219994,74,Greed,0.0,0.6666666666666666,Greed,Low Leverage
0x75f7eeb85dc639d5e99c78f95393aa9a5f1170d4,2024-02-26,4416.8473,-0.08772699999999993,37,34,0,34,27,191687.16999999998,5180.734324324324,0.03998486378849513,0.42733022948362237,1.9919940211991696,130785.08257662157,72,Greed,1.0,2.7,Greed,Low Leverage
0x75f7eeb85dc639d5e99c78f95393aa9a5f1170d4,2024-02-27,312.130593,-4.135694,55,19,16,35,33,206785.98,3759.7450909090912,0.028412232269952032,0.2862364001642681,1.4456232019387734,132244.67034185448,79,Extreme Greed,0.5428571428571428,1.5,Greed,Low Leverage
0x75f7eeb85dc639d5e99c78f95393aa9a5f1170d4,2024-02-28,2503.747235,-1.3771520000000002,45,39,0,39,31,171107.13,3802.380666666667,0.028380751046934764,0.2744999677555583,1.462016594589834,134101.85805246662,82,Extreme Greed,1.0,2.2142857142857144,Greed,Low Leverage
0x75f7eeb85dc639d5e99c78f95393aa9a5f1170d4,2024-02-29,8493.192735999999,-4.847684,109,97,0,97,60,370839.64,3402.198532110092,0.024531687417586424,0.3635510972800048,1.3081464345847877,139612.2971304862,80,Extreme Greed,1.0,1.2244897959183674,Greed,Low Leverage
0x75f7eeb85dc639d5e99c78f95393aa9a5f1170d4,2024-03-01,8244.241409,-0.5468540000000004,137,128,0,128,37,472974.7,3452.370072992701,0.023383719114988544,0.30518296419629726,1.3274374082607137,147457.02394927005,80,Extreme Greed,1.0,0.37,Greed,Low Leverage
0x75f7eeb85dc639d5e99c78f95393aa9a5f1170d4,2024-03-02,1674.715167,-1.205066,24,21,0,21,21,60253.79,2510.5745833333335,0.01644092649916314,0.18251887820042303,0.9653167382650601,152687.9318139583,80,Extreme Greed,1.0,7.0,Greed,Low Leverage
0x75f7eeb85dc639d5e99c78f95393aa9a5f1170d4,2024-03-03,8361.086245,-2.507103,79,54,0,54,36,390745.68,4946.1478481012655,0.031616815956060064,0.3236444129831379,1.901795445314571,157209.07385688604,83,Extreme Greed,1.0,0.8372093023255814,Greed,Low Leverage
0x75f7eeb85dc639d5e99c78f95393aa9a5f1170d4,2024-03-04,26773.771643,-1.5036190000000003,287,253,4,257,161,1574220.16,5485.087665505226,0.031377786129806684,0.33960008423616217,2.1090179791963632,174354.1335008606,82,Extreme Greed,0.9844357976653697,1.2777777777777777,Greed,Low Leverage
0x75f7eeb85dc639d5e99c78f95393aa9a5f1170d4,2024-03-05,19791.026041,-4.438459,180,163,0,163,55,841810.32,4676.724,0.0235850265003004,0.23711842270092298,1.798201888689528,197458.41691675558,90,Extreme Greed,1.0,0.44,Greed,Low Leverage
0x75f7eeb85dc639d5e99c78f95393aa9a5f1170d4,2024-03-06,6814.825139,-3.355318,82,72,0,72,49,327218.02,3990.4636585365856,0.018827487456215215,0.13899259110057186,1.5343345657189547,211740.71727298776,75,Extreme Greed,1.0,1.4848484848484849,Greed,Low Leverage
0x75f7eeb85dc639d5e99c78f95393aa9a5f1170d4,2024-03-08,4271.886236,-3.671629,67,59,0,59,19,183583.18,2740.047462686567,0.012602144106360827,0.23014889160243635,1.0535491345014019,217519.9734793134,81,Extreme Greed,1.0,0.3958333333333333,Greed,Low Leverage
0x75f7eeb85dc639d5e99c78f95393aa9a5f1170d4,2024-03-09,9949.501624,1.851764,117,97,10,107,83,658178.75,5625.459401709401,0.025059353207881607,0.22640846401920925,2.1629909571101713,224379.76440137604,84,Extreme Greed,0.9065420560747663,2.4411764705882355,Greed,Low Leverage
0x75f7eeb85dc639d5e99c78f95393aa9a5f1170d4,2024-03-10,2482.9272,2.281072,42,29,9,38,38,219973.85,5237.472619047619,0.022599941979325206,0.21671564412133557,2.013809913848052,231761.73597976193,79,Extreme Greed,0.7631578947368421,9.5,Greed,Low Leverage
0x75f7eeb85dc639d5e99c78f95393aa9a5f1170d4,2024-03-11,3588.1794950000003,8.47289,42,39,0,39,12,176519.44999999998,4202.844047619047,0.01798370674662311,0.21393268014129974,1.6159948939249167,233605.16955045244,82,Extreme Greed,1.0,0.4,Greed,Low Leverage
0x75f7eeb85dc639d5e99c78f95393aa9a5f1170d4,2024-03-12,3039.166,4.945953,8,7,0,7,1,103040.84999999999,12880.106249999999,0.05440393784259131,0.2121239230128486,4.952405013695868,236825.96016850008,81,Extreme Greed,1.0,0.14285714285714285,Greed,Low Leverage
0x75f7eeb85dc639d5e99c78f95393aa9a5f1170d4,2024-03-14,3400.385378,9.593594,17,15,0,15,2,199866.9,11756.876470588235,0.04896210278024967,0.20942456324969289,4.520522800682964,240647.3852292353,88,Extreme Greed,1.0,0.13333333333333333,Greed,Low Leverage
0x75f7eeb85dc639d5e99c78f95393aa9a5f1170d4,2024-03-15,5509.2545,13.697647,35,32,0,32,13,249644.77,7132.707714285714,0.02918336911800808,0.20647133613328938,2.742528420171671,244931.40677719994,83,Extreme Greed,1.0,0.5909090909090909,Greed,Low Leverage
0x75f7eeb85dc639d5e99c78f95393aa9a5f1170d4,2024-03-17,73.61088,0.665249,7,6,0,6,6,4940.99,705.8557142857143,0.0028500994524731822,0.01012486125578469,0.2714017501505044,247675.1442225713,79,Extreme Greed,1.0,6.0,Greed,Low Leverage
0x75f7eeb85dc639d5e99c78f95393aa9a5f1170d4,2024-03-18,1244.6384,11.217557,6,5,0,5,1,51241.71,8540.285,0.03439272606696165,0.10138975225715653,3.2837423412086846,248524.6352443332,77,Extreme Greed,1.0,0.2,Greed,Low Leverage
0x75f7eeb85dc639d5e99c78f95393aa9a5f1170d4,2024-03-19,842.799493,17.37493,10,5,0,5,5,180988.91,18098.891,0.07260100403865757,0.24840910327780785,6.959029435858499,249131.2601981999,79,Extreme Greed,1.0,1.0,Greed,Low Leverage
0x75f7eeb85dc639d5e99c78f95393aa9a5f1170d4,2024-03-20,2593.147623,16.783601,59,56,0,56,23,144362.44,2446.8210169491526,0.009755021564745994,0.1401304872909582,0.9408034713964728,251247.36552957617,74,Greed,1.0,0.6388888888888888,Greed,Low Leverage
0x75f7eeb85dc639d5e99c78f95393aa9a5f1170d4,2024-03-21,2097.182,9.399167,23,22,0,22,22,97908.18000000001,4256.877391304348,0.016821559394980482,0.1979728021416873,1.636770732025929,253441.60702395643,78,Extreme Greed,1.0,22.0,Greed,Low Leverage
0x75f7eeb85dc639d5e99c78f95393aa9a5f1170d4,2024-03-24,1297.018477,8.888837,19,15,0,15,15,92592.20999999999,4873.274210526315,0.01911053095282113,0.1319305814863006,1.8737755081271399,255092.26255252628,74,Greed,1.0,3.75,Greed,Low Leverage
0x75f7eeb85dc639d5e99c78f95393aa9a5f1170d4,2024-03-26,3195.3074,19.752188999999998,111,109,0,109,2,174578.85,1572.7824324324324,0.006118374366829009,0.19437426439624897,0.6047353533152073,257398.39670749556,81,Extreme Greed,1.0,0.01834862385321101,Greed,Low Leverage
0x75f7eeb85dc639d5e99c78f95393aa9a5f1170d4,2024-03-27,-38.78086,1.244826,11,0,7,7,7,12798.689999999999,1163.5172727272727,0.004494368244096946,0.02451274310662812,0.44737276720650404,258888.03287581838,83,Extreme Greed,0.0,1.75,Greed,Low Leverage
0x75f7eeb85dc639d5e99c78f95393aa9a5f1170d4,2024-03-28,227.85100799999998,2.054369,10,9,0,9,9,15309.83,1530.983,0.00591289540375295,0.030012124073925783,0.5886634580427581,258975.9705440002,80,Extreme Greed,1.0,9.0,Greed,Low Leverage
0x75f7eeb85dc639d5e99c78f95393aa9a5f1170d4,2024-03-30,1100.57514,9.939454,45,44,0,44,1,101103.92,2246.753777777778,0.008661719699915867,0.19299788658223505,0.8638775533087546,259637.31897951136,75,Extreme Greed,1.0,0.022727272727272728,Greed,Low Leverage
0x75f7eeb85dc639d5e99c78f95393aa9a5f1170d4,2024-04-01,2507.122467,36.505066,48,40,1,41,7,204481.03,4260.021458333334,0.016337754045703503,0.1921156799622587,1.6379796268141797,261245.77433037516,79,Extreme Greed,0.975609756097561,0.17073170731707318,Greed,Low Leverage
0x75f7eeb85dc639d5e99c78f95393aa9a5f1170d4,2024-04-03,126.7884,0.6612359999999999,2,1,0,1,1,6887.91,3443.955,0.013109396052092053,0.013347554794232133,1.324201809976758,262707.7501150002,71,Greed,1.0,1.0,Greed,Low Leverage
0x75f7eeb85dc639d5e99c78f95393aa9a5f1170d4,2024-04-05,5296.433789000001,33.956321,82,75,0,75,7,305295.15,3723.111585365854,0.014035465997122465,0.19028681996029193,1.431537607223933,266994.22177190264,79,Extreme Greed,1.0,0.09333333333333334,Greed,Low Leverage
0x75f7eeb85dc639d5e99c78f95393aa9a5f1170d4,2024-04-08,1218.4267,4.682328,2,1,0,1,1,48774.27,24387.135,0.09078587811579636,0.09325915653130706,9.376861285106088,268639.1257930002,76,Extreme Greed,1.0,1.0,Greed,Low Leverage
0x75f7eeb85dc639d5e99c78f95393aa9a5f1170d4,2024-04-12,2237.798674,34.478052,93,71,15,86,7,261851.91,2815.611935483871,0.010460246736179995,0.1860931053599369,1.0826036987010297,269853.273823097,79,Extreme Greed,0.8255813953488372,0.08139534883720931,Greed,Low Leverage
0x75f7eeb85dc639d5e99c78f95393aa9a5f1170d4,2024-04-13,6621.451755,64.333138,71,61,0,61,28,330222.55,4651.021830985916,0.01695572095346556,0.18052951171799336,1.78831939640122,275208.3223290284,72,Greed,1.0,0.6511627906976745,Greed,Low Leverage
0x75f7eeb85dc639d5e99c78f95393aa9a5f1170d4,2024-04-14,461.97292000000004,7.409347,43,30,3,33,23,70396.23,1637.1216279069768,0.005885663821850373,0.04574455237547933,0.6294737947582112,278150.17483620945,72,Greed,0.9090909090909091,1.15,Greed,Low Leverage
0x75f7eeb85dc639d5e99c78f95393aa9a5f1170d4,2024-04-15,3774.08872,23.145723,38,35,0,35,15,241097.24,6344.664210526315,0.022645256817286026,0.14364574977245492,2.4395254384199867,280300.12835789484,74,Greed,1.0,0.6521739130434783,Greed,Low Leverage
0x75f7eeb85dc639d5e99c78f95393aa9a5f1170d4,2024-04-16,2467.702221,18.427083,46,43,0,43,31,181816.09,3952.523695652174,0.01395485285976741,0.17646352808258947,1.5197466377344166,283181.6709190001,65,Greed,1.0,2.066666666666667,Greed,Low Leverage
0x75f7eeb85dc639d5e99c78f95393aa9a5f1170d4,2024-04-17,2441.4684,10.620963,14,13,0,13,13,97562.99,6968.785000000001,0.0244208756428022,0.17565740996846235,2.6795000835780027,285840.4779023573,67,Greed,1.0,13.0,Greed,Low Leverage
0x75f7eeb85dc639d5e99c78f95393aa9a5f1170d4,2024-04-23,360.32138000000003,3.878045,12,4,0,4,2,40396.43,3366.369166666667,0.011722049844429412,0.04158337283783056,1.2943700319980809,287217.22492658347,71,Greed,1.0,0.2,Greed,Low Leverage
0x75f7eeb85dc639d5e99c78f95393aa9a5f1170d4,2024-05-03,-13.844579999999999,0.087448,7,1,2,3,3,330.51,47.215714285714284,0.0001642610107005018,0.0005336844332233556,0.018154457394619943,287447.6144235715,48,Neutral,0.3333333333333333,0.75,Neutral,Low Leverage
0x75f7eeb85dc639d5e99c78f95393aa9a5f1170d4,2024-05-05,0.916,0.017665,2,1,0,1,1,82.3,41.15,0.00014316219457058087,0.00014476277428235708,0.01582218829239743,287436.2246650001,69,Greed,1.0,1.0,Greed,Low Leverage
0x75f7eeb85dc639d5e99c78f95393aa9a5f1170d4,2024-05-07,0.0,0.004568,1,0,0,0,0,47.59,47.59,0.0001655669048462749,0.0001655669048462749,0.018298370372665705,287436.6712610001,68,Greed,0.5,0.0,Greed,Low Leverage
0x75f7eeb85dc639d5e99c78f95393aa9a5f1170d4,2024-05-08,1.56576,0.034866,3,1,1,2,2,139.38,46.46,0.0001616345007288799,0.00017342950922429477,0.017863885007649686,287438.7533700001,64,Greed,0.5,2.0,Greed,Low Leverage
0x75f7eeb85dc639d5e99c78f95393aa9a5f1170d4,2024-05-23,0.0,0.003549,1,0,0,0,0,10.56,10.56,3.6738332104825424e-05,3.6738332104825424e-05,0.004060323411123131,287438.1986060001,76,Extreme Greed,0.5,0.0,Greed,Low Leverage
0x75f7eeb85dc639d5e99c78f95393aa9a5f1170d4,2024-06-13,-1.40304,0.00402,1,0,1,1,1,11.97,11.97,4.1643938257237245e-05,4.1643938257237245e-05,0.004602468866585595,287436.7915460001,70,Greed,0.0,1.0,Greed,Low Leverage
0x75f7eeb85dc639d5e99c78f95393aa9a5f1170d4,2024-12-09,0.01574,0.039342,7,3,0,3,3,117.12,16.731428571428573,5.8209074184204005e-05,6.916303517310862e-05,0.006433239690350936,287436.7741198572,78,Extreme Greed,1.0,0.75,Greed,Low Leverage
0x75f7eeb85dc639d5e99c78f95393aa9a5f1170d4,2024-12-10,3634.56814,29.384128,153,147,0,147,40,214389.55,1401.2388888888888,0.004850223214634514,0.0991403167060224,0.5387768054102007,289863.8430541046,78,Extreme Greed,1.0,0.35398230088495575,Greed,Low Leverage
0x75f7eeb85dc639d5e99c78f95393aa9a5f1170d4,2024-12-11,1567.402684,25.752448,23,8,3,11,12,161572.27000000002,7024.881304347827,0.023994188257448517,0.13245778265132746,2.70106913072014,293136.60350130417,74,Greed,0.7272727272727273,1.0909090909090908,Greed,Low Leverage
0x75f7eeb85dc639d5e99c78f95393aa9a5f1170d4,2024-12-12,323.34897900000004,31.148417,52,4,25,29,29,185290.04,3563.27,0.012182295613628777,0.1028508249970716,1.3700784660182501,292357.5248994421,83,Extreme Greed,0.13793103448275862,1.2608695652173914,Greed,Low Leverage
0x75f7eeb85dc639d5e99c78f95393aa9a5f1170d4,2024-12-13,8276.625256,19.661017,26,25,0,25,8,117862.64,4533.178461538461,0.015131565504965808,0.15550591168949598,1.7430085827825528,298880.8422846536,76,Extreme Greed,1.0,0.4444444444444444,Greed,Low Leverage
0x75f7eeb85dc639d5e99c78f95393aa9a5f1170d4,2024-12-14,-33.03286,5.763223,36,1,10,11,11,60033.969999999994,1667.6102777777776,0.005538043070168626,0.05672221402004591,0.6411966904820701,301127.4278819164,83,Extreme Greed,0.09090909090909091,0.44,Greed,Low Leverage
0x75f7eeb85dc639d5e99c78f95393aa9a5f1170d4,2024-12-15,126.32543,0.849321,14,13,0,13,1,6576.3,469.7357142857143,0.0015599023310786848,0.010710919605372212,0.18061353387830795,301150.90167678555,80,Extreme Greed,1.0,0.07692307692307693,Greed,Low Leverage
0x75f7eeb85dc639d5e99c78f95393aa9a5f1170d4,2024-12-16,758.93225,4.878869,10,4,4,8,5,50820.630000000005,5082.063,0.01685703368061925,0.08088473271198754,1.9540548651233576,301458.5672011998,83,Extreme Greed,0.5,1.0,Greed,Low Leverage
0x75f7eeb85dc639d5e99c78f95393aa9a5f1170d4,2024-12-17,3146.294798,16.281381,67,64,0,64,38,132567.97,1978.6264179104478,0.006521566461209766,0.09934817487359007,0.7607824968284558,303670.5086468207,87,Extreme Greed,1.0,1.3103448275862069,Greed,Low Leverage
0x75f7eeb85dc639d5e99c78f95393aa9a5f1170d4,2024-12-18,2507.193252,16.79201892,115,109,1,110,100,171689.47,1492.9519130434783,0.004876366643428727,0.10778427491117912,0.5740404928230588,306487.416731259,81,Extreme Greed,0.990909090909091,6.666666666666667,Greed,Low Leverage
0x75f7eeb85dc639d5e99c78f95393aa9a5f1170d4,2024-12-19,13027.2866,103.51397576,235,205,9,214,42,687924.26,2927.3372765957447,0.009319469510522389,0.13002769527732452,1.1255621284484025,313088.459154461,75,Extreme Greed,0.9579439252336449,0.21761658031088082,Greed,Low Leverage
0x75f7eeb85dc639d5e99c78f95393aa9a5f1170d4,2024-12-20,3509.273443,30.702335,219,197,7,204,202,228247.86000000002,1042.2276712328767,0.0032484999300156727,0.09359358475326085,0.400736876252575,320966.67164552445,74,Greed,0.9656862745098039,11.882352941176471,Greed,Low Leverage
0x75f7eeb85dc639d5e99c78f95393aa9a5f1170d4,2024-12-21,24.404600000000002,1.435247,8,4,0,4,4,12857.89,1607.23625,0.00496054797085382,0.008139710469444682,0.6179828572993135,324003.00396731886,73,Greed,1.0,1.0,Greed,Low Leverage
0x75f7eeb85dc639d5e99c78f95393aa9a5f1170d4,2024-12-23,657.693565,6.704633,51,50,0,50,50,59343.64,1163.6007843137254,0.003589040055046903,0.09256793136076888,0.4474048774384713,324212.07994261297,70,Greed,1.0,50.0,Greed,Low Leverage
0x75f7eeb85dc639d5e99c78f95393aa9a5f1170d4,2025-01-02,3429.9583199999997,25.233412,53,50,0,50,17,205117.68,3870.1449056603774,0.011869625579705482,0.12304057137192159,1.488071966372325,326235.26082386606,70,Greed,1.0,0.4722222222222222,Greed,Low Leverage
0x75f7eeb85dc639d5e99c78f95393aa9a5f1170d4,2025-01-07,11206.706221,74.525164,232,221,0,221,219,633196.38,2729.2947413793104,0.008188957533094697,0.10605155176858427,1.049414709685385,333497.8182322801,78,Extreme Greed,1.0,16.846153846153847,Greed,Low Leverage
0x75f7eeb85dc639d5e99c78f95393aa9a5f1170d4,2025-01-08,3710.36178,24.977222,49,45,0,45,27,226664.16,4625.799183673469,0.013586495595234081,0.10318355459705923,1.778621280362089,341827.945504176,70,Greed,1.0,1.2272727272727273,Greed,Low Leverage
0x75f7eeb85dc639d5e99c78f95393aa9a5f1170d4,2025-01-13,3944.7294389999997,44.465579,50,47,0,47,3,217121.19,4342.4238000000005,0.012590733032982297,0.12985878816133728,1.6696633538028667,344495.835487019,61,Greed,1.0,0.06382978723404255,Greed,Low Leverage
0x75f7eeb85dc639d5e99c78f95393aa9a5f1170d4,2025-01-14,104.68064000000001,4.980566,9,4,0,4,4,42271.189999999995,4696.7988888888885,0.013541416119977591,0.04831910210343626,1.8059206899519569,346855.9803914301,63,Greed,1.0,0.8,Greed,Low Leverage
0x75f7eeb85dc639d5e99c78f95393aa9a5f1170d4,2025-01-18,-3249.381438,29.149313,33,7,16,23,23,255051.3,7728.827272727272,0.02231977959763647,0.11517457816816237,2.9717365829527926,345313.639142713,77,Extreme Greed,0.30434782608695654,2.3,Greed,Low Leverage
0x75f7eeb85dc639d5e99c78f95393aa9a5f1170d4,2025-01-20,16210.341667,104.420046,409,395,0,395,190,683441.43,1671.0059413202935,0.004776615291252536,0.11590027328234269,0.6425023242110448,350282.21000234847,76,Extreme Greed,1.0,0.867579908675799,Greed,Low Leverage
0x75f7eeb85dc639d5e99c78f95393aa9a5f1170d4,2025-01-22,548.62199,12.473436,35,34,0,34,1,80548.71,2301.3917142857144,0.006395268242793163,0.11119893891291427,0.8848858575453676,359932.8874392049,84,Extreme Greed,1.0,0.029411764705882353,Greed,Low Leverage
0x75f7eeb85dc639d5e99c78f95393aa9a5f1170d4,2025-01-24,3540.716915,21.102389,137,129,0,129,53,175718.74000000002,1282.6185401459854,0.003548555908088189,0.11293015247869083,0.4931672430014506,361501.94785107096,75,Extreme Greed,1.0,0.6309523809523809,Greed,Low Leverage
0x75f7eeb85dc639d5e99c78f95393aa9a5f1170d4,2025-01-27,2582.715893,37.181053,128,122,0,122,99,253685.34,1981.91671875,0.005432232965322494,0.08246898750084616,0.7620476185641064,365089.8143133426,71,Greed,1.0,3.413793103448276,Greed,Low Leverage
0x75f7eeb85dc639d5e99c78f95393aa9a5f1170d4,2025-01-28,1150.332823,12.812707,37,34,0,34,3,121182.37000000001,3275.1991891891894,0.008932501079604149,0.0819143943000916,1.259315146207989,366895.78235977853,72,Greed,1.0,0.08823529411764706,Greed,Low Leverage
0x75f7eeb85dc639d5e99c78f95393aa9a5f1170d4,2025-01-29,45.381082,7.354436,36,28,0,28,8,47911.02,1330.8616666666667,0.0036217095206281208,0.02738876440376057,0.5117167407322932,367471.201622458,72,Greed,1.0,0.2857142857142857,Greed,Low Leverage
0x75f7eeb85dc639d5e99c78f95393aa9a5f1170d4,2025-01-30,5049.257348,37.265119999999996,134,110,0,110,62,290703.24,2169.4271641791042,0.005855113527497309,0.10811333626889776,0.8341454454017883,371260.2663591775,70,Greed,1.0,0.8611111111111112,Greed,Low Leverage
0x75f7eeb85dc639d5e99c78f95393aa9a5f1170d4,2025-01-31,6216.099196,45.998861,172,120,32,152,92,394910.55,2295.991569767442,0.006088672981953613,0.1073878877727415,0.882809500233721,377994.6339294294,76,Extreme Greed,0.7894736842105263,1.15,Greed,Low Leverage
0x75f7eeb85dc639d5e99c78f95393aa9a5f1170d4,2025-02-01,9609.447365,97.74337,148,114,1,115,114,595897.22,4026.3325675675674,0.010472184642819599,0.129493540194251,1.5481261728278506,384986.09977673105,68,Greed,0.991304347826087,3.3529411764705883,Greed,Low Leverage
0x75f7eeb85dc639d5e99c78f95393aa9a5f1170d4,2025-02-03,14982.681725,164.396728,351,263,67,330,100,1032269.1,2940.937606837607,0.0074389333937251905,0.10642645974281512,1.1307914598196185,395547.73648893985,44,Fear,0.796969696969697,0.398406374501992,Neutral,Low Leverage
0x75f7eeb85dc639d5e99c78f95393aa9a5f1170d4,2025-02-04,1985.815595,16.000068,76,74,0,74,2,121983.85,1605.050657894737,0.003974378343567046,0.09925425639737642,0.6171424964288432,403885.3580496083,72,Greed,1.0,0.02702702702702703,Greed,Low Leverage
0x75f7eeb85dc639d5e99c78f95393aa9a5f1170d4,2025-02-05,14.590934,4.417903,20,15,0,15,5,42145.06,2107.2529999999997,0.005203324431022257,0.04660549539700384,0.810239459191236,404981.5113260689,54,Neutral,1.0,0.3333333333333333,Neutral,Low Leverage
0x75f7eeb85dc639d5e99c78f95393aa9a5f1170d4,2025-02-06,2055.538866,104.10347300000001,73,20,17,37,40,341318.58,4675.59698630137,0.011488546013313831,0.12395446886500193,1.7977685515583532,406855.15422389423,49,Neutral,0.5405405405405406,1.2121212121212122,Neutral,Low Leverage
0x75f7eeb85dc639d5e99c78f95393aa9a5f1170d4,2025-02-07,2648.450789,25.810961,58,41,10,51,6,231829.37,3997.0581034482757,0.009799349604355079,0.12229251976815765,1.536870131917657,408960.6952074569,44,Fear,0.803921568627451,0.11538461538461539,Neutral,Low Leverage
0x75f7eeb85dc639d5e99c78f95393aa9a5f1170d4,2025-02-08,235.47104,1.3213940000000002,2,1,0,1,1,13764.55,6882.275,0.016794338218954596,0.017081625468633586,2.6462369606332814,409797.3267533191,44,Fear,1.0,1.0,Neutral,Low Leverage
0x75f7eeb85dc639d5e99c78f95393aa9a5f1170d4,2025-02-09,627.556755,11.969258,71,66,0,66,66,108650.81999999999,1530.2932394366196,0.0037310848874551267,0.07320795586520086,0.5883982448833298,410115.2175883333,46,Neutral,1.0,13.2,Neutral,Low Leverage
0x75f7eeb85dc639d5e99c78f95393aa9a5f1170d4,2025-02-10,990.6744679999999,21.181347,58,35,0,35,24,153563.73,2647.6505172413795,0.00644244208322624,0.05870137613597254,1.0180224791313863,410988.96494002617,43,Fear,1.0,0.7058823529411765,Neutral,Low Leverage
0x75f7eeb85dc639d5e99c78f95393aa9a5f1170d4,2025-02-11,1053.5230999999999,3.54597,5,3,0,3,2,36934.96,7386.992,0.017935080668474983,0.043590218998273214,2.8403008101684923,411991.6239927192,47,Neutral,1.0,0.6666666666666666,Neutral,Low Leverage
0x75f7eeb85dc639d5e99c78f95393aa9a5f1170d4,2025-02-12,-22303.603584,56.602002,118,28,72,100,31,348457.81,2953.0322881355933,0.007417418987365453,0.1010496510435881,1.1354418686855547,396283.37995510746,46,Neutral,0.28,0.3563218390804598,Neutral,Low Leverage
0x75f7eeb85dc639d5e99c78f95393aa9a5f1170d4,2025-02-13,2390.12335,16.026525,101,84,0,84,84,129157.99,1278.79198019802,0.003267293687128317,0.08146003907269951,0.4916959294653909,391918.8676633986,50,Neutral,1.0,4.9411764705882355,Neutral,Low Leverage
0x75f7eeb85dc639d5e99c78f95393aa9a5f1170d4,2025-02-15,462.740727,16.740029,28,19,0,19,9,108503.92,3875.14,0.009866812887162598,0.048354675588551506,1.4899925817594404,392793.7346824979,50,Neutral,1.0,0.47368421052631576,Neutral,Low Leverage
0x75f7eeb85dc639d5e99c78f95393aa9a5f1170d4,2025-02-16,14.54605,0.370271,5,1,0,1,4,1706.16,341.232,0.0008684978489169042,0.0021897087872611676,0.13120381422579247,392894.7532471193,54,Neutral,1.0,4.0,Neutral,Low Leverage
0x75f7eeb85dc639d5e99c78f95393aa9a5f1170d4,2025-02-18,3112.721339,48.073629,131,106,21,127,18,314138.47,2398.0035877862592,0.006089044349208483,0.10188783141915457,0.9220331541141867,393803.3978798843,47,Neutral,0.8346456692913385,0.1592920353982301,Neutral,Low Leverage
0x75f7eeb85dc639d5e99c78f95393aa9a5f1170d4,2025-02-19,770.462266,61.884528,221,154,54,208,204,356494.68,1613.0980995475113,0.00406176092488633,0.10098527983142469,0.6202367403438439,397259.1817925866,44,Fear,0.7403846153846154,12.0,Neutral,Low Leverage
0x75f7eeb85dc639d5e99c78f95393aa9a5f1170d4,2025-02-20,1727.154021,20.246741,69,65,0,65,52,145023.33,2101.7873913043477,0.005289503496752423,0.10083598962644977,0.8081379308822403,397685.6079184355,49,Neutral,1.0,3.0588235294117645,Neutral,Low Leverage
0x75f7eeb85dc639d5e99c78f95393aa9a5f1170d4,2025-02-21,2720.828056,41.777771,188,121,28,149,61,282910.54,1504.8432978723404,0.0037702591224130456,0.1002202055581411,0.5786127341309474,399141.3236714365,55,Greed,0.8120805369127517,0.48031496062992124,Neutral,Low Leverage
0x75f7eeb85dc639d5e99c78f95393aa9a5f1170d4,2025-02-22,1437.17482,34.126202,121,80,2,82,41,265560.55,2194.715289256198,0.005461098556094441,0.09973826850401861,0.8438687376625774,401870.99791841063,49,Neutral,0.975609756097561,0.5125,Neutral,Low Leverage
0x75f7eeb85dc639d5e99c78f95393aa9a5f1170d4,2025-02-23,1001.2053860000002,31.916074000000002,125,98,1,99,26,295546.9,2364.3752000000004,0.0058648286195199595,0.1045630582686536,0.9091030281476266,403014.7127433117,50,Neutral,0.98989898989899,0.26262626262626265,Neutral,Low Leverage
0x75f7eeb85dc639d5e99c78f95393aa9a5f1170d4,2025-02-25,3622.625641,24.886989,79,76,0,76,17,189206.48,2395.0187341772153,0.0059122457758546765,0.099162562019376,0.9208854769373329,405447.4569486488,25,Fear,1.0,0.27419354838709675,Fear,Low Leverage
0x75f7eeb85dc639d5e99c78f95393aa9a5f1170d4,2025-02-26,5303.037252,56.733821999999996,86,80,1,81,81,342731.13,3985.245697674419,0.009726951569535847,0.12278598604526426,1.5323282580819297,409543.21422757546,21,Extreme Fear,0.9876543209876543,16.2,Fear,Low Leverage
0x75f7eeb85dc639d5e99c78f95393aa9a5f1170d4,2025-03-02,948.6016900000001,5.349213,12,11,0,11,11,47082.77,3923.5641666666666,0.009498109548318416,0.058127324805650034,1.5086116894848944,412732.86853981967,26,Fear,1.0,11.0,Fear,Low Leverage
0x75f7eeb85dc639d5e99c78f95393aa9a5f1170d4,2025-03-03,-370.250064,9.877271,101,61,7,68,33,102889.35,1018.7064356435644,0.0024649923375886337,0.07260711057016765,0.39169295357058376,413349.0455180424,33,Fear,0.8970588235294118,0.4852941176470588,Fear,Low Leverage
0x75f7eeb85dc639d5e99c78f95393aa9a5f1170d4,2025-03-05,-5843.04,19.243244,2,0,1,1,1,85842.95999999999,42921.479999999996,0.10476535416662129,0.11264119795211246,16.503322924626257,409911.7540673197,20,Extreme Fear,0.0,1.0,Fear,Low Leverage
0x75f7eeb85dc639d5e99c78f95393aa9a5f1170d4,2025-03-08,556.480533,3.15862,18,17,0,17,17,28328.35,1573.7972222222222,0.003865480286985864,0.03548668075395877,0.605125540317182,407267.9365982641,28,Fear,1.0,17.0,Fear,Low Leverage
0x75f7eeb85dc639d5e99c78f95393aa9a5f1170d4,2025-03-11,23670.188163,112.67065099999999,170,161,0,161,86,544456.6799999999,3202.686352941176,0.007710109512832087,0.11834908430696991,1.2314339372473124,422697.7666871962,24,Extreme Fear,1.0,1.0238095238095237,Fear,Low Leverage
0x75f7eeb85dc639d5e99c78f95393aa9a5f1170d4,2025-03-12,788.2095330000001,10.738006,24,21,0,21,3,49275.18,2053.1325,0.004760137570180199,0.0375127022619883,0.7894301094590684,431472.9582523617,34,Fear,1.0,0.14285714285714285,Fear,Low Leverage
0x75f7eeb85dc639d5e99c78f95393aa9a5f1170d4,2025-03-13,216.69714,17.30131,20,1,0,1,1,79978.34,3998.917,0.009257467832767634,0.09230165926610509,1.5375848782422614,431873.85446752,45,Neutral,1.0,0.05263157894736842,Neutral,Low Leverage
0x75f7eeb85dc639d5e99c78f95393aa9a5f1170d4,2025-03-15,500.11609400000003,9.577927,33,7,23,30,30,44620.25,1352.128787878788,0.00312764413708341,0.05198848529158029,0.5198939557081236,432571.4763091988,46,Neutral,0.23333333333333334,10.0,Neutral,Low Leverage
0x75f7eeb85dc639d5e99c78f95393aa9a5f1170d4,2025-03-16,941.32505,3.785233,15,14,0,14,1,31065.52,2071.034666666667,0.00478362842185904,0.03480215911721041,0.7963134983252137,432986.1175951201,30,Fear,1.0,0.07142857142857142,Fear,Low Leverage
0x75f7eeb85dc639d5e99c78f95393aa9a5f1170d4,2025-03-17,5845.632627,33.132635,152,146,0,146,96,196439.4,1292.3644736842105,0.0029705776775459077,0.06922548078593951,0.4969145575950591,435966.47514389904,32,Fear,1.0,1.7142857142857142,Fear,Low Leverage
0x75f7eeb85dc639d5e99c78f95393aa9a5f1170d4,2025-03-18,82.269533,1.835731,14,10,0,10,10,8544.52,610.3228571428572,0.0013892016530840877,0.00543895583868281,0.2346693357197634,439339.19630717736,34,Fear,1.0,2.5,Fear,Low Leverage
0x75f7eeb85dc639d5e99c78f95393aa9a5f1170d4,2025-03-19,106.886191,5.976523,43,39,3,42,1,50142.5,1166.1046511627908,0.0026536695618920854,0.056937767174193805,0.4483676150507436,439474.99916236685,32,Fear,0.9285714285714286,0.023809523809523808,Fear,Low Leverage
0x75f7eeb85dc639d5e99c78f95393aa9a5f1170d4,2025-03-20,646.76766,3.462904,32,31,0,31,1,30907.17,965.8490625,0.002195163601793131,0.034376189124660415,0.3713692765227347,439865.1494235392,49,Neutral,1.0,0.03225806451612903,Neutral,Low Leverage
0x75f7eeb85dc639d5e99c78f95393aa9a5f1170d4,2025-03-22,4462.921835,12.594714,63,61,0,61,57,61012.3,968.4492063492064,0.0021951751359341946,0.06542410943181681,0.3723690326726609,442097.9880160981,32,Fear,1.0,9.5,Fear,Low Leverage
0x75f7eeb85dc639d5e99c78f95393aa9a5f1170d4,2025-03-24,80.95313,0.990803,26,22,1,23,23,4664.160000000001,179.39076923076925,0.0004034809202388963,0.00528757647556334,0.06897580871657949,444627.08871320484,45,Neutral,0.9565217391304348,7.666666666666667,Neutral,Low Leverage
0x75f7eeb85dc639d5e99c78f95393aa9a5f1170d4,2025-03-25,520.971268,15.198034,29,26,1,27,15,75813.27,2614.2506896551727,0.0058776382790340235,0.06746203352600663,1.0051802346355765,444904.75783535466,46,Neutral,0.9629629629629629,1.0714285714285714,Neutral,Low Leverage
0x75f7eeb85dc639d5e99c78f95393aa9a5f1170d4,2025-03-26,96.945218,10.503193,79,25,2,27,28,109409.06,1384.9248101265823,0.003111003531204372,0.053169103186459905,0.5325040368562708,445169.1597323328,47,Neutral,0.9259259259259259,0.5490196078431373,Neutral,Low Leverage
0x75f7eeb85dc639d5e99c78f95393aa9a5f1170d4,2025-03-29,133.123947,9.122804,83,66,15,81,2,42161.72,507.97253012048196,0.0011407124596104557,0.04705163371854938,0.195315601918148,445336.4759915251,26,Fear,0.8148148148148148,0.024691358024691357,Fear,Low Leverage
0x75f7eeb85dc639d5e99c78f95393aa9a5f1170d4,2025-03-31,1239.24045,4.754582,52,51,0,51,1,49526.1,952.425,0.002136842044688966,0.05420869545762304,0.3662077201552035,446114.01616818574,34,Fear,1.0,0.0196078431372549,Fear,Low Leverage
0x75f7eeb85dc639d5e99c78f95393aa9a5f1170d4,2025-04-02,90.98474,3.0892720000000002,11,9,0,9,9,32179.99,2925.4536363636366,0.006549623375900684,0.025396394315429487,1.1248378681706979,446672.4701362295,44,Fear,1.0,4.5,Neutral,Low Leverage
0x75f7eeb85dc639d5e99c78f95393aa9a5f1170d4,2025-04-06,3370.85855,21.978677,39,36,0,36,3,154160.34,3952.829230769231,0.008817735428158127,0.06715583410885442,1.5198641160856199,448714.8503967306,34,Fear,1.0,0.08333333333333333,Fear,Low Leverage
0x75f7eeb85dc639d5e99c78f95393aa9a5f1170d4,2025-04-08,948.85929,9.123714,43,42,0,42,1,48011.8,1116.5534883720932,0.002479494739932381,0.05228499814586938,0.4293151769515538,450380.18910132034,24,Extreme Fear,1.0,0.023809523809523808,Fear,Low Leverage
0x75f7eeb85dc639d5e99c78f95393aa9a5f1170d4,2025-04-09,1593.7933500000001,12.424271,15,6,0,6,6,58405.28,3893.6853333333333,0.008622928565654827,0.03185799992271759,1.4971232684166769,451691.6443264538,18,Extreme Fear,1.0,0.6666666666666666,Fear,Low Leverage
0x75f7eeb85dc639d5e99c78f95393aa9a5f1170d4,2025-04-12,1442.90516,10.549133,44,42,0,42,2,61443.590000000004,1396.4452272727274,0.0030826720360209404,0.05463981865908942,0.5369336409703235,453012.0211556387,43,Fear,1.0,0.047619047619047616,Neutral,Low Leverage
0x75f7eeb85dc639d5e99c78f95393aa9a5f1170d4,2025-04-14,1828.36966,22.8387,40,33,0,33,27,124998.53,3124.96325,0.006867716528618534,0.066065687038547,1.2015493790600784,455367.58374709554,31,Fear,1.0,2.076923076923077,Fear,Low Leverage
0x75f7eeb85dc639d5e99c78f95393aa9a5f1170d4,2025-04-15,1208.695445,5.6975929999999995,36,35,0,35,35,58792.0,1633.111111111111,0.0035804365501166053,0.0658167409932944,0.6279317497547116,456356.8290599593,38,Fear,1.0,35.0,Fear,Low Leverage
0x75f7eeb85dc639d5e99c78f95393aa9a5f1170d4,2025-04-16,1674.357543,17.342231,35,33,0,33,27,93770.65999999999,2679.161714285714,0.005852276738076906,0.054807762598859076,1.0301385445737752,458177.12678880605,29,Fear,1.0,3.375,Fear,Low Leverage
0x75f7eeb85dc639d5e99c78f95393aa9a5f1170d4,2025-04-18,471.89234,5.190304,6,5,0,5,5,24291.37,4048.5616666666665,0.008819004314556823,0.026967065825680633,1.5566732686119649,458934.00456415355,33,Fear,1.0,5.0,Fear,Low Leverage
0x75f7eeb85dc639d5e99c78f95393aa9a5f1170d4,2025-04-19,1403.177311,6.656563,55,26,6,32,28,63371.38,1152.206909090909,0.002506891608753202,0.012845561044650735,0.4430239287348144,459736.9904493566,32,Fear,0.8125,1.037037037037037,Fear,Low Leverage
0x75f7eeb85dc639d5e99c78f95393aa9a5f1170d4,2025-04-20,-111.77234,12.976578,52,11,39,50,50,60112.75,1156.014423076923,0.002510453712100039,0.044731992682567015,0.44448791909235147,460438.0137183974,37,Fear,0.22,25.0,Fear,Low Leverage
0x75f7eeb85dc639d5e99c78f95393aa9a5f1170d4,2025-04-22,2933.203058,21.086311000000002,327,325,0,325,325,117072.94,358.02122324159023,0.0007753235617322338,0.06515999070976106,0.13765927598548958,461781.2481344365,47,Neutral,1.0,162.5,Neutral,Low Leverage
0x75f7eeb85dc639d5e99c78f95393aa9a5f1170d4,2025-04-23,6439.07977,56.965182999999996,154,146,0,146,97,368639.17,2393.760844155844,0.005140193185768777,0.06475022311462036,0.9204018178177882,466296.7591263849,72,Greed,1.0,1.7017543859649122,Greed,Low Leverage
0x75f7eeb85dc639d5e99c78f95393aa9a5f1170d4,2025-04-24,1250.2581989999999,9.656694,29,5,16,21,17,72627.81,2504.40724137931,0.005324026213784331,0.06387073862648109,0.9629453932915448,470921.2867182855,63,Greed,0.23809523809523808,1.4166666666666667,Greed,Low Leverage
0x75f7eeb85dc639d5e99c78f95393aa9a5f1170d4,2025-04-25,1113.013801,15.513931,99,82,0,82,16,76976.78,777.5432323232324,0.0016488843910097404,0.02884216492400748,0.29896562399264887,471384.36611923936,60,Greed,1.0,0.1927710843373494,Greed,Low Leverage
0x75f7eeb85dc639d5e99c78f95393aa9a5f1170d4,2025-04-26,3291.144446,17.518361,113,110,0,110,110,158243.33,1400.3834513274335,0.002955460461937228,0.06354928310021914,0.5384478893914952,473717.626450488,65,Greed,1.0,36.666666666666664,Greed,Low Leverage
0x75f7eeb85dc639d5e99c78f95393aa9a5f1170d4,2025-04-27,471.71298900000005,12.53856,83,53,28,81,2,120476.39,1451.5227710843374,0.0030517218606054518,0.06312052842063078,0.5581109743572024,475610.93833531986,61,Greed,0.654320987654321,0.024691358024691357,Greed,Low Leverage
0x75f7eeb85dc639d5e99c78f95393aa9a5f1170d4,2025-04-28,728.966777,4.663589,33,22,5,27,6,34724.43,1052.2554545454545,0.002211182309493784,0.028273036374601015,0.404592562175466,476032.344620229,54,Neutral,0.8148148148148148,0.2222222222222222,Neutral,Low Leverage
0x7f4f299f74eec87806a830e3caa9afa5f2b9db8f,2024-12-25,14.21524,1.521474,4,3,0,3,1,6754.21,1688.5525,0.016884776972466015,0.033700113569382725,0.4504166911591321,100007.82133675,73,Greed,1.0,0.3333333333333333,Greed,High Leverage
0x7f4f299f74eec87806a830e3caa9afa5f2b9db8f,2024-12-29,0.0,0.15618992000000004,4,0,0,0,4,43278.42,10819.605,0.10818245818012236,0.34954031494770277,2.886099593438049,100012.5790325425,73,Greed,0.5,1.0,Greed,High Leverage
0x7f4f299f74eec87806a830e3caa9afa5f2b9db8f,2024-12-30,838.9844760000001,3.25899193,12,7,0,7,5,48828.85,4069.070833333333,0.04052262264526451,0.07675469608450884,1.0854133471373453,100461.50871118666,65,Greed,1.0,0.7142857142857143,Greed,High Leverage
0x7f4f299f74eec87806a830e3caa9afa5f2b9db8f,2024-12-31,0.0,0.03131298,1,0,0,0,1,8056.83,8056.83,0.07989064220975882,0.07989064220975882,2.149137032950785,100848.23174717001,64,Greed,0.5,1.0,Greed,High Leverage
0x7f4f299f74eec87806a830e3caa9afa5f2b9db8f,2025-01-01,0.0,0.09393894,3,0,0,0,3,22667.48,7555.826666666667,0.07492279414346241,0.07740673573144134,2.015495784804994,100848.16912120667,66,Greed,0.5,1.0,Greed,High Leverage
0x7f4f299f74eec87806a830e3caa9afa5f2b9db8f,2025-01-02,1008.5189540000001,3.6017669,9,5,0,5,4,60827.07,6758.5633333333335,0.06643141253551639,0.26197614387214074,1.8028280042162943,101547.46092481223,70,Greed,1.0,0.8,Greed,High Leverage
0x7f4f299f74eec87806a830e3caa9afa5f2b9db8f,2025-01-03,937.789615,2.84845973,26,17,0,17,9,51369.17,1975.7373076923077,0.019345029464967314,0.07866611292235023,0.5270224412509656,102192.06953301345,74,Greed,1.0,0.5294117647058824,Greed,High Leverage
0x7f4f299f74eec87806a830e3caa9afa5f2b9db8f,2025-01-05,1093.05677,1.279708,7,7,0,7,0,12797.13,1828.1614285714284,0.017661378852776636,0.051211094420642804,0.4876569852355167,103676.22944274286,72,Greed,1.0,0.0,Greed,High Leverage
0x7f4f299f74eec87806a830e3caa9afa5f2b9db8f,2025-01-06,1260.832586,1.2912,1,1,0,1,0,12912.0,12912.0,0.12280848557264545,0.12280848557264545,3.4442401502154736,105139.3145986,76,Extreme Greed,1.0,0.0,Greed,High Leverage
0x7f4f299f74eec87806a830e3caa9afa5f2b9db8f,2025-01-07,0.0,0.02418696,1,0,0,0,1,5768.6,5768.6,0.054866263386549895,0.054866263386549895,1.538758033653422,105139.29041164,78,Extreme Greed,0.5,1.0,Greed,High Leverage
0x7f4f299f74eec87806a830e3caa9afa5f2b9db8f,2025-01-08,0.0,0.10884278,11,0,0,0,11,23615.29,2146.8445454545454,0.020419063628458283,0.06565026221734137,0.5726648218498787,105139.21094859364,70,Greed,0.5,1.0,Greed,High Leverage
0x7f4f299f74eec87806a830e3caa9afa5f2b9db8f,2025-01-09,0.0,0.04837496,1,0,0,0,1,9563.74,9563.74,0.09096270541209742,0.09096270541209742,2.5511010915599237,105139.13319390001,69,Greed,0.5,1.0,Greed,High Leverage
0x7f4f299f74eec87806a830e3caa9afa5f2b9db8f,2025-01-13,1621.278931,3.018264,4,4,0,4,0,30182.67,7545.6675,0.0709608520548705,0.18215946733711372,2.012785855303285,105755.94178365,61,Greed,1.0,0.0,Greed,High Leverage
0x7f4f299f74eec87806a830e3caa9afa5f2b9db8f,2025-01-15,1261.448002,1.164773,1,1,0,1,0,11647.74,11647.74,0.10783179488581227,0.10783179488581227,3.1070023053958162,108017.6770899,70,Greed,1.0,0.0,Greed,High Leverage
0x7f4f299f74eec87806a830e3caa9afa5f2b9db8f,2025-01-19,0.0,0.00168698,1,0,0,0,1,99.88,99.88,0.0009246634833367279,0.0009246634833367279,0.026642712686146337,108017.67540292,77,Extreme Greed,0.5,1.0,Greed,High Leverage
0x7f4f299f74eec87806a830e3caa9afa5f2b9db8f,2025-03-24,-869.145978,1.689893,2,0,2,2,0,16898.940000000002,8449.470000000001,0.07879801400100814,0.14084957045050397,2.253872662797486,107193.07210742,45,Neutral,0.0,0.0,Neutral,High Leverage
0x7f4f299f74eec87806a830e3caa9afa5f2b9db8f,2025-03-26,0.0,0.12173888,3,0,0,0,3,16897.370000000003,5632.456666666668,0.05256768435145881,0.08252730631543798,1.5024421774846768,107146.77579800335,47,Neutral,0.5,1.0,Neutral,High Leverage
0x7f4f299f74eec87806a830e3caa9afa5f2b9db8f,2025-03-28,1130.350383,1.802775,6,6,0,6,0,18027.760000000002,3004.626666666667,0.027856720741910996,0.06397656911154026,0.8014758210766278,107640.86163237334,44,Fear,1.0,0.0,Neutral,High Leverage
0x7f4f299f74eec87806a830e3caa9afa5f2b9db8f,2025-04-08,246.8944,5.6053,26,16,0,16,10,56053.090000000004,2155.8880769230773,0.01989811928041557,0.09220005138073831,0.575077158760013,108359.53762296308,24,Extreme Fear,1.0,0.625,Fear,High Leverage
0x7f4f299f74eec87806a830e3caa9afa5f2b9db8f,2025-04-09,2975.927732,408.355916,799,375,6,381,361,2791902.19,3494.2455444305383,0.0318822728085641,1.3066548033336227,0.9320802973078676,109615.85433959197,18,Extreme Fear,0.984251968503937,0.8242009132420092,Fear,High Leverage
0x7f4f299f74eec87806a830e3caa9afa5f2b9db8f,2025-04-10,-372.76464000000004,82.69018200000001,105,28,32,60,38,644130.0,6134.571428571428,0.05518095814048786,0.45303207236360454,1.6363798961160476,111151.09287997332,39,Fear,0.4666666666666667,0.5671641791044776,Fear,High Leverage
0x7f4f299f74eec87806a830e3caa9afa5f2b9db8f,2025-04-11,2550.108815,85.463826,279,136,0,136,62,655093.27,2348.0045519713262,0.020947320210577824,0.6552476423519894,0.6263236950734461,111979.02973183927,25,Fear,1.0,0.2857142857142857,Fear,High Leverage
0x7f4f299f74eec87806a830e3caa9afa5f2b9db8f,2025-04-12,303.170149,58.013753,120,69,0,69,76,435988.27,3633.2355833333336,0.032079881505049444,0.4282730328744993,0.969155504283473,113261.86649263164,43,Fear,1.0,1.7272727272727273,Neutral,High Leverage
0x7f4f299f74eec87806a830e3caa9afa5f2b9db8f,2025-04-13,355.09,64.879745,94,10,1,11,80,427208.05,4544.766489361702,0.04008255863866721,0.7369970124574615,1.2123038426280515,113473.0389065506,45,Neutral,0.9090909090909091,5.714285714285714,Neutral,High Leverage
0x7f4f299f74eec87806a830e3caa9afa5f2b9db8f,2025-04-17,425.687612,44.009555,34,16,0,16,16,251215.42,7388.688823529412,0.06490405630198547,0.30196605971918433,1.9709122292013888,113803.19800406939,30,Fear,1.0,0.8888888888888888,Fear,High Leverage
0x7f4f299f74eec87806a830e3caa9afa5f2b9db8f,2025-04-22,119.0,9.135048,5,4,0,4,4,182701.01,36540.202000000005,0.32040121874733185,0.801801377325848,9.746997430714355,114057.55190683997,47,Neutral,1.0,4.0,Neutral,High Leverage
0x8170715b3b381dffb7062c0298972d4727a0a63b,2024-12-17,0.0,0.11005895,14,0,0,0,14,29998.86,2142.7757142857145,0.021427770294995523,0.049998055027334384,0.9719189806262237,99999.95503545286,87,Extreme Greed,0.5,1.0,Greed,High Leverage
0x8170715b3b381dffb7062c0298972d4727a0a63b,2024-12-18,0.0,0.01953097,1,0,0,0,1,4999.94,4999.94,0.049999464794266424,0.049999464794266424,2.267869920120029,99999.87041008,81,Extreme Greed,0.5,1.0,Greed,High Leverage
0x8170715b3b381dffb7062c0298972d4727a0a63b,2024-12-27,453.853206,2.499887,29,5,0,5,0,24999.01,862.0348275862068,0.008587474015712549,0.04505319397637562,0.3910012631308804,100430.42716980414,74,Greed,1.0,0.0,Greed,High Leverage
0x8170715b3b381dffb7062c0298972d4727a0a63b,2024-12-28,343.092145,0.499989,1,1,0,1,0,4999.89,4999.89,0.04960512662503642,0.04960512662503642,2.2678472411486803,100793.81588508,72,Greed,1.0,0.0,Greed,High Leverage
0x8170715b3b381dffb7062c0298972d4727a0a63b,2024-12-29,768.814445,0.767315,4,4,0,4,3,7673.17,1918.2925,0.018922173166750954,0.04923058569000061,0.8700980129245253,101151.05510733,73,Greed,1.0,3.0,Greed,High Leverage
0x8170715b3b381dffb7062c0298972d4727a0a63b,2024-12-30,1211.511836,0.568128,6,6,0,6,6,5681.31,946.8850000000001,0.009259366059140708,0.016383428456273174,0.4294875557132394,102305.40396608,65,Greed,1.0,1.0,Greed,High Leverage
0x8170715b3b381dffb7062c0298972d4727a0a63b,2024-12-31,306.563532,0.10284599999999999,3,3,0,3,3,1028.46,342.82,0.003328470536038156,0.005328617614443931,0.15549609915629956,102927.93667874667,64,Greed,1.0,1.0,Greed,High Leverage
0x8170715b3b381dffb7062c0298972d4727a0a63b,2025-01-02,739.18423,1.054367,3,3,0,3,3,3012.49,1004.1633333333333,0.009689590295124716,0.015501688691763717,0.45546782932477764,103456.52492441334,70,Greed,1.0,1.0,Greed,High Leverage
0x8170715b3b381dffb7062c0298972d4727a0a63b,2025-01-22,-179.521683,1.9912670000000001,6,0,6,6,0,11242.93,1873.8216666666667,0.01807272656855313,0.03379929667135297,0.8499269578239966,103699.91485274666,84,Extreme Greed,0.0,0.0,Greed,High Leverage
0x8170715b3b381dffb7062c0298972d4727a0a63b,2025-01-25,-18956.391598000002,42.396872,29,5,24,29,26,130058.37,4484.771379310345,0.048810802384729436,0.6313425226727444,2.034200032351017,95480.46428397654,75,Extreme Greed,0.1724137931034483,8.666666666666666,Greed,High Leverage
0x8170715b3b381dffb7062c0298972d4727a0a63b,2025-01-26,0.0,3.840246,26,0,0,0,0,25001.07,961.5796153846154,0.011361567835625808,0.0856316548565147,0.4361527309390425,84634.45569423385,73,Greed,0.5,0.0,Greed,High Leverage
0x8170715b3b381dffb7062c0298972d4727a0a63b,2025-01-27,0.0,1.439962,22,0,0,0,0,14999.84,681.8109090909091,0.008056138076717385,0.022442256593249492,0.3092554014522103,84632.51499612546,71,Greed,0.5,0.0,Greed,High Leverage
0x8170715b3b381dffb7062c0298972d4727a0a63b,2025-01-28,0.0,0.959961,17,0,0,0,0,9999.78,588.2223529411765,0.006950413420542248,0.026920712880728333,0.26680555778219767,84631.36383884471,72,Greed,0.5,0.0,Greed,High Leverage
0x8170715b3b381dffb7062c0298972d4727a0a63b,2025-01-29,0.0,0.67196,7,0,0,0,0,6999.64,999.9485714285714,0.011815473482022538,0.03129506366957894,0.4535561000351707,84630.40640608,72,Greed,0.5,0.0,Greed,High Leverage
0x8170715b3b381dffb7062c0298972d4727a0a63b,2025-01-30,0.0,1.7279309999999999,37,0,0,0,0,17999.63,486.4764864864865,0.005748327077776092,0.059080320262091895,0.22065572597838784,84629.09583245838,70,Greed,0.5,0.0,Greed,High Leverage
0x8170715b3b381dffb7062c0298972d4727a0a63b,2025-01-31,0.0,2.883069,48,0,0,0,0,30032.41,625.6752083333333,0.0073933339919750535,0.03686855065967216,0.28379340246962953,84627.11122912167,76,Extreme Greed,0.5,0.0,Greed,High Leverage
0x8170715b3b381dffb7062c0298972d4727a0a63b,2025-02-01,0.0,1.336437,18,0,0,0,0,13921.36,773.4088888888889,0.009139265125058697,0.02456009125427962,0.3508023606412407,84624.70334713555,68,Greed,0.5,0.0,Greed,High Leverage
0x8170715b3b381dffb7062c0298972d4727a0a63b,2025-02-02,0.0,5.040154,30,0,0,0,0,40000.12,1333.3373333333334,0.01575657038694124,0.05908742021367981,0.6047743836205474,84620.97284991333,60,Greed,0.5,0.0,Greed,High Leverage
0x8170715b3b381dffb7062c0298972d4727a0a63b,2025-02-03,13770.715332,4.055456,119,96,0,96,96,42245.02,355.00016806722687,0.004011968161277393,0.02882491751422321,0.16102077280871746,91043.34800781109,44,Fear,1.0,4.173913043478261,Neutral,High Leverage
0x8170715b3b381dffb7062c0298972d4727a0a63b,2025-02-04,0.0,2.923326,45,0,0,0,0,30451.71,676.7046666666666,0.006878175832066779,0.03167466321477468,0.3069393149394161,98384.19500896889,72,Greed,0.5,0.0,Greed,High Leverage
0x8170715b3b381dffb7062c0298972d4727a0a63b,2025-02-05,0.0,1.4399549999999999,25,0,0,0,0,14999.82,599.9928,0.006098595408872067,0.04264437395809581,0.2721443904144035,98382.30745136,54,Neutral,0.5,0.0,Neutral,High Leverage
0x8170715b3b381dffb7062c0298972d4727a0a63b,2025-02-06,0.0,0.767964,17,0,0,0,0,7999.76,470.5741176470588,0.004783177151501298,0.014796909738974061,0.21344273863262128,98381.08366872708,49,Neutral,0.5,0.0,Neutral,High Leverage
0x8170715b3b381dffb7062c0298972d4727a0a63b,2025-02-07,0.0,0.575978,9,0,0,0,0,5999.86,666.651111111111,0.006776262545743916,0.0234297131794203,0.3023792289714445,98380.40040363556,44,Fear,0.5,0.0,Neutral,High Leverage
0x8170715b3b381dffb7062c0298972d4727a0a63b,2025-02-08,0.0,0.47998699999999994,5,0,0,0,0,4999.92,999.984,0.010164522533588256,0.020328895435751167,0.45357216970629793,98379.88318088002,44,Fear,0.5,0.0,Neutral,High Leverage
0x8170715b3b381dffb7062c0298972d4727a0a63b,2025-02-09,0.0,1.424024,87,0,0,0,0,12000.32,137.93471264367815,0.0014020773432836166,0.011524895375035272,0.06256434792117457,98379.05223850529,46,Neutral,0.5,0.0,Neutral,High Leverage
0x8170715b3b381dffb7062c0298972d4727a0a63b,2025-02-10,24.634532000000036,5.702735,85,29,36,65,65,59404.15,698.8723529411765,0.007133104538286825,0.0445657251854598,0.31699412137721705,97948.39003725647,43,Fear,0.4461538461538462,3.25,Neutral,High Leverage
0x8170715b3b381dffb7062c0298972d4727a0a63b,2025-02-11,0.0,0.959979,13,0,0,0,0,9999.93,769.2253846153847,0.007817600062890423,0.03113833355332426,0.34890480917010824,98396.60300500308,47,Neutral,0.5,0.0,Neutral,High Leverage
0x8170715b3b381dffb7062c0298972d4727a0a63b,2025-02-12,0.0,2.399949,23,0,0,0,0,24999.670000000002,1086.9421739130435,0.011046734382050638,0.05081399115803765,0.49301460840075384,98394.79202094958,46,Neutral,0.5,0.0,Neutral,High Leverage
0x8170715b3b381dffb7062c0298972d4727a0a63b,2025-02-13,-3556.388256,8.648265,46,0,16,16,16,43595.9,947.7369565217392,0.00992355306690715,0.0476320733632207,0.4298739856641792,95457.58466121044,50,Neutral,0.0,0.5333333333333333,Neutral,High Leverage
0x8170715b3b381dffb7062c0298972d4727a0a63b,2025-02-14,8781.96,103.773876,311,82,23,105,124,847863.59,2726.2494855305467,0.027898075158092162,0.33040954985881577,1.2365706794436397,97470.05716020541,48,Neutral,0.780952380952381,0.6631016042780749,Neutral,High Leverage
0x8170715b3b381dffb7062c0298972d4727a0a63b,2025-02-15,35346.87108,108.947388,179,154,7,161,50,432960.07,2418.771340782123,0.021094459283864237,0.42057249878994835,1.0971049187406585,108742.09750334256,50,Neutral,0.9565217391304348,0.3875968992248062,Neutral,High Leverage
0x8170715b3b381dffb7062c0298972d4727a0a63b,2025-02-16,0.0,0.959985,3,0,0,0,0,9999.890000000001,3333.296666666667,0.024024806173816176,0.0700249595924975,1.511914792011443,138743.94329174666,54,Neutral,0.5,0.0,Neutral,High Leverage
0x8170715b3b381dffb7062c0298972d4727a0a63b,2025-02-17,0.0,2.646425,6,0,0,0,0,15019.05,2503.1749999999997,0.018041897919905948,0.036037867553589814,1.1353886821234764,138742.48990608,51,Neutral,0.5,0.0,Neutral,High Leverage
0x8170715b3b381dffb7062c0298972d4727a0a63b,2025-02-18,0.0,2.3999610000000002,13,0,0,0,0,24999.7,1923.0538461538463,0.01386085667541802,0.036038563028961766,0.8722576615846266,138740.26115654156,47,Neutral,0.5,0.0,Neutral,High Leverage
0x8170715b3b381dffb7062c0298972d4727a0a63b,2025-02-19,0.0,1.439975,17,0,0,0,0,14999.82,882.3423529411765,0.0063597725201625845,0.03242058035087655,0.40021233884471097,138738.4397407859,44,Fear,0.5,0.0,Neutral,High Leverage
0x8170715b3b381dffb7062c0298972d4727a0a63b,2025-02-20,0.0,3.359948,31,0,0,0,0,34999.78,1129.0251612903226,0.008137962569770799,0.05412426278220071,0.5121025857008258,138735.95046388646,49,Neutral,0.5,0.0,Neutral,High Leverage
0x8170715b3b381dffb7062c0298972d4727a0a63b,2025-02-21,0.0,2.399939,38,0,0,0,0,24999.69,657.8865789473684,0.004742112004483945,0.014969456405684787,0.2984038174948915,138732.8459457116,55,Greed,0.5,0.0,Neutral,High Leverage
0x8170715b3b381dffb7062c0298972d4727a0a63b,2025-02-23,0.0,0.479988,4,0,0,0,0,4999.92,1249.98,0.009010074380073483,0.01146604527373086,0.5669652121328724,138731.40311958,50,Neutral,0.5,0.0,Neutral,High Leverage
0x8170715b3b381dffb7062c0298972d4727a0a63b,2025-02-25,8698.883848,2.39996,39,39,0,39,39,24999.87,641.0223076923077,0.004476485175128852,0.02461960760552465,0.29075453100263415,142072.56207466975,25,Fear,1.0,1.0,Fear,High Leverage
0x8170715b3b381dffb7062c0298972d4727a0a63b,2025-02-26,2225.835732,0.479992,1,1,0,1,1,4999.92,4999.92,0.03341007899499143,0.03341007899499143,2.2678608485314897,149653.04334508002,21,Extreme Fear,1.0,1.0,Fear,High Leverage
0x8170715b3b381dffb7062c0298972d4727a0a63b,2025-02-28,3309.75,0.479998,7,7,0,7,7,5000.0,714.2857142857143,0.004712427650052489,0.006633440892240171,0.323985304983664,151535.71919650858,16,Extreme Fear,1.0,1.0,Fear,High Leverage
0x8170715b3b381dffb7062c0298972d4727a0a63b,2025-03-02,0.0,0.47999499999999995,2,0,0,0,0,4999.95,2499.975,0.01634378290926739,0.03267802098380138,1.1339372279571496,152962.07327957998,26,Fear,0.5,0.0,Fear,High Leverage
0x8170715b3b381dffb7062c0298972d4727a0a63b,2025-03-03,0.0,0.479993,8,0,0,0,0,4999.95,624.99375,0.004085953183348905,0.006526346590398277,0.2834843069892874,152961.53013783,33,Fear,0.5,0.0,Fear,High Leverage
0x8170715b3b381dffb7062c0298972d4727a0a63b,2025-03-04,6939.47356,1.43998,16,13,0,13,13,14999.91,937.494375,0.005928219560537651,0.031996518490649,0.4252281614067822,158532.30064133002,15,Extreme Fear,1.0,4.333333333333333,Fear,High Leverage
0x8170715b3b381dffb7062c0298972d4727a0a63b,2025-03-07,0.0,14.399968000000001,12,0,0,0,12,149999.77,12499.980833333333,0.07817833290723808,0.31271509551402266,5.669734143608436,159892.70349632998,34,Fear,0.5,1.0,Fear,High Leverage
0x8170715b3b381dffb7062c0298972d4727a0a63b,2025-03-08,0.0,9.599786,38,0,0,0,38,99997.81999999999,2631.521578947368,0.01645944811408015,0.2684424304564241,1.1936040498568985,159882.14045521157,28,Fear,0.5,1.0,Fear,High Leverage
0x8170715b3b381dffb7062c0298972d4727a0a63b,2025-03-09,3677.496558,0.479992,5,5,0,5,5,4999.95,999.99,0.006143322991540219,0.022772028503282735,0.4535748911828598,161149.48616688,27,Fear,1.0,1.0,Fear,High Leverage
0x8170715b3b381dffb7062c0298972d4727a0a63b,2025-03-10,4297.3227640000005,5.279983,14,5,0,5,14,54999.92,3928.565714285714,0.023983609175301433,0.14383210902853233,1.781916585527712,164256.0913563657,20,Extreme Fear,1.0,1.0,Fear,High Leverage
0x8170715b3b381dffb7062c0298972d4727a0a63b,2025-03-11,0.0,0.479989,8,0,0,0,0,4999.9400000000005,624.9925000000001,0.0037236482731126583,0.015010369761211246,0.28348374001500365,167844.30713407998,24,Extreme Fear,0.5,0.0,Fear,High Leverage
0x8170715b3b381dffb7062c0298972d4727a0a63b,2025-03-12,-2493.849701,5.279924,11,0,1,1,0,54999.26,4999.932727272728,0.030198496647884022,0.3023940809519932,2.2678666213605605,167616.5447039891,34,Fear,0.0,0.0,Fear,High Leverage
0x8170715b3b381dffb7062c0298972d4727a0a63b,2025-03-13,0.0,6.7199349999999995,37,0,0,0,26,69999.58,1891.8805405405406,0.011442280067780128,0.06048176984724606,0.8581180914875606,165341.13012232326,45,Neutral,0.5,2.3636363636363638,Neutral,High Leverage
0x8170715b3b381dffb7062c0298972d4727a0a63b,2025-03-14,584.05178,0.959989,1,1,0,1,0,9999.89,9999.89,0.06026890759707489,0.06026890759707489,4.535744376034328,165921.20877408,27,Fear,1.0,0.0,Fear,High Leverage
0x8170715b3b381dffb7062c0298972d4727a0a63b,2025-03-15,763.755281,3.839806,18,3,10,13,0,39998.04,2222.1133333333332,0.013355679084938048,0.04130032673645281,1.0079048924115728,166332.03128546887,46,Neutral,0.23076923076923078,0.0,Neutral,High Leverage
0x8170715b3b381dffb7062c0298972d4727a0a63b,2025-03-16,8368.226125000001,1.919864,7,6,1,7,6,19998.62,2856.945714285714,0.016852397453920958,0.0600002736338441,1.2958517999904804,168749.78509079426,30,Fear,0.8571428571428571,6.0,Fear,High Leverage
0x8170715b3b381dffb7062c0298972d4727a0a63b,2025-03-17,0.0,10.559898,72,0,0,0,0,109999.59,1527.7720833333333,0.00872803700126023,0.0571297268317438,0.6929659861099888,175040.66644883,32,Fear,0.5,0.0,Fear,High Leverage
0x8170715b3b381dffb7062c0298972d4727a0a63b,2025-03-18,0.0,7.219598,59,0,0,0,0,75204.56,1274.653559322034,0.00728236041391537,0.0571313898444832,0.5781566310316467,175032.31047145286,34,Fear,0.5,0.0,Fear,High Leverage
0x8170715b3b381dffb7062c0298972d4727a0a63b,2025-03-19,3036.68886,15.820136,109,9,0,9,0,164794.05,1511.8720183486237,0.0085268331614522,0.05616236272384401,0.6857540437453251,177350.21776457538,32,Fear,1.0,0.0,Fear,High Leverage
0x8170715b3b381dffb7062c0298972d4727a0a63b,2025-03-20,652.062115,8.743675,12,3,2,5,0,91079.65000000001,7589.970833333334,0.04250485301012193,0.11233213188169958,3.44265462135646,178679.99405799664,49,Neutral,0.6,0.0,Neutral,High Leverage
0x8170715b3b381dffb7062c0298972d4727a0a63b,2025-03-22,3082.76165,0.95998,19,19,0,19,19,9999.93,526.312105263158,0.002918058860672324,0.01024928297833848,0.23872434311638985,180045.72417444838,32,Fear,1.0,1.0,Fear,High Leverage
0x8170715b3b381dffb7062c0298972d4727a0a63b,2025-03-23,3464.777168,0.959991,2,2,0,2,2,9999.92,4999.96,0.027122894779767436,0.02725386202800986,2.2678789917085687,184348.92995307996,30,Fear,1.0,1.0,Fear,High Leverage
0x8170715b3b381dffb7062c0298972d4727a0a63b,2025-03-24,2838.532396,11.51959,47,41,6,47,9,94995.22,2021.1748936170213,0.010815495125979896,0.06170328219939513,0.9167633500673693,186757.14263873952,45,Neutral,0.8723404255319149,0.23684210526315788,Neutral,High Leverage
0x8170715b3b381dffb7062c0298972d4727a0a63b,2025-03-25,2164.09548,3.8397550000000003,6,6,0,6,0,39997.490000000005,6666.248333333334,0.035214596890690286,0.053044388457988034,3.0236730991205785,189192.3800242466,46,Neutral,1.0,0.0,Neutral,High Leverage
0x8170715b3b381dffb7062c0298972d4727a0a63b,2025-03-26,619.572648,0.95988,1,1,0,1,0,9998.76,9998.76,0.05239195302229924,0.05239195302229924,4.535231831281844,190845.33832407993,47,Neutral,1.0,0.0,Neutral,High Leverage
0x8170715b3b381dffb7062c0298972d4727a0a63b,2025-03-27,26714.79759,16.429335,64,62,0,62,62,68601.29,1071.89515625,0.005249106282638263,0.02456050655238431,0.48618959075143575,204645.17792118932,40,Fear,1.0,31.0,Fear,High Leverage
0x8170715b3b381dffb7062c0298972d4727a0a63b,2025-03-28,13956.614828,5.087743,29,29,0,29,29,32999.21,1137.9037931034482,0.005061488750165324,0.022442393363289927,0.5161297504309643,225088.56760914891,44,Fear,1.0,1.0,Neutral,High Leverage
0x8170715b3b381dffb7062c0298972d4727a0a63b,2025-03-29,19573.830158,9.599846,86,44,0,44,86,99999.07,1162.7798837209302,0.004731752645101514,0.11007228949804869,0.5274130333586728,245408.09773149856,26,Fear,1.0,1.0,Fear,High Leverage
0x8170715b3b381dffb7062c0298972d4727a0a63b,2025-03-30,9683.820194,9.133842,31,15,2,17,29,70041.15,2259.391935483871,0.008845957178026918,0.05231214034932636,1.024813699413522,254483.7815562412,32,Fear,0.8823529411764706,14.5,Fear,High Leverage
0x8170715b3b381dffb7062c0298972d4727a0a63b,2025-03-31,5544.028638,3.839982,8,6,0,6,8,39999.89,4999.98625,0.019105522539316355,0.11430695598985383,2.267890898168527,263261.15733382996,34,Fear,1.0,1.0,Fear,High Leverage
0x8170715b3b381dffb7062c0298972d4727a0a63b,2025-04-01,4004.50286,34.276202,13,12,0,12,0,123441.06,9495.466153846153,0.035350185400275486,0.1839087207243191,4.306948096942267,267256.7498859261,34,Fear,1.0,0.0,Fear,High Leverage
0x8170715b3b381dffb7062c0298972d4727a0a63b,2025-04-02,8045.056928,1.439993,7,7,0,7,7,14999.99,2142.8557142857144,0.00778376073954974,0.01814514929780768,0.971955266980382,275366.6337913656,44,Fear,1.0,1.0,Neutral,High Leverage
0x8170715b3b381dffb7062c0298972d4727a0a63b,2025-04-03,0.0,59.968334999999996,85,0,0,0,58,478472.76,5629.0912941176475,0.02022979496442664,0.21563828174542088,2.553240003587831,278255.40543766815,25,Fear,0.5,2.1481481481481484,Fear,High Leverage
0x8170715b3b381dffb7062c0298972d4727a0a63b,2025-04-04,4805.34561,8.48551,68,7,0,7,12,63381.48,932.0805882352942,0.0032958111554196256,0.05814512520082716,0.42277257910827054,282819.44605790346,28,Fear,1.0,0.21428571428571427,Fear,High Leverage
0x8170715b3b381dffb7062c0298972d4727a0a63b,2025-04-06,17621.701092,18.239855,14,8,0,8,14,189998.6,13571.328571428572,0.04532220263344668,0.09978989500186226,6.155675436746918,296126.04321093706,34,Fear,1.0,1.0,Fear,High Leverage
0x8170715b3b381dffb7062c0298972d4727a0a63b,2025-04-07,0.0,27.824674,51,0,0,0,0,139954.52,2744.2062745098037,0.009128811216719835,0.08140363810611949,1.2447155094992004,300606.4799300407,23,Extreme Fear,0.5,0.0,Fear,High Leverage
0x8170715b3b381dffb7062c0298972d4727a0a63b,2025-04-08,0.0,14.399897000000001,8,0,0,0,8,149999.02,18749.8775,0.06237650765820768,0.1663404092898162,8.504558692341375,300594.02351245494,24,Extreme Fear,0.5,1.0,Fear,High Leverage
0x8170715b3b381dffb7062c0298972d4727a0a63b,2025-04-09,-4058.8889249999997,42.461957,54,18,11,29,5,441098.03,8168.482037037037,0.027383395032886455,0.33727529885859053,3.7050554016322357,298258.8108487652,18,Extreme Fear,0.6206896551724138,0.10204081632653061,Fear,High Leverage
0x8170715b3b381dffb7062c0298972d4727a0a63b,2025-04-10,4596.960442,34.245745,89,44,2,46,0,280478.95,3151.4488764044945,0.010524890684619086,0.1671920158163456,1.4294323755072693,298329.68080592254,39,Fear,0.9565217391304348,0.0,Fear,High Leverage
0x8170715b3b381dffb7062c0298972d4727a0a63b,2025-04-11,-9584.869233,81.852119,238,0,47,47,0,677582.5,2846.985294117647,0.009714421638432894,0.2275409232151601,1.2913339583181969,292021.8195323151,25,Fear,0.0,0.0,Fear,High Leverage
0x8170715b3b381dffb7062c0298972d4727a0a63b,2025-04-12,0.0,5.759918999999999,22,0,0,0,0,59999.380000000005,2727.2445454545455,0.009359833726654474,0.08083117769927786,1.237022018153775,291377.2754346707,43,Fear,0.5,0.0,Neutral,High Leverage
0x8170715b3b381dffb7062c0298972d4727a0a63b,2025-04-13,0.0,3.839859,18,0,0,0,0,39998.600000000006,2222.1444444444446,0.007626475022446743,0.08963887379097667,1.007919003771523,291374.3288223575,45,Neutral,0.5,0.0,Neutral,High Leverage
0x8170715b3b381dffb7062c0298972d4727a0a63b,2025-04-15,3204.26268,20.159716,77,77,0,77,77,209997.71,2727.2429870129868,0.009315890246425124,0.1066012749575372,1.2370213112767459,292782.09063519666,38,Fear,1.0,1.0,Fear,High Leverage
0x8170715b3b381dffb7062c0298972d4727a0a63b,2025-04-16,912.29492,14.399921,39,1,0,1,1,149999.52,3846.1415384615384,0.013025554700371233,0.10184932123246197,1.74453067508832,295435.13627541316,29,Fear,1.0,0.02631578947368421,Fear,High Leverage
0x8170715b3b381dffb7062c0298972d4727a0a63b,2025-04-17,0.0,18.239902,96,0,0,0,0,189999.95,1979.1661458333335,0.006698973767505541,0.15371962315951007,0.8977090463196173,295443.86776861106,30,Fear,0.5,0.0,Fear,High Leverage
0x8170715b3b381dffb7062c0298972d4727a0a63b,2025-04-18,0.0,15.637112,46,0,0,0,0,162886.99,3541.02152173913,0.011986130752276485,0.10154866889435195,1.6061345127441182,295425.452632232,33,Fear,0.5,0.0,Fear,High Leverage
0x8170715b3b381dffb7062c0298972d4727a0a63b,2025-04-19,0.0,32.362351,96,0,0,0,0,337108.33999999997,3511.545208333333,0.011887325697499285,0.1478104557149145,1.5927646634001185,295403.2301586632,32,Fear,0.5,0.0,Fear,High Leverage
0x8170715b3b381dffb7062c0298972d4727a0a63b,2025-04-21,0.0,4.583545,18,0,0,0,0,47745.34,2652.518888888889,0.008979886460107767,0.04797887764292189,1.2031279976682347,295384.7311635798,39,Fear,0.5,0.0,Fear,High Leverage
0x8170715b3b381dffb7062c0298972d4727a0a63b,2025-04-22,0.0,16.536157,49,0,0,0,0,172251.86,3515.344081632653,0.011901359565739152,0.13646436392775013,1.5944877541743825,295376.3623617533,47,Neutral,0.5,0.0,Neutral,High Leverage
0x8170715b3b381dffb7062c0298972d4727a0a63b,2025-04-23,-358963.139984,611.41193,1242,848,323,1171,1171,2496855.07,2010.350297906602,13.16206335726567,2144.0,0.9118535361477784,24004.252041156044,72,Greed,0.7241673783091375,16.492957746478872,Greed,High Leverage
0x8170715b3b381dffb7062c0298972d4727a0a63b,2025-04-24,398.646746,7.346353,58,32,22,54,54,76524.95,1319.3956896551724,13.193956896551724,50.0816,0.5984507408698877,100.0,63,Greed,0.5925925925925926,13.5,Greed,High Leverage
0x8170715b3b381dffb7062c0298972d4727a0a63b,2025-04-25,-1335.115406,10.397576,39,2,13,15,15,59516.6,1526.0666666666666,15.260666666666665,99.9998,0.6921924441955648,100.0,60,Greed,0.13333333333333333,0.625,Greed,High Leverage
0x8170715b3b381dffb7062c0298972d4727a0a63b,2025-04-26,-3925.864943,11.544089000000001,16,0,16,16,16,34357.46,2147.34125,21.473412500000002,83.2887,0.9739898136993531,100.0,65,Greed,0.0,1.0,Greed,High Leverage
0x8170715b3b381dffb7062c0298972d4727a0a63b,2025-04-27,-99.444041,0.885246,12,0,12,12,12,9221.43,768.4525,7.684525,29.3926,0.3485542446091427,100.0,61,Greed,0.0,1.0,Greed,High Leverage
0x8381e6d82f1affd39a336e143e081ef7620a3b7f,2024-11-29,0.0,0.17494357000000002,3,0,0,0,3,2004.8999999999999,668.3,0.006683007929239634,0.008029214046593696,0.10643410680214214,99999.88403719,78,Extreme Greed,0.5,1.0,Greed,High Leverage
0x8381e6d82f1affd39a336e143e081ef7620a3b7f,2024-12-01,0.0,1.049569,3,0,0,0,3,2998.76,999.5866666666667,0.009995955697355131,0.012381800147908531,0.15919514295675186,99999.19706176333,81,Extreme Greed,0.5,1.0,Greed,High Leverage
0x8381e6d82f1affd39a336e143e081ef7620a3b7f,2024-12-02,0.0,0.43464074,6,0,0,0,6,2043.92,340.65333333333336,0.0034065814681296194,0.005869997392256031,0.05425278058133432,99998.62636848167,80,Extreme Greed,0.5,1.0,Greed,High Leverage
0x8381e6d82f1affd39a336e143e081ef7620a3b7f,2024-12-04,33.26141600000001,1.54664128,10,2,3,5,5,6696.09,669.609,0.006698154861763754,0.022069905577119773,0.10664257941295166,99990.23829017399,78,Extreme Greed,0.4,1.0,Greed,High Leverage
0x8381e6d82f1affd39a336e143e081ef7620a3b7f,2024-12-05,0.0,0.01519692,2,0,0,0,2,588.53,294.265,0.0029417661705857185,0.0032709174025275633,0.0468649295797282,100030.04464896,84,Extreme Greed,0.5,1.0,Greed,High Leverage
0x8381e6d82f1affd39a336e143e081ef7620a3b7f,2024-12-06,0.0,0.00232193,1,0,0,0,1,292.11,292.11,0.0029202228204742056,0.0029202228204742056,0.04652172218760099,100030.03810255999,72,Greed,0.5,1.0,Greed,High Leverage
0x8381e6d82f1affd39a336e143e081ef7620a3b7f,2024-12-07,0.0,0.02168289,3,0,0,0,3,3063.8900000000003,1021.2966666666667,0.010209901284804061,0.0128756351953046,0.16265269863335594,100030.02469996999,75,Extreme Greed,0.5,1.0,Greed,High Leverage
0x8381e6d82f1affd39a336e143e081ef7620a3b7f,2024-12-08,-21.54374,1.01392597,5,0,2,2,3,4923.79,984.758,0.009845188846069563,0.02184555485468626,0.15683351510738278,100024.71382949999,79,Extreme Greed,0.0,1.5,Greed,High Leverage
0x8381e6d82f1affd39a336e143e081ef7620a3b7f,2024-12-09,0.0,0.02488189,4,0,0,0,4,1763.8,440.95,0.004409171649273397,0.005878761773656416,0.07022612508514825,100007.4439035375,78,Extreme Greed,0.5,1.0,Greed,High Leverage
0x8381e6d82f1affd39a336e143e081ef7620a3b7f,2024-12-10,0.0,0.00478794,1,0,0,0,1,587.97,587.97,0.005879263224604106,0.005879263224604106,0.09364067301579458,100007.42908387,78,Extreme Greed,0.5,1.0,Greed,High Leverage
0x8381e6d82f1affd39a336e143e081ef7620a3b7f,2024-12-13,0.0,0.00793096,3,0,0,0,3,386.65,128.88333333333333,0.0012887376631707187,0.0017060733717727244,0.020526084789789147,100007.42301957,76,Extreme Greed,0.5,1.0,Greed,High Leverage
0x8381e6d82f1affd39a336e143e081ef7620a3b7f,2024-12-15,0.0,0.031883879999999996,5,0,0,0,5,3698.13,739.626,0.0073957123397939886,0.022160057692427612,0.11779355480718419,100007.399619206,80,Extreme Greed,0.5,1.0,Greed,High Leverage
0x8381e6d82f1affd39a336e143e081ef7620a3b7f,2024-12-19,0.0,0.00611499,1,0,0,0,1,1399.11,1399.11,0.013990067091796312,0.013990067091796312,0.22282361689053581,100007.38315404,75,Extreme Greed,0.5,1.0,Greed,High Leverage
0x8381e6d82f1affd39a336e143e081ef7620a3b7f,2024-12-22,0.0,0.00936097,1,0,0,0,1,2815.79,2815.79,0.028155823847812306,0.028155823847812306,0.4484454490384615,100007.37379307,73,Greed,0.5,1.0,Greed,High Leverage
0x8381e6d82f1affd39a336e143e081ef7620a3b7f,2024-12-23,0.0,0.06298988,6,0,0,0,6,17133.940000000002,2855.656666666667,0.028554472298398397,0.05887638389347614,0.4547946530753393,100007.34649697,70,Greed,0.5,1.0,Greed,High Leverage
0x8381e6d82f1affd39a336e143e081ef7620a3b7f,2024-12-26,0.0,0.013980959999999999,2,0,0,0,2,3828.0,1914.0,0.019138603426465475,0.03734357497838912,0.3048254981584619,100007.296992715,79,Extreme Greed,0.5,1.0,Greed,High Leverage
0x8381e6d82f1affd39a336e143e081ef7620a3b7f,2025-01-01,0.0,0.01478382,5,0,0,0,5,1004.01,200.802,0.0020078736825252684,0.00371402919706603,0.03197992146353995,100007.285597852,66,Greed,0.5,1.0,Greed,High Leverage
0x8381e6d82f1affd39a336e143e081ef7620a3b7f,2025-01-04,0.0,0.00615996,2,0,0,0,2,1421.73,710.865,0.007108132739517669,0.010708320875589056,0.11321305002529519,100007.27819844501,73,Greed,0.5,1.0,Greed,High Leverage
0x8381e6d82f1affd39a336e143e081ef7620a3b7f,2025-01-05,0.0,0.00185097,1,0,0,0,1,456.83,456.83,0.004567967724772423,0.004567967724772423,0.07275518930184438,100007.27402748,72,Greed,0.5,1.0,Greed,High Leverage
0x8381e6d82f1affd39a336e143e081ef7620a3b7f,2025-01-09,0.0,0.10100993,4,0,0,0,4,6038.5599999999995,1509.6399999999999,0.015095312807157014,0.0321175928709232,0.24042673199578912,100007.1933805375,69,Greed,0.5,1.0,Greed,High Leverage
0x8381e6d82f1affd39a336e143e081ef7620a3b7f,2025-01-18,0.0,0.11930629000000001,7,0,0,0,7,20650.07,2950.0099999999998,0.029498003786078038,0.06721129910792736,0.46982145654255175,100007.09248712573,77,Extreme Greed,0.5,1.0,Greed,High Leverage
0x8381e6d82f1affd39a336e143e081ef7620a3b7f,2025-01-25,0.0,28.202164,25,0,0,0,25,80577.65000000001,3223.106,0.03223404862506481,0.29055038924691723,0.513314990630892,99989.9750925,75,Extreme Greed,0.5,1.0,Greed,High Leverage
0x8381e6d82f1affd39a336e143e081ef7620a3b7f,2025-01-26,38294.693499,326.247666,123,82,0,82,56,932136.39,7578.344634146341,0.061580920811936696,0.7844768744510221,1.206934523678247,126119.68997723563,73,Greed,1.0,0.835820895522388,Greed,High Leverage
0x8381e6d82f1affd39a336e143e081ef7620a3b7f,2025-01-27,0.0,0.04196391,2,0,0,0,2,8887.98,4443.99,0.032215136621190014,0.03959259634064934,0.7077541617352261,137947.26830983,71,Greed,0.5,1.0,Greed,High Leverage
0x8381e6d82f1affd39a336e143e081ef7620a3b7f,2025-02-02,0.0,0.53399801,19,0,0,0,19,36931.96,1943.7873684210526,0.014090831104847908,0.04306651057483582,0.3095694633715115,137946.9512067437,60,Greed,0.5,1.0,Greed,High Leverage
0x8381e6d82f1affd39a336e143e081ef7620a3b7f,2025-02-03,0.0,0.30528029,8,0,0,0,8,18810.28,2351.285,0.017044899412786023,0.030900956723851215,0.37446793178553767,137946.5334654125,44,Fear,0.5,1.0,Neutral,High Leverage
0x8381e6d82f1affd39a336e143e081ef7620a3b7f,2025-02-04,9167.620989000001,2115.719137,104,49,0,49,55,6044911.98,58124.15365384616,0.4021696944040594,4.203515423147818,9.25690913927515,143977.245739675,72,Greed,1.0,1.1224489795918366,Greed,High Leverage
0x8381e6d82f1affd39a336e143e081ef7620a3b7f,2025-02-05,1843.301845,119.89688567,327,126,29,155,172,767744.96,2347.8439143730884,0.016067176850303233,0.33545557022661915,0.37391990114790485,146092.35745022944,54,Neutral,0.8129032258064516,1.1096774193548387,Neutral,High Leverage
0x8381e6d82f1affd39a336e143e081ef7620a3b7f,2025-02-06,71.77363,39.75071924,167,39,15,54,113,314161.67,1881.207604790419,0.012818172195003637,0.12024592502188919,0.299602949461717,146757.74227636625,49,Neutral,0.7222222222222222,2.0925925925925926,Neutral,High Leverage
0x8381e6d82f1affd39a336e143e081ef7620a3b7f,2025-02-09,1259.5314,212.582348,103,23,0,23,23,708608.03,6879.689611650486,0.04671539371018059,0.529437980427401,1.0956660465240096,147170.0450718972,46,Neutral,1.0,0.2875,Neutral,High Leverage
0x8381e6d82f1affd39a336e143e081ef7620a3b7f,2025-02-10,0.0,3.268301,10,0,0,0,10,10894.35,1089.435,0.007371072461515471,0.030450075686698653,0.17350447575039912,147798.76083223993,43,Fear,0.5,1.0,Neutral,High Leverage
0x8381e6d82f1affd39a336e143e081ef7620a3b7f,2025-02-11,109.90750199999998,78.85202728,211,80,17,97,114,503396.55,2385.7656398104264,0.01615014568963913,0.13296112675443184,0.3799593519564027,147748.2159332285,47,Neutral,0.8247422680412371,1.175257731958763,Neutral,High Leverage
0x8381e6d82f1affd39a336e143e081ef7620a3b7f,2025-02-12,2760.439779,175.294547,81,57,0,57,24,1003654.27,12390.793456790123,0.08344463885260103,1.16881875712348,1.9733697952166454,149021.0078269093,46,Neutral,1.0,0.42105263157894735,Neutral,High Leverage
0x8381e6d82f1affd39a336e143e081ef7620a3b7f,2025-02-13,1998.702085,25.696273,42,42,0,42,0,85654.33,2039.3888095238096,0.013466673970502982,0.037109254463595386,0.32479504169377627,151425.00618483612,50,Neutral,1.0,0.0,Neutral,High Leverage
0x8381e6d82f1affd39a336e143e081ef7620a3b7f,2025-02-14,27.247837999999998,2.77669532,40,11,0,11,29,17808.66,445.2165,0.002921459234006495,0.03432737005073487,0.0709056120171718,152390.55881831193,48,Neutral,1.0,2.6363636363636362,Neutral,High Leverage
0x8381e6d82f1affd39a336e143e081ef7620a3b7f,2025-02-16,559.647247,17.1429389,80,34,0,34,46,109508.67,1368.858375,0.008968495611000235,0.0337846403319065,0.21800571372401129,152609.5639451459,54,Neutral,1.0,1.3529411764705883,Neutral,High Leverage
0x8381e6d82f1affd39a336e143e081ef7620a3b7f,2025-02-17,64.346683,9.08480585,105,17,0,17,88,116786.7,1112.2542857142857,0.007270074993045613,0.05446128684389558,0.1771386973467823,152990.4647399044,51,Neutral,1.0,5.176470588235294,Neutral,High Leverage
0x8381e6d82f1affd39a336e143e081ef7620a3b7f,2025-02-18,3981.044269,11.15622518,177,27,0,27,150,259505.77000000002,1466.1342937853108,0.009395581873029055,0.3002572214534822,0.23349797098762382,156374.14991757332,47,Neutral,1.0,5.555555555555555,Neutral,High Leverage
0x8381e6d82f1affd39a336e143e081ef7620a3b7f,2025-02-21,8995.13393,12.687638999999999,8,8,0,8,0,126876.4,15859.55,0.09588701477460683,0.7170499829269221,2.5258073298427552,160365.51783898493,55,Greed,1.0,0.0,Neutral,High Leverage
0x8381e6d82f1affd39a336e143e081ef7620a3b7f,2025-02-23,0.0,0.27752462,40,0,0,0,40,18908.36,472.709,0.002848313044245275,0.03542107370017143,0.07528409425756968,165961.07276500194,50,Neutral,0.5,1.0,Neutral,High Leverage
0x8381e6d82f1affd39a336e143e081ef7620a3b7f,2025-02-24,0.0,1.34109024,44,0,0,0,44,83374.23,1894.8688636363636,0.011417608358748292,0.06989926773051504,0.3017786548082096,165960.2739459731,49,Neutral,0.5,1.0,Neutral,High Leverage
0x8381e6d82f1affd39a336e143e081ef7620a3b7f,2025-02-25,0.0,0.27318193,4,0,0,0,4,14743.13,3685.7825,0.02220894076133453,0.053556522061929235,0.587001299198663,165959.37295605493,25,Fear,0.5,1.0,Fear,High Leverage
0x8381e6d82f1affd39a336e143e081ef7620a3b7f,2025-03-26,0.0,0.00901796,1,0,0,0,1,1134.46,1134.46,0.006835772221311222,0.006835772221311222,0.1806752009617809,165959.30397785993,47,Neutral,0.5,1.0,Neutral,High Leverage
0x8381e6d82f1affd39a336e143e081ef7620a3b7f,2025-04-07,-4968.487948,69.249872,26,0,15,15,14,197856.82,7609.877692307693,0.04638736551091765,0.18821110775767325,1.2119565091340954,163875.46118212916,23,Extreme Fear,0.0,1.1666666666666667,Fear,High Leverage
0x8381e6d82f1affd39a336e143e081ef7620a3b7f,2025-04-08,142.99159,32.077231,23,10,0,10,10,91649.26,3984.7504347826084,0.0247530052171131,0.0903503752094787,0.6346152227375947,160971.7601931208,24,Extreme Fear,1.0,0.7692307692307693,Fear,High Leverage
0x8381e6d82f1affd39a336e143e081ef7620a3b7f,2025-04-11,0.0,7.207268,3,0,0,0,3,20592.2,6864.066666666667,0.04262671402265461,0.0701964963135377,1.0931779211387458,161028.70167852662,25,Fear,0.5,1.0,Fear,High Leverage
0x8381e6d82f1affd39a336e143e081ef7620a3b7f,2025-04-12,202.27562,7.2780249999999995,8,8,0,8,0,20794.37,2599.29625,0.016129934867977445,0.052078252666697855,0.41396644423598317,161104.68767348494,43,Fear,1.0,0.0,Neutral,High Leverage
0x8381e6d82f1affd39a336e143e081ef7620a3b7f,2025-04-19,56.13971,2.7150702,22,11,0,11,11,14645.15,665.6886363636363,0.004128525185982345,0.01837899365966834,0.10601821849423859,161240.79550790085,32,Fear,1.0,1.0,Fear,High Leverage
0x8381e6d82f1affd39a336e143e081ef7620a3b7f,2025-04-22,284.16768,46.331689,2,1,0,1,1,132376.25,66188.125,0.41013521207150927,0.41068405081903864,10.541185044566115,161381.05542165996,47,Neutral,1.0,1.0,Neutral,High Leverage
0x8381e6d82f1affd39a336e143e081ef7620a3b7f,2025-04-23,0.0,24.922278000000002,4,0,0,0,4,71206.52,17801.63,0.11023392570517544,0.38313659756551316,2.835104876061975,161503.66726615996,72,Greed,0.5,1.0,Greed,High Leverage
0x8381e6d82f1affd39a336e143e081ef7620a3b7f,2025-04-26,505.40523,7.526466,3,1,2,3,0,71711.93000000001,23903.97666666667,0.14753883287237612,0.4338435823798699,3.806970530504136,162005.90076865992,65,Greed,0.3333333333333333,0.0,Greed,High Leverage
0x8381e6d82f1affd39a336e143e081ef7620a3b7f,2025-04-27,33.061386999999996,0.8035166,13,2,0,2,11,13419.3,1032.253846153846,0.006372066491886689,0.024867818388063134,0.16439774967598456,161988.38687057377,61,Greed,1.0,5.5,Greed,High Leverage
0x8381e6d82f1affd39a336e143e081ef7620a3b7f,2025-04-28,0.0,0.15534364,10,0,0,0,10,7997.56,799.7560000000001,0.0049362581492432694,0.0191171668269641,0.12736991698287295,162016.65171381895,54,Neutral,0.5,1.0,Neutral,High Leverage
0x8381e6d82f1affd39a336e143e081ef7620a3b7f,2025-04-29,112.996265,0.811065,1,1,0,1,0,8110.65,8110.65,0.05002597451076249,0.05002597451076249,1.291709993019294,162128.77568741995,60,Greed,1.0,0.0,Greed,High Leverage
0x8477e447846c758f5a675856001ea72298fd9cb5,2024-05-23,413.347329,87.513078,305,145,11,156,186,327801.58,1074.7592786885245,0.010721462825720972,0.14994748386220846,1.3099974726397206,100212.35633375081,76,Extreme Greed,0.9294871794871795,1.5630252100840336,Greed,Low Leverage
0x8477e447846c758f5a675856001ea72298fd9cb5,2024-05-25,14.126038999999999,1.494386,14,5,0,5,5,4983.9800000000005,355.99857142857144,0.003548298132217099,0.008849931277985331,0.4339178438206666,100328.51482414287,76,Extreme Greed,1.0,0.5555555555555556,Greed,Low Leverage
0x8477e447846c758f5a675856001ea72298fd9cb5,2024-05-26,5.2257,1.000986,7,2,0,2,2,3213.22,459.03142857142853,0.004574655317228717,0.008977827522252749,0.5595020421917594,100342.33739842857,75,Extreme Greed,1.0,0.4,Greed,Low Leverage
0x8477e447846c758f5a675856001ea72298fd9cb5,2024-05-27,1129.3558699999999,45.832466000000004,251,90,3,93,93,151115.72,602.0546613545816,0.005984435996092249,0.027117677416806596,0.7338295192276582,100533.19179124701,74,Greed,0.967741935483871,0.5886075949367089,Greed,Low Leverage
0x8477e447846c758f5a675856001ea72298fd9cb5,2024-05-29,277.791953,17.458539,159,68,3,71,62,53701.42,337.7447798742138,0.0033251940860572838,0.02099213802021579,0.41166874927785896,101575.2954048868,72,Greed,0.9577464788732394,0.6391752577319587,Greed,Low Leverage
0x8477e447846c758f5a675856001ea72298fd9cb5,2024-05-30,20.951433,0.993326,7,5,0,5,5,2838.09,405.4414285714286,0.003986771389788841,0.005457024436558604,0.4941825181357051,101694.93469842858,73,Greed,1.0,2.5,Greed,Low Leverage
0x8477e447846c758f5a675856001ea72298fd9cb5,2024-05-31,25.35812,1.272646,13,4,0,4,4,3636.14,279.70307692307694,0.0027498642383823133,0.006424406831889281,0.34092315472344314,101712.8874303077,73,Greed,1.0,0.4444444444444444,Greed,Low Leverage
0x8477e447846c758f5a675856001ea72298fd9cb5,2024-06-01,91.510419,4.492106,25,9,0,9,9,12834.62,513.3848,0.005045028433692967,0.017105763615462146,0.6257520207802315,101753.90351004,72,Greed,1.0,0.5625,Greed,Low Leverage
0x8477e447846c758f5a675856001ea72298fd9cb5,2024-06-02,192.906947,7.792912,93,34,0,34,34,29464.51,316.822688172043,0.0031105324513152357,0.019771022006530043,0.38616732975475915,101851.32131655914,73,Greed,1.0,0.576271186440678,Greed,Low Leverage
0x8477e447846c758f5a675856001ea72298fd9cb5,2024-06-03,562.808208,5.378086,70,44,0,44,44,21466.86,306.66942857142857,0.0029991503425956267,0.018944142509228615,0.37379177303280176,102168.44868890001,73,Greed,1.0,1.6923076923076923,Greed,Low Leverage
0x8477e447846c758f5a675856001ea72298fd9cb5,2024-06-04,52.211438,7.432953,53,25,0,25,25,24243.41,457.42283018867926,0.004459273983647817,0.029975256880492254,0.5575413614535896,102574.90091318869,73,Greed,1.0,0.8928571428571429,Greed,Low Leverage
0x8477e447846c758f5a675856001ea72298fd9cb5,2024-06-05,56.055506,7.1040600000000005,54,16,1,17,17,25350.77,469.4587037037037,0.004574439947149016,0.024590314452274647,0.5722115896603495,102628.14629957407,75,Extreme Greed,0.9411764705882353,0.4594594594594595,Greed,Low Leverage
0x8477e447846c758f5a675856001ea72298fd9cb5,2024-06-06,274.173187,37.079424,234,100,2,102,102,137557.76,587.8536752136753,0.005718426461668939,0.03729795755153198,0.7165202888516434,102791.88193707266,78,Extreme Greed,0.9803921568627451,0.7727272727272727,Greed,Low Leverage
0x8477e447846c758f5a675856001ea72298fd9cb5,2024-06-07,1573.244278,97.668292,374,146,2,148,128,311529.93,832.9677272727273,0.008054106276096991,0.16008158700839145,1.0152837376284336,103193.43003820589,77,Extreme Greed,0.9864864864864865,0.5203252032520326,Greed,Low Leverage
0x8477e447846c758f5a675856001ea72298fd9cb5,2024-06-08,129.13883900000002,18.32221,22,8,0,8,14,52349.229999999996,2379.510454545454,0.022790916058225277,0.06447250686819847,2.900326373900251,104398.60033263637,72,Greed,1.0,1.75,Greed,Low Leverage
0x8477e447846c758f5a675856001ea72298fd9cb5,2024-06-10,31.266804999999998,6.296223,49,18,0,18,18,22587.63,460.97204081632657,0.0044119249840786886,0.019139335768722242,0.5618674064054949,104482.53915761225,72,Greed,1.0,0.5806451612903226,Greed,Low Leverage
0x8477e447846c758f5a675856001ea72298fd9cb5,2024-06-11,51.081143,6.582947,27,9,0,9,18,18808.46,696.6096296296296,0.006664841440488572,0.03198601676228122,0.849080228779094,104519.97231255555,74,Greed,1.0,2.0,Greed,Low Leverage
0x8477e447846c758f5a675856001ea72298fd9cb5,2024-06-12,-21886.531493,63.692827,217,21,57,78,78,191886.99,884.2718433179723,0.008965729461524713,0.12812366905086336,1.077817054332893,102557.27183098157,72,Greed,0.2692307692307692,0.5611510791366906,Greed,Low Leverage
0x8477e447846c758f5a675856001ea72298fd9cb5,2024-07-17,1859.269477,145.378176,335,145,10,155,155,451080.54,1346.5090746268656,0.016233381780673035,0.15921631164881814,1.6412265701023498,82969.72580689553,69,Greed,0.9354838709677419,0.8611111111111112,Greed,Low Leverage
0x8477e447846c758f5a675856001ea72298fd9cb5,2024-07-18,1233.9043470000001,2.572057,7,7,0,7,7,7348.74,1049.82,0.012341421001288782,0.029202201670325834,1.2795996033686676,84788.36899842856,61,Greed,1.0,1.0,Greed,Low Leverage
0x8477e447846c758f5a675856001ea72298fd9cb5,2024-07-19,35.79975,1.451344,7,1,0,1,1,4146.72,592.3885714285715,0.006923704758228709,0.012100624489271234,0.7220477615592497,85561.34055299999,60,Greed,1.0,0.16666666666666666,Greed,Low Leverage
0x8477e447846c758f5a675856001ea72298fd9cb5,2024-07-20,2169.508265,45.800537,257,29,3,32,32,144482.54,562.1888715953307,0.006416272369643316,0.056131012402579616,0.6852380952083824,87668.91537159531,74,Greed,0.90625,0.14222222222222222,Greed,Low Leverage
0x8477e447846c758f5a675856001ea72298fd9cb5,2024-07-21,-2960.716887,49.325028,445,21,215,236,236,190312.28,427.66804494382023,0.004958671566607175,0.02949761155964007,0.5212739904779541,86234.14664668313,74,Greed,0.08898305084745763,1.1291866028708133,Greed,Low Leverage
0x8477e447846c758f5a675856001ea72298fd9cb5,2024-07-22,-756.173134,18.601636,133,9,84,93,93,78905.43,593.273909774436,0.007023986029953865,0.08494573926095882,0.7231268785471291,84424.42459306766,70,Greed,0.0967741935483871,2.325,Greed,Low Leverage
0x8477e447846c758f5a675856001ea72298fd9cb5,2024-07-23,1805.309858,26.290399,139,100,35,135,135,88984.63,640.1771942446044,0.0075952179960417565,0.02939108991757783,0.7802961306138787,84109.27946586329,71,Greed,0.7407407407407407,33.75,Greed,Low Leverage
0x8477e447846c758f5a675856001ea72298fd9cb5,2024-07-24,625.561479,11.707764000000001,29,18,0,18,18,35236.59,1215.0548275862068,0.014141630208328327,0.045837723854499454,1.481000243327899,85898.60054599997,69,Greed,1.0,1.6363636363636365,Greed,Low Leverage
0x8477e447846c758f5a675856001ea72298fd9cb5,2024-07-26,341.250124,44.885186,111,32,0,32,32,146100.56,1316.2212612612611,0.015250115732056207,0.11552832889886498,1.6043095043486666,86306.78815944142,68,Greed,1.0,0.4050632911392405,Greed,Low Leverage
0x8477e447846c758f5a675856001ea72298fd9cb5,2024-07-27,0.0,1.5549629999999999,5,0,0,0,0,4442.76,888.552,0.010260016973865195,0.012837293268783478,1.083034031331501,86603.35853119998,72,Greed,0.5,0.0,Greed,Low Leverage
0x8477e447846c758f5a675856001ea72298fd9cb5,2024-07-28,587.29903,3.939236,13,12,0,12,12,11254.99,865.7684615384616,0.009952923053265226,0.028661213427175026,1.055263740444759,86924.79219553845,71,Greed,1.0,12.0,Greed,Low Leverage
0x8477e447846c758f5a675856001ea72298fd9cb5,2024-07-29,217.857529,9.435222,15,5,0,5,5,26957.79,1797.1860000000001,0.0205901724020318,0.0745632523645338,2.1905455152118667,87245.63334679998,74,Greed,1.0,0.5,Greed,Low Leverage
0x8477e447846c758f5a675856001ea72298fd9cb5,2024-07-31,765.690884,15.575468,40,14,0,14,14,44501.4,1112.535,0.012668135347028122,0.05696741529456385,1.3560413639802638,87787.83205124999,61,Greed,1.0,0.5384615384615384,Greed,Low Leverage
0x8477e447846c758f5a675856001ea72298fd9cb5,2024-08-01,167.080017,17.050004,34,4,3,7,25,48714.35,1432.7749999999999,0.016240621928097717,0.04897460691221284,1.746373970505937,88229.47204547058,52,Neutral,0.5714285714285714,2.7777777777777777,Neutral,Low Leverage
0x8477e447846c758f5a675856001ea72298fd9cb5,2024-08-02,228.247701,10.418471,15,12,0,12,0,29767.08,1984.4720000000002,0.02244127202724817,0.09914979459808701,2.418823783216386,88420.49601379999,57,Greed,1.0,0.0,Neutral,Low Leverage
0x8477e447846c758f5a675856001ea72298fd9cb5,2024-08-03,464.1897,1.58693,1,1,0,1,1,4534.09,4534.09,0.05095907711476979,0.05095907711476979,5.526490032232042,88975.119973,37,Fear,1.0,1.0,Fear,Low Leverage
0x8477e447846c758f5a675856001ea72298fd9cb5,2024-08-04,109.005815,12.667850000000001,17,3,0,3,14,36193.880000000005,2129.0517647058828,0.02391799095310904,0.16950817186027772,2.595048478471556,88978.85962305882,34,Fear,1.0,4.666666666666667,Fear,Low Leverage
0x8477e447846c758f5a675856001ea72298fd9cb5,2024-08-05,160.443699,14.028866,17,7,0,7,10,40082.51,2357.794705882353,0.026458104547143202,0.10110876702779736,2.873857585559241,89094.79746741176,26,Fear,1.0,1.4285714285714286,Fear,Low Leverage
0x8477e447846c758f5a675856001ea72298fd9cb5,2024-08-09,151.092375,15.342713,69,17,1,18,18,43836.44,635.3107246376812,0.007119042192719333,0.05600935354726006,0.7743645113088315,89220.38018952172,48,Neutral,0.9444444444444444,0.35294117647058826,Neutral,Low Leverage
0x8477e447846c758f5a675856001ea72298fd9cb5,2024-08-20,0.0,2.623926,4,0,0,0,0,7496.93,1874.2325,0.020975912241550435,0.05500971089978435,2.284455586310669,89351.77598074998,30,Fear,0.5,0.0,Fear,Low Leverage
0x8477e447846c758f5a675856001ea72298fd9cb5,2024-08-21,656.200925,36.046484,143,54,0,54,54,102990.13,720.2106993006994,0.008021706474243332,0.08808134318985811,0.8778469882142134,89763.4337696713,26,Fear,1.0,0.6067415730337079,Fear,Low Leverage
0x8477e447846c758f5a675856001ea72298fd9cb5,2024-08-31,10.882801,4.955267,24,12,1,13,7,7506.33,312.76375,0.0034762708003180775,0.027780890223590923,0.38121999052037214,89971.16005879165,29,Fear,0.9230769230769231,0.4117647058823529,Fear,Low Leverage
0x8477e447846c758f5a675856001ea72298fd9cb5,2024-09-01,137.433093,4.325861,12,5,0,5,7,12359.68,1029.9733333333334,0.011440246012394663,0.043682963046235444,1.255408992792705,89998.99245774998,26,Fear,1.0,1.4,Fear,Low Leverage
0x8477e447846c758f5a675856001ea72298fd9cb5,2024-10-20,160.095271,17.178466,90,6,0,6,6,56222.15,624.6905555555555,0.00692910532987478,0.07755681895936047,0.7614198501810228,90143.88948708888,73,Greed,1.0,0.07142857142857142,Greed,Low Leverage
0x8477e447846c758f5a675856001ea72298fd9cb5,2024-10-21,2464.915564,57.349584,162,68,0,68,68,174093.81,1074.6531481481481,0.011712525957409528,0.08068804717282937,1.3098681127519576,91626.08306443208,72,Greed,1.0,0.723404255319149,Greed,Low Leverage
0x8477e447846c758f5a675856001ea72298fd9cb5,2024-10-29,801.170876,3.742505,16,3,0,3,3,10692.89,668.305625,0.007151590112039574,0.016442429836557648,0.81458117837253,93366.86828681249,72,Greed,1.0,0.23076923076923078,Greed,Low Leverage
0x8477e447846c758f5a675856001ea72298fd9cb5,2024-10-30,9.150023,3.596988,25,7,1,8,8,11830.85,473.23400000000004,0.005063507158232412,0.01187995204826386,0.5768132048356557,93460.06221712,77,Extreme Greed,0.875,0.47058823529411764,Greed,Low Leverage
0x8477e447846c758f5a675856001ea72298fd9cb5,2024-10-31,451.122034,3.453913,11,11,0,11,11,12581.84,1143.8036363636363,0.012208576905558073,0.0528631777249064,1.394153930600054,93628.06611590908,77,Extreme Greed,1.0,1.0,Greed,Low Leverage
0x8477e447846c758f5a675856001ea72298fd9cb5,2024-11-09,102.90894,13.684359,77,19,25,44,44,43384.0,563.4285714285714,0.005999074582691627,0.02662354883089782,0.6867491346388666,93916.86204901298,75,Extreme Greed,0.4318181818181818,1.3333333333333333,Greed,Low Leverage
0x8477e447846c758f5a675856001ea72298fd9cb5,2024-11-10,442.748384,78.13843,164,45,0,45,45,223252.87,1361.297987804878,0.014462948829631839,0.10631014253701324,1.65925241018621,94159.64159690852,78,Extreme Greed,1.0,0.37815126050420167,Greed,Low Leverage
0x8477e447846c758f5a675856001ea72298fd9cb5,2024-11-11,4876.874304,109.53626799999999,172,79,4,83,83,328040.19,1907.2104069767443,0.019652415074829347,0.3129360946363106,2.324651540557464,96855.8445250872,76,Extreme Greed,0.9518072289156626,0.9325842696629213,Greed,Low Leverage
0x8477e447846c758f5a675856001ea72298fd9cb5,2024-11-12,1441.27965,51.964325,91,22,8,30,30,148469.62,1631.5342857142857,0.01640510893157149,0.11999500319504953,1.9886367423771523,99320.44843995605,80,Extreme Greed,0.7333333333333333,0.4918032786885246,Greed,Low Leverage
0x8477e447846c758f5a675856001ea72298fd9cb5,2024-11-13,48.000187,2.315338,4,2,0,2,2,6615.24,1653.81,0.016449431913161085,0.02210701578382742,2.015788058950235,100536.61111099999,84,Extreme Greed,1.0,1.0,Greed,Low Leverage
0x8477e447846c758f5a675856001ea72298fd9cb5,2024-11-15,0.0,0.38906399999999997,2,0,0,0,0,1111.6100000000001,555.8050000000001,0.005526703895618933,0.008361083982788226,0.6774569521921113,100567.2508555,80,Extreme Greed,0.5,0.0,Greed,Low Leverage
0x8477e447846c758f5a675856001ea72298fd9cb5,2024-11-16,870.746565,7.082553,30,12,0,12,12,20235.91,674.5303333333334,0.006691371126615486,0.015543766221887273,0.8221683212297998,100751.32499739999,86,Extreme Greed,1.0,0.6666666666666666,Greed,Low Leverage
0x8477e447846c758f5a675856001ea72298fd9cb5,2024-11-17,175.061007,6.856953,20,7,3,10,10,19591.34,979.567,0.00965116744550765,0.04692819254225913,1.1939699612057644,101497.32086134999,90,Extreme Greed,0.7,1.0,Greed,Low Leverage
0x8477e447846c758f5a675856001ea72298fd9cb5,2024-11-18,431.960709,26.78446,79,27,0,27,27,76527.12,968.6977215189872,0.009511832721569328,0.04918608859573584,1.180721666799859,101855.96892641771,83,Extreme Greed,1.0,0.5192307692307693,Greed,Low Leverage
0x8477e447846c758f5a675856001ea72298fd9cb5,2024-11-19,906.2475900000001,27.26,56,26,2,28,28,84626.83,1511.193392857143,0.01475272213891383,0.07298534941777787,1.841956207838821,102415.43255680357,90,Extreme Greed,0.9285714285714286,1.0,Greed,Low Leverage
0x8477e447846c758f5a675856001ea72298fd9cb5,2024-11-20,447.920315,22.705639,32,14,0,14,14,64873.33,2027.2915625,0.019658100648480954,0.09537926147824474,2.4710154876908863,103072.51007596873,83,Extreme Greed,1.0,0.7777777777777778,Greed,Low Leverage
0x8477e447846c758f5a675856001ea72298fd9cb5,2024-11-21,0.0,27.267768,57,0,0,0,0,79690.14,1398.0726315789473,0.013534800941623168,0.021519218363066694,1.7040761129041266,103295.01144854387,82,Extreme Greed,0.5,0.0,Greed,Low Leverage
0x8477e447846c758f5a675856001ea72298fd9cb5,2024-11-22,365.437929,102.61079,137,52,9,61,60,354676.02,2588.8760583941607,0.025061472125686712,0.14541615047231896,3.155516924322081,103304.67261332845,94,Extreme Greed,0.8524590163934426,0.7792207792207793,Greed,Low Leverage
0x8477e447846c758f5a675856001ea72298fd9cb5,2024-11-23,1439.449718,115.653226,191,58,7,65,65,382580.58,2003.0396858638744,0.01930362609656652,0.2510589699826452,2.441455475760715,103712.06209015183,93,Extreme Greed,0.8923076923076924,0.5158730158730159,Greed,Low Leverage
0x8477e447846c758f5a675856001ea72298fd9cb5,2024-11-24,391.890903,41.980559,70,12,9,21,21,130658.78,1866.554,0.017744117007329512,0.11660433258071627,2.2750964527882873,105228.73407824284,80,Extreme Greed,0.5714285714285714,0.42857142857142855,Greed,Low Leverage
0x8477e447846c758f5a675856001ea72298fd9cb5,2024-11-28,0.0,0.874924,6,0,0,0,0,2499.8,416.6333333333334,0.0039597495481297216,0.0047541705738985965,0.5078240537268286,105217.09091666665,77,Extreme Greed,0.5,0.0,Greed,Low Leverage
0x8477e447846c758f5a675856001ea72298fd9cb5,2024-11-29,22697.489906,14.94323907,63,37,0,37,9,43800.81,695.2509523809523,0.0059085758406394176,0.02375820376984124,0.8474241707229382,122194.37239976651,78,Extreme Greed,1.0,0.16666666666666666,Greed,Low Leverage
0x8477e447846c758f5a675856001ea72298fd9cb5,2024-11-30,40.699929,16.924508,76,5,0,5,5,48355.87,636.261447368421,0.004974240650530039,0.03766884297616713,0.7755233237044502,127909.20683898262,84,Extreme Greed,1.0,0.07042253521126761,Greed,Low Leverage
0x8477e447846c758f5a675856001ea72298fd9cb5,2024-12-01,1169.432253,38.464692,123,55,0,55,55,109899.26,893.489918699187,0.006963014726155401,0.03874451794245878,1.0890527381659547,128169.87402140154,81,Extreme Greed,1.0,0.8088235294117647,Greed,Low Leverage
0x8477e447846c758f5a675856001ea72298fd9cb5,2024-12-02,254.15562,4.670198,8,1,0,1,1,13343.43,1667.92875,0.012899129772634051,0.0173619605780512,2.0329970537303512,129305.40276680501,80,Extreme Greed,1.0,0.14285714285714285,Greed,Low Leverage
0x8477e447846c758f5a675856001ea72298fd9cb5,2024-12-03,-158.695661,5.688339,6,0,4,4,4,16252.410000000002,2708.735,0.02097064409628063,0.06479012596624949,3.3016100204138117,129168.14743309667,76,Extreme Greed,0.0,2.0,Greed,Low Leverage
0x8477e447846c758f5a675856001ea72298fd9cb5,2025-01-02,45.086985,8.74195096,77,10,0,10,11,25614.71,332.6585714285714,0.002575801944817444,0.007744086928384775,0.4054692957432584,129151.26439371183,70,Greed,1.0,0.16666666666666666,Greed,Low Leverage
0x8477e447846c758f5a675856001ea72298fd9cb5,2025-01-03,909.1721379999999,14.999851,177,32,0,32,37,44562.55,251.76581920903956,0.0019401767734816902,0.012347988812004398,0.30687112305126085,129845.86824029768,74,Greed,1.0,0.2642857142857143,Greed,Low Leverage
0x8477e447846c758f5a675856001ea72298fd9cb5,2025-01-04,30.818079,3.265351,51,2,0,2,2,9329.65,182.9343137254902,0.0014061995039834514,0.004261318092232158,0.22297410535678178,130091.93755275433,73,Greed,1.0,0.04081632653061224,Greed,Low Leverage
0x8477e447846c758f5a675856001ea72298fd9cb5,2025-01-05,151.429584,2.822904,51,9,0,9,9,10682.29,209.45666666666668,0.0016094295670681048,0.006457356478730211,0.2553015446358327,130159.3797721465,72,Greed,1.0,0.21428571428571427,Greed,Low Leverage
0x8477e447846c758f5a675856001ea72298fd9cb5,2025-01-06,272.131501,19.273273,266,8,20,28,28,65659.13,246.8388345864662,0.0018919225288103784,0.010720922852000965,0.3008657434920522,130440.97755934595,76,Extreme Greed,0.2857142857142857,0.11764705882352941,Greed,Low Leverage
0x8477e447846c758f5a675856001ea72298fd9cb5,2025-01-07,4334.417218,43.731671,222,161,8,169,186,137318.66,618.5525225225225,0.004663616033073694,0.06721278829005846,0.7539383537011188,132428.4542306547,78,Extreme Greed,0.9526627218934911,5.166666666666667,Greed,Low Leverage
0x8477e447846c758f5a675856001ea72298fd9cb5,2025-01-08,1303.127763,55.30867544,390,128,3,131,231,160166.71,410.6838717948718,0.003035595186408018,0.040838791264775944,0.5005724023724321,135283.0122790127,70,Greed,0.9770992366412213,1.4528301886792452,Greed,Low Leverage
0x8477e447846c758f5a675856001ea72298fd9cb5,2025-01-09,123.72129899999999,30.789297,222,21,16,37,46,99675.12,448.987027027027,0.0033007009305988286,0.05538715821165611,0.5472591698590815,136027.3888979219,69,Greed,0.5675675675675675,0.26136363636363635,Greed,Low Leverage
0x8477e447846c758f5a675856001ea72298fd9cb5,2025-01-10,1189.078864,42.343309,254,119,17,136,178,120981.25,476.30413385826773,0.0034851169604231537,0.058938977979809744,0.5805553149758016,136697.84341871113,50,Neutral,0.875,2.3421052631578947,Neutral,Low Leverage
0x8477e447846c758f5a675856001ea72298fd9cb5,2025-01-11,417.64716899999996,12.493781,82,17,1,18,39,35696.63,435.32475609756096,0.0031660190551930367,0.03902915624042423,0.5306065661151445,137502.54460446903,69,Greed,0.9444444444444444,0.9069767441860465,Greed,Low Leverage
0x8477e447846c758f5a675856001ea72298fd9cb5,2025-01-12,0.0,1.746553,15,0,0,0,0,4990.18,332.6786666666667,0.002416299640902166,0.004030311237838283,0.4054937893313938,137680.95027533005,62,Greed,0.5,0.0,Greed,Low Leverage
0x8477e447846c758f5a675856001ea72298fd9cb5,2025-01-13,2060.162946,16.805393,58,26,1,27,41,48015.46,827.8527586206897,0.005960600483133602,0.054885897348627664,1.0090492289903905,138847.4161828921,61,Greed,0.9629629629629629,2.411764705882353,Greed,Low Leverage
0x8477e447846c758f5a675856001ea72298fd9cb5,2025-01-14,82.032118,2.572929,13,3,1,4,3,7351.24,565.48,0.004045387648787043,0.007956666230797356,0.6892495701290832,139789.97993160697,63,Greed,0.75,0.3,Greed,Low Leverage
0x8477e447846c758f5a675856001ea72298fd9cb5,2025-01-15,240.93138,8.972035,64,28,2,30,30,29205.79,456.34046875,0.003262387879239712,0.03181573197788858,0.5562220978963744,139870.72112824878,70,Greed,0.9333333333333333,0.8823529411764706,Greed,Low Leverage
0x8477e447846c758f5a675856001ea72298fd9cb5,2025-01-16,218.26223099999999,5.611008,34,6,5,11,11,16031.51,471.515,0.0033652661728213714,0.01071938738810435,0.5747179582998774,140095.1541984418,75,Extreme Greed,0.5454545454545454,0.4782608695652174,Greed,Low Leverage
0x8477e447846c758f5a675856001ea72298fd9cb5,2025-01-17,43.69239,1.926789,13,1,0,1,1,5505.14,423.4723076923077,0.003018827364922323,0.007914415965798755,0.5161599102328888,140267.06940091465,75,Extreme Greed,1.0,0.08333333333333333,Greed,Low Leverage
0x8477e447846c758f5a675856001ea72298fd9cb5,2025-01-18,1055.8044439999999,7.923902,40,20,2,22,22,22639.77,565.99425,0.004020094002441402,0.012693379160915081,0.6898763767207201,140761.094296055,77,Extreme Greed,0.9090909090909091,1.2222222222222223,Greed,Low Leverage
0x8477e447846c758f5a675856001ea72298fd9cb5,2025-01-19,0.0,2.312596,13,0,0,0,0,6607.42,508.26307692307694,0.003596131660754914,0.006266117929407925,0.619509279340942,141335.94318176078,77,Extreme Greed,0.5,0.0,Greed,Low Leverage
0x8477e447846c758f5a675856001ea72298fd9cb5,2025-01-20,1876.265511,10.383988,44,19,1,20,21,29668.59,674.2861363636364,0.004738133460301346,0.03345467340456888,0.8218706755900062,142130.6331282573,76,Extreme Greed,0.95,0.9130434782608695,Greed,Low Leverage
0x8477e447846c758f5a675856001ea72298fd9cb5,2025-01-21,201.672306,20.814922,206,35,2,37,37,59471.62,288.69718446601945,0.0020159668179227765,0.015517155883097253,0.35188584970411074,143211.92263923388,76,Extreme Greed,0.9459459459459459,0.21893491124260356,Greed,Low Leverage
0x8477e447846c758f5a675856001ea72298fd9cb5,2025-01-22,261.367634,30.392978,147,13,16,29,29,86837.31,590.73,0.004113517541858724,0.017413390980513282,0.7200261699129118,143603.45691263204,84,Extreme Greed,0.4482758620689655,0.2457627118644068,Greed,Low Leverage
0x8477e447846c758f5a675856001ea72298fd9cb5,2025-01-23,7503.093009,58.539402,275,129,18,147,152,177889.89,646.8723272727274,0.004406405089570828,0.061764353990876715,0.7884566624834245,147442.3901992064,75,Extreme Greed,0.8775510204081632,1.2357723577235773,Greed,Low Leverage
0x8477e447846c758f5a675856001ea72298fd9cb5,2025-01-24,288.144978,7.4710719999999995,61,2,0,2,2,21346.04,349.93508196721314,0.002312464537405559,0.007344762782229738,0.42652720665450083,151327.64986675954,75,Extreme Greed,1.0,0.03389830508474576,Greed,Low Leverage
0x8477e447846c758f5a675856001ea72298fd9cb5,2025-01-25,1125.196124,19.354491,111,25,0,25,25,55298.69,498.1863963963964,0.0032720199542651384,0.026128415830543976,0.6072270629560254,152353.87364854803,75,Extreme Greed,1.0,0.29069767441860467,Greed,Low Leverage
0x8477e447846c758f5a675856001ea72298fd9cb5,2025-01-26,444.464792,27.403108,96,21,8,29,29,78294.77,815.5705208333334,0.005334486792983143,0.016342289033726927,0.9940787134723199,152895.2372017696,73,Greed,0.7241379310344828,0.43283582089552236,Greed,Low Leverage
0x8477e447846c758f5a675856001ea72298fd9cb5,2025-01-27,4321.583225,15.156217999999999,31,18,0,18,24,43303.560000000005,1396.8890322580646,0.008958137054892424,0.12397782248333515,1.7026334529990488,155820.14245701392,71,Greed,1.0,3.4285714285714284,Greed,Low Leverage
0x8477e447846c758f5a675856001ea72298fd9cb5,2025-01-29,0.0,2.057023,13,0,0,0,2,5877.25,452.09615384615387,0.002876549225844992,0.00705924763170438,0.5510488075537127,157166.00616037616,72,Greed,0.5,0.18181818181818182,Greed,Low Leverage
0x8477e447846c758f5a675856001ea72298fd9cb5,2025-01-30,0.0,0.970079,9,0,0,0,0,2771.67,307.96333333333337,0.0019594946384497458,0.0035306270317350084,0.37536888150866443,157164.74414675226,70,Greed,0.5,0.0,Greed,Low Leverage
0x8477e447846c758f5a675856001ea72298fd9cb5,2025-01-31,151.311363,12.177244,66,16,0,16,15,34792.22,527.1548484848485,0.003352221544628287,0.007071200853039563,0.6425359919177404,157250.43831471185,76,Extreme Greed,1.0,0.29411764705882354,Greed,Low Leverage
0x8477e447846c758f5a675856001ea72298fd9cb5,2025-02-01,1579.909758,12.918201,60,29,5,34,34,36909.24,615.154,0.003885196753992219,0.017319385735676093,0.7497959787493563,158424.85132804667,68,Greed,0.8529411764705882,1.3076923076923077,Greed,Low Leverage
0x8477e447846c758f5a675856001ea72298fd9cb5,2025-02-02,1023.934713,22.457569,60,15,1,16,58,64164.55,1069.4091666666668,0.006700628493722455,0.03133321432556992,1.3034763535705969,159616.88025058,60,Greed,0.9375,29.0,Greed,Low Leverage
0x8477e447846c758f5a675856001ea72298fd9cb5,2025-02-03,1474.607584,79.470085,138,67,0,67,71,227057.59,1645.3448550724638,0.010256191860663982,0.12688742553203,2.0054701034038236,160399.8098353343,44,Fear,1.0,1.0597014925373134,Neutral,Low Leverage
0x8477e447846c758f5a675856001ea72298fd9cb5,2025-02-04,0.0,0.971256,6,0,0,0,0,2775.0299999999997,462.50499999999994,0.0028679560620085767,0.00344256854858905,0.5637358923968162,161266.36705369665,72,Greed,0.5,0.0,Greed,Low Leverage
0x8477e447846c758f5a675856001ea72298fd9cb5,2025-02-05,554.257954,3.884713,20,12,0,12,12,11099.21,554.9604999999999,0.0034370091725951075,0.008923995227651063,0.6764276120528065,161475.23001512996,54,Neutral,1.0,1.5,Neutral,Low Leverage
0x8477e447846c758f5a675856001ea72298fd9cb5,2025-02-07,0.0,0.582022,6,0,0,0,0,1662.92,277.15333333333336,0.0017127679364653814,0.003421783474147157,0.3378153353961988,161816.00614552994,44,Fear,0.5,0.0,Neutral,Low Leverage
0x8477e447846c758f5a675856001ea72298fd9cb5,2025-02-08,131.753274,0.923882,8,7,0,7,7,2639.67,329.95875,0.0020383033276739223,0.00342519471600878,0.4021785502543496,161888.21229340497,44,Fear,1.0,7.0,Neutral,Low Leverage
0x8477e447846c758f5a675856001ea72298fd9cb5,2025-02-09,312.034872,7.336186,65,20,1,21,23,20960.649999999998,322.47153846153844,0.0019895874200210172,0.006847747331614775,0.393052573501237,162057.68770471457,46,Neutral,0.9523809523809523,0.5476190476190477,Neutral,Low Leverage
0x8477e447846c758f5a675856001ea72298fd9cb5,2025-02-10,131.17446,9.424385000000001,46,7,1,8,17,26926.87,585.3667391304348,0.0036067009635168566,0.03082924768488406,0.7134890240388967,162324.22666083428,43,Fear,0.875,0.5862068965517241,Neutral,Low Leverage
0x8477e447846c758f5a675856001ea72298fd9cb5,2025-02-11,56.537437,3.787513,19,5,0,5,5,10821.48,569.5515789473684,0.0035075826210485724,0.013678721695416196,0.6942123168915156,162385.70393374044,47,Neutral,1.0,0.35714285714285715,Neutral,Low Leverage
0x8477e447846c758f5a675856001ea72298fd9cb5,2025-02-12,299.669854,4.314933,30,23,3,26,26,12328.460000000001,410.9486666666667,0.002528114141385574,0.00615367931064965,0.5008951542850674,162529.10025192992,46,Neutral,0.8846153846153846,6.5,Neutral,Low Leverage
0x8477e447846c758f5a675856001ea72298fd9cb5,2025-02-13,181.456277,2.312537,25,11,0,11,11,6607.2699999999995,264.2908,0.0016232483300089337,0.004737053431693726,0.32213751200585605,162807.32231764993,50,Neutral,1.0,0.7857142857142857,Neutral,Low Leverage
0x8477e447846c758f5a675856001ea72298fd9cb5,2025-02-14,0.0,0.892394,10,0,0,0,0,2549.71,254.971,0.0015652011091153342,0.003395771765593328,0.31077783855376395,162899.85491312994,48,Neutral,0.5,0.0,Neutral,Low Leverage
0x8477e447846c758f5a675856001ea72298fd9cb5,2025-02-15,49.983829,1.379656,9,3,6,9,9,3941.88,437.9866666666667,0.0026886260138706906,0.0053199163593362995,0.5338511029961626,162897.35086375213,50,Neutral,0.3333333333333333,1.0,Neutral,Low Leverage
0x8477e447846c758f5a675856001ea72298fd9cb5,2025-02-16,0.0,0.194256,1,0,0,0,0,555.02,555.02,0.0034061202922364203,0.0034061202922364203,0.6765001351295249,162947.85632352994,54,Neutral,0.5,0.0,Neutral,Low Leverage
0x8477e447846c758f5a675856001ea72298fd9cb5,2025-02-17,0.0,3.5744730000000002,20,0,0,0,0,10212.81,510.6405,0.0031338052653675807,0.015344605551440531,0.622407061461944,162945.90986282993,51,Neutral,0.5,0.0,Neutral,Low Leverage
0x8477e447846c758f5a675856001ea72298fd9cb5,2025-02-18,950.815596,5.185141,23,21,0,21,21,14814.74,644.1191304347826,0.003936229014597627,0.02027514655700175,0.7851008590296612,163560.33394387775,47,Neutral,1.0,10.5,Neutral,Low Leverage
0x8477e447846c758f5a675856001ea72298fd9cb5,2025-02-19,0.0,2.623911,9,0,0,0,0,7496.91,832.99,0.005082669649620491,0.014944561117829347,1.0153108853042108,163888.12170197433,44,Fear,0.5,0.0,Neutral,Low Leverage
0x8477e447846c758f5a675856001ea72298fd9cb5,2025-02-22,-80.922744,2.164054,18,0,1,1,1,6183.04,343.5022222222222,0.0020966450214860554,0.00387881063971825,0.4186863531956063,163823.0532606966,49,Neutral,0.0,0.058823529411764705,Neutral,Low Leverage
0x8477e447846c758f5a675856001ea72298fd9cb5,2025-02-23,63.922728,4.826209,24,1,0,1,1,13789.22,574.5508333333333,0.0035062549249384304,0.00956868957948016,0.700305784275848,163862.5658437799,50,Neutral,1.0,0.043478260869565216,Neutral,Low Leverage
0x8477e447846c758f5a675856001ea72298fd9cb5,2025-02-24,1282.097568,16.843593,55,35,3,38,50,48124.62,874.9930909090909,0.005311588455445128,0.07259910810782881,1.0665074127732346,164674.4032631845,49,Neutral,0.9210526315789473,10.0,Neutral,Low Leverage
0x8477e447846c758f5a675856001ea72298fd9cb5,2025-02-25,0.0,1.749824,4,0,0,0,4,4999.5,1249.875,0.007569156507069238,0.014503762969589353,1.5234416892995117,165127.5975860299,25,Fear,0.5,1.0,Fear,Low Leverage
0x8477e447846c758f5a675856001ea72298fd9cb5,2025-02-26,108.13869,3.147529,14,1,0,1,0,8992.960000000001,642.3542857142858,0.003887570502152156,0.030911714135640294,0.782949733499232,165232.37373474424,21,Extreme Fear,1.0,0.0,Fear,Low Leverage
0x8477e447846c758f5a675856001ea72298fd9cb5,2025-02-27,0.0,0.874891,1,0,0,0,1,2499.69,2499.69,0.015128463983254794,0.015128463983254794,3.0468102460846853,165230.91853652993,10,Extreme Fear,0.5,1.0,Fear,Low Leverage
0x8477e447846c758f5a675856001ea72298fd9cb5,2025-02-28,268.367925,7.493002000000001,19,10,0,10,14,21408.62,1126.7694736842104,0.00681277148079726,0.06130943348966198,1.3733914114936254,165334.01267779313,16,Extreme Fear,1.0,2.8,Fear,Low Leverage
0x8477e447846c758f5a675856001ea72298fd9cb5,2025-03-03,468.351978,13.705607,68,23,8,31,32,39158.95,575.8669117647058,0.0034755592569171304,0.01598545020152583,0.701909919688382,165659.65673327993,33,Fear,0.7419354838709677,0.8888888888888888,Fear,Low Leverage
0x8477e447846c758f5a675856001ea72298fd9cb5,2025-03-04,54.2704,3.1298969999999997,8,1,0,1,8,8942.560000000001,1117.8200000000002,0.0067352571243969785,0.015060756860767447,1.362483119618186,165958.84424915496,15,Extreme Fear,1.0,1.0,Fear,Low Leverage
0x8477e447846c758f5a675856001ea72298fd9cb5,2025-03-05,34.86435,6.463336,34,4,0,4,0,18466.739999999998,543.1394117647059,0.0032714901588785893,0.03009029755678255,0.6620191803052038,166024.95882373585,20,Extreme Fear,1.0,0.0,Fear,Low Leverage
0x8477e447846c758f5a675856001ea72298fd9cb5,2025-03-06,0.0,0.270798,7,0,0,0,0,773.73,110.53285714285714,0.0006657570227829414,0.001336417962899602,0.13472576266331904,166025.8190511014,25,Fear,0.5,0.0,Fear,Low Leverage
0x8477e447846c758f5a675856001ea72298fd9cb5,2025-03-07,9.266712,0.388198,2,1,0,1,1,1109.14,554.57,0.003340085291658436,0.004008739271915342,0.6759516412719914,166034.66668452995,34,Fear,1.0,1.0,Fear,Low Leverage
0x8477e447846c758f5a675856001ea72298fd9cb5,2025-03-09,969.56792,2.957549,35,33,0,33,33,8450.19,241.43400000000003,0.0014503832796514205,0.005181535687533972,0.29427792444391504,166442.13775130137,27,Fear,1.0,16.5,Fear,Low Leverage
0x8477e447846c758f5a675856001ea72298fd9cb5,2025-03-10,0.0,1.749475,3,0,0,0,3,4998.5,1666.1666666666667,0.009977051265926339,0.014970767871426332,2.030849293986361,167000.30855819662,20,Extreme Fear,0.5,1.0,Fear,Low Leverage
0x8477e447846c758f5a675856001ea72298fd9cb5,2025-03-11,94.48255800000001,3.532232,8,6,1,7,1,10092.1,1261.5125,0.007551435316050447,0.01520794865028596,1.5376263498929494,167071.14047965495,24,Extreme Fear,0.8571428571428571,0.14285714285714285,Fear,Low Leverage
0x8477e447846c758f5a675856001ea72298fd9cb5,2025-03-12,0.0,0.700161,3,0,0,0,3,2000.46,666.82,0.003990785093316654,0.0047511007525200275,0.8127703868456448,167089.9436931966,34,Fear,0.5,1.0,Fear,Low Leverage
0x8477e447846c758f5a675856001ea72298fd9cb5,2025-03-13,0.0,1.4782440000000001,11,0,0,0,11,4223.59,383.9627272727273,0.0022979558226251303,0.007599561619332112,0.4680026609576248,167089.0063690754,45,Neutral,0.5,1.0,Neutral,Low Leverage
0x8477e447846c758f5a675856001ea72298fd9cb5,2025-03-14,364.03788,2.30581,5,5,0,5,0,6588.04,1317.608,0.00787480992256385,0.011950688559434463,1.6059997658602267,167267.73408992993,27,Fear,1.0,0.0,Fear,Low Leverage
0x8477e447846c758f5a675856001ea72298fd9cb5,2025-03-18,185.307189,3.740228,24,12,0,12,12,10686.4,445.26666666666665,0.002658397362210879,0.005343737404213482,0.542724514735817,167495.86911415492,34,Fear,1.0,1.0,Fear,Low Leverage
0x8477e447846c758f5a675856001ea72298fd9cb5,2025-03-19,0.0,1.88465,9,0,0,0,0,5384.73,598.3033333333333,0.003569182969486744,0.014911677026594263,0.7292571183893286,167630.2417980855,32,Fear,0.5,0.0,Fear,Low Leverage
0x8477e447846c758f5a675856001ea72298fd9cb5,2025-03-20,65.297516,1.861792,11,7,4,11,11,5319.42,483.58363636363634,0.0028840466742379033,0.014722019931933132,0.5894281203315683,167672.50405443902,49,Neutral,0.6363636363636364,1.0,Neutral,Low Leverage
0x8477e447846c758f5a675856001ea72298fd9cb5,2025-03-21,0.0,0.31048699999999996,2,0,0,0,0,887.11,443.555,0.0026450443699605006,0.0026455524736760275,0.5406382066184577,167692.83913602994,31,Fear,0.5,0.0,Fear,Low Leverage
0x8477e447846c758f5a675856001ea72298fd9cb5,2025-03-22,-41.40918,0.40233399999999997,4,0,2,2,2,1149.52,287.38,0.0017141181056733322,0.0033028138033977333,0.35028036617333225,167658.43492902996,32,Fear,0.0,1.0,Fear,Low Leverage
0x8477e447846c758f5a675856001ea72298fd9cb5,2025-03-23,178.247768,7.1841669999999995,37,11,0,11,11,20526.25,554.7635135135135,0.0033082312347352673,0.014910658932554884,0.6761875101020177,167686.9709912056,30,Fear,1.0,0.4230769230769231,Fear,Low Leverage
0x8477e447846c758f5a675856001ea72298fd9cb5,2025-03-24,0.0,15.285498,78,0,0,0,0,43672.92,559.9092307692307,0.0033364833185425026,0.014895290974712625,0.6824594974517187,167815.03555809407,45,Neutral,0.5,0.0,Neutral,Low Leverage
0x8477e447846c758f5a675856001ea72298fd9cb5,2025-03-25,994.196069,16.028101,36,25,1,26,26,45794.62,1272.072777777778,0.007553922150118686,0.08860120161457959,1.5504980109928594,168237.30940144663,46,Neutral,0.9615384615384616,2.6,Neutral,Low Leverage
0x8477e447846c758f5a675856001ea72298fd9cb5,2025-03-26,27.5033,2.345032,9,1,0,1,1,6700.11,744.4566666666666,0.004409998972288019,0.00592381231823757,0.9073997974813083,168810.97655841883,47,Neutral,1.0,0.125,Neutral,Low Leverage
0x8477e447846c758f5a675856001ea72298fd9cb5,2025-03-27,195.607772,13.442556,40,14,0,14,14,45550.15,1138.75375,0.006743855074740675,0.03930042331381696,1.3879987491518382,168867.79907850496,40,Fear,1.0,0.5384615384615384,Fear,Low Leverage
0x8477e447846c758f5a675856001ea72298fd9cb5,2025-03-28,1617.77036,15.865988,37,25,0,25,25,45331.45,1225.1743243243243,0.007212568686922222,0.045201153780717325,1.4933346473327624,169861.47757871915,44,Fear,1.0,2.0833333333333335,Neutral,Low Leverage
0x8477e447846c758f5a675856001ea72298fd9cb5,2025-03-29,7.57416,2.524376,10,2,0,2,2,7212.53,721.2529999999999,0.004227740300268941,0.014191916772287191,0.8791174227281454,170599.86421392995,26,Fear,1.0,0.25,Fear,Low Leverage
0x8477e447846c758f5a675856001ea72298fd9cb5,2025-03-30,267.134038,1.908502,8,6,0,6,6,5452.88,681.61,0.003991821065659167,0.010501557184619741,0.8307975516299151,170769.24150840496,32,Fear,1.0,3.0,Fear,Low Leverage
0x8477e447846c758f5a675856001ea72298fd9cb5,2025-03-31,92.902727,1.2501820000000001,7,3,0,3,3,3571.96,510.28000000000003,0.0029859096049538623,0.006075362581241998,0.6219676569382976,170881.36910152997,34,Fear,1.0,0.75,Fear,Low Leverage
0x8477e447846c758f5a675856001ea72298fd9cb5,2025-04-03,0.0,1.399017,6,0,0,0,6,3997.21,666.2016666666667,0.0038969369876222884,0.005848661584888584,0.812016715656219,170955.1083738633,25,Fear,0.5,1.0,Fear,Low Leverage
0x8477e447846c758f5a675856001ea72298fd9cb5,2025-04-04,586.623362,8.263874,54,17,0,17,36,26109.75,483.5138888888889,0.0028245253588818583,0.024058047270455882,0.5893431068616184,171173.56425445588,28,Fear,1.0,2.0,Fear,Low Leverage
0x8477e447846c758f5a675856001ea72298fd9cb5,2025-04-05,0.0,0.874638,4,0,0,0,0,2498.98,624.745,0.003642142837293023,0.012237526870867889,0.7614862111662554,171532.36504102996,30,Fear,0.5,0.0,Fear,Low Leverage
0x8477e447846c758f5a675856001ea72298fd9cb5,2025-04-06,67.08080899999999,2.599645,28,4,0,4,28,12423.32,443.69,0.0025856742338916283,0.011338627697752152,0.5408027547757178,171591.38527524422,34,Fear,1.0,1.0,Fear,Low Leverage
0x8477e447846c758f5a675856001ea72298fd9cb5,2025-04-07,632.3030239999999,134.158752,270,73,30,103,145,499332.72000000003,1849.3804444444445,0.010765211496559539,0.11555313103446481,2.254164031156656,171796.01904859292,23,Extreme Fear,0.7087378640776699,1.16,Fear,Low Leverage
0x8477e447846c758f5a675856001ea72298fd9cb5,2025-04-08,81.035707,10.494913,46,14,0,14,15,38119.45,828.6836956521738,0.004814974972899993,0.03848076109372877,1.0100620375632046,172103.2033272256,24,Extreme Fear,1.0,0.4838709677419355,Fear,Low Leverage
0x8477e447846c758f5a675856001ea72298fd9cb5,2025-04-09,500.847132,43.572329,136,26,1,27,30,125919.70999999999,925.8802205882353,0.0053650444169487345,0.02899383958653014,1.1285324751210686,172557.3392773167,18,Extreme Fear,0.9629629629629629,0.2830188679245283,Fear,Low Leverage
0x8477e447846c758f5a675856001ea72298fd9cb5,2025-04-10,-103.71342200000001,74.654105,314,84,89,173,173,274563.89,874.4072929936306,0.005065955654056115,0.06118910101852566,1.0657933981990437,172576.0124675268,39,Fear,0.48554913294797686,1.2269503546099292,Fear,Low Leverage
0x8477e447846c758f5a675856001ea72298fd9cb5,2025-04-11,19.202581000000002,9.307393,61,12,0,12,12,33735.49,553.0408196721311,0.0032071060279172795,0.043498410986353965,0.6740877612344419,172444.29531628406,25,Fear,1.0,0.24489795918367346,Fear,Low Leverage
0x8477e447846c758f5a675856001ea72298fd9cb5,2025-04-12,0.0,6.491558,24,0,0,0,0,18547.34,772.8058333333333,0.004481316298006909,0.014489948547479684,0.9419538947765579,172451.12902027994,43,Fear,0.5,0.0,Neutral,Low Leverage
0x8477e447846c758f5a675856001ea72298fd9cb5,2025-04-13,1350.19094,66.817145,287,147,49,196,196,235409.22,820.2411846689896,0.00475365637973703,0.05799554459913545,0.9997716699711237,172629.57540843936,45,Neutral,0.75,2.1538461538461537,Neutral,Low Leverage
0x8477e447846c758f5a675856001ea72298fd9cb5,2025-04-14,236.725655,7.371822,23,12,0,12,12,21458.62,932.9834782608696,0.005367566272717324,0.014377230845860548,1.1371904600142202,173810.83359892125,31,Fear,1.0,1.0909090909090908,Fear,Low Leverage
0x8477e447846c758f5a675856001ea72298fd9cb5,2025-04-15,191.802066,6.927599,38,14,1,15,15,19793.17,520.8728947368421,0.0029929274568780222,0.011486949720173376,0.6348790740419814,174028.49935505624,38,Fear,0.9333333333333333,0.6521739130434783,Fear,Low Leverage
0x8477e447846c758f5a675856001ea72298fd9cb5,2025-04-16,71.93199,0.499147,4,4,0,4,4,1426.15,356.5375,0.0020469812351084924,0.0028221726163110764,0.4345747305119509,174187.2195355299,29,Fear,1.0,1.0,Fear,Low Leverage
0x8477e447846c758f5a675856001ea72298fd9cb5,2025-04-18,0.0,2.68156,20,0,0,0,0,7661.61,383.0805,0.0021988922083680607,0.0031862507180582646,0.4669273359797592,174215.3011360299,33,Fear,0.5,0.0,Fear,Low Leverage
0x8477e447846c758f5a675856001ea72298fd9cb5,2025-04-19,0.0,2.17378,19,0,0,0,0,6210.82,326.8852631578947,0.0018763561023698045,0.0031782791121296975,0.39843235324522736,174212.78122195095,32,Fear,0.5,0.0,Fear,Low Leverage
0x8477e447846c758f5a675856001ea72298fd9cb5,2025-04-20,43.224447,5.058285,44,5,0,5,5,14452.289999999999,328.46113636363634,0.001885320859105486,0.005737252219343999,0.4003531460754519,174219.9543316208,37,Fear,1.0,0.1282051282051282,Fear,Low Leverage
0x8477e447846c758f5a675856001ea72298fd9cb5,2025-04-21,596.556385,18.339327,108,32,0,32,32,53826.78,498.3961111111111,0.0028566394423299355,0.027090578614263505,0.6074826790290374,174436.0388352336,39,Fear,1.0,0.42105263157894735,Fear,Low Leverage
0x8477e447846c758f5a675856001ea72298fd9cb5,2025-04-22,-180.07315699999998,337.52486,988,161,151,312,312,1155475.42,1169.5095344129554,0.006692548523962581,0.2863547466084126,1.4254862132276893,174838.16314690447,47,Neutral,0.5160256410256411,0.46153846153846156,Neutral,Low Leverage
0x8477e447846c758f5a675856001ea72298fd9cb5,2025-04-23,-27087.802198,291.009131,1950,41,1482,1523,1523,1240447.02,636.126676923077,0.003951558742026093,0.06262312202449724,0.7753590553456762,161286.65330944504,72,Greed,0.026920551543007223,3.566744730679157,Greed,Low Leverage
0x8477e447846c758f5a675856001ea72298fd9cb5,2025-04-24,2397.669518,25.177256,117,60,15,75,75,77083.65,658.8346153846153,0.004432331431331387,0.02599832064063178,0.8030371992643525,148651.66593091493,63,Greed,0.8,1.7857142857142858,Greed,Low Leverage
0x8477e447846c758f5a675856001ea72298fd9cb5,2025-04-25,36.153454,77.063853,207,2,0,2,2,220182.68,1063.6844444444444,0.007125601356186905,0.03721579680814088,1.2964986314039861,149277.08354866557,60,Greed,1.0,0.00975609756097561,Greed,Low Leverage
0x8477e447846c758f5a675856001ea72298fd9cb5,2025-04-26,394.655169,34.708292,70,33,1,34,34,99166.68000000001,1416.6668571428572,0.009479154242979161,0.1576817514142525,1.7267401540316785,149532.01464917316,65,Greed,0.9705882352941176,0.9444444444444444,Greed,Low Leverage
0x8477e447846c758f5a675856001ea72298fd9cb5,2025-04-27,78.784022,9.548649000000001,20,19,0,19,19,27281.88,1364.094,0.009114150764135008,0.054132092455405206,1.6626604002186844,149658.84790853033,61,Greed,1.0,19.0,Greed,Low Leverage
0x8477e447846c758f5a675856001ea72298fd9cb5,2025-04-28,-6424.928118,61.413055,80,5,71,76,76,175466.0,2193.325,0.01515319163352477,0.10420113336203407,2.673389533499631,145486.70703953033,54,Neutral,0.06578947368421052,19.0,Neutral,Low Leverage
0x8477e447846c758f5a675856001ea72298fd9cb5,2025-04-29,-1793.442795,6.708202,73,2,31,33,33,28922.66,396.20082191780824,0.0027755168460358807,0.007756464315600814,0.48291937149260583,142812.1160896673,60,Greed,0.06060606060606061,0.825,Greed,Low Leverage
0x8477e447846c758f5a675856001ea72298fd9cb5,2025-04-30,-1053.418063,26.119731,87,22,34,56,55,85726.91,985.3667816091954,0.007006570353823771,0.07126354323262832,1.2010391714006086,140734.10227949586,56,Greed,0.39285714285714285,1.71875,Neutral,Low Leverage
0x8477e447846c758f5a675856001ea72298fd9cb5,2025-05-01,-200.94846,1.088026,19,0,14,14,14,5883.4800000000005,309.6568421052632,0.002207929395074225,0.007917445069681492,0.3774330574177372,140238.1643801093,53,Neutral,0.0,2.8,Neutral,Low Leverage
0x92f17e8d81a944691c10e753af1b1baae1a2cd0d,2024-12-13,0.0,4.20111348,162,0,0,0,162,399968.44,2468.940987654321,0.02468997120211569,0.17546446187493128,0.6854952725830349,99998.03750849333,76,Extreme Greed,0.5,1.0,Greed,High Leverage
0x92f17e8d81a944691c10e753af1b1baae1a2cd0d,2024-12-15,0.0,11.53175475,413,0,0,0,413,780642.45,1890.1754237288135,0.018903634456818776,0.34767628815752144,0.5248024654286106,99990.0672310371,80,Extreme Greed,0.5,1.0,Greed,High Leverage
0x92f17e8d81a944691c10e753af1b1baae1a2cd0d,2024-12-16,55.987393,0.02034849,2,1,0,1,1,111.96000000000001,55.980000000000004,0.0005595748576350697,0.0005604744936436413,0.015542706590025265,100040.234538525,83,Extreme Greed,1.0,1.0,Greed,High Leverage
0x92f17e8d81a944691c10e753af1b1baae1a2cd0d,2024-12-17,0.0,0.0,1,0,0,0,0,0.0,0.0,0.0,0.0,0.0,100040.23417628,87,Extreme Greed,0.5,0.0,Greed,High Leverage
0x92f17e8d81a944691c10e753af1b1baae1a2cd0d,2024-12-22,0.0,71.770235,86,0,0,0,6,353629.35,4111.969186046511,0.04112429802340888,0.7699978269668549,1.1416779307957472,100003.63610689627,73,Greed,0.5,0.075,Greed,High Leverage
0x92f17e8d81a944691c10e753af1b1baae1a2cd0d,2024-12-23,8639.369933,69.64450000000001,60,54,0,54,60,591455.58,9857.592999999999,0.09393097962572527,1.1691862614856752,2.736935971469934,104085.21469038,70,Greed,1.0,1.0,Greed,High Leverage
0x92f17e8d81a944691c10e753af1b1baae1a2cd0d,2025-01-19,0.0,355.505903,484,0,0,0,484,1015731.94,2098.6197107438015,0.019367907284804725,1.3882332560172632,0.582676498894866,108319.1191571209,77,Extreme Greed,0.5,1.0,Greed,High Leverage
0x92f17e8d81a944691c10e753af1b1baae1a2cd0d,2025-01-23,63464.28729,514.000444,487,432,0,432,100,1468573.33,3015.5509856262834,0.021184112306222996,0.5318795429591502,0.8372601675035872,146979.51302682413,75,Extreme Greed,1.0,0.25839793281653745,Greed,High Leverage
0x92f17e8d81a944691c10e753af1b1baae1a2cd0d,2025-01-29,21987.812579,579.84199,636,272,14,286,286,1656692.32,2604.86213836478,0.015003920133437997,0.17407813982027076,0.7232334391580845,174193.60990854897,72,Greed,0.951048951048951,0.8171428571428572,Greed,High Leverage
0x92f17e8d81a944691c10e753af1b1baae1a2cd0d,2025-02-02,12245.905048999999,140.225324,169,75,0,75,94,400643.99,2370.67449704142,0.012116149236929467,0.10392819137487239,0.6582118279380226,195386.4538767299,60,Greed,1.0,1.2533333333333334,Greed,High Leverage
0x92f17e8d81a944691c10e753af1b1baae1a2cd0d,2025-02-07,0.0,0.4,2,0,0,0,2,92000.0,46000.0,0.2247780599765496,0.30597139691535125,12.771784622028619,204646.35675278027,44,Fear,0.5,1.0,Neutral,High Leverage
0x92f17e8d81a944691c10e753af1b1baae1a2cd0d,2025-02-08,0.0,1.19999773,152,0,0,0,152,269331.82,1771.9198684210526,0.008658482610862302,0.3776049262629387,0.49196910710797775,204645.874134452,44,Fear,0.5,1.0,Neutral,High Leverage
0x92f17e8d81a944691c10e753af1b1baae1a2cd0d,2025-02-24,0.0,1.99999899,45,0,0,0,45,426667.97,9481.510444444444,0.04633174866281659,0.4061316127092192,2.6325175932165066,204644.6358161574,49,Neutral,0.5,1.0,Neutral,High Leverage
0x92f17e8d81a944691c10e753af1b1baae1a2cd0d,2025-02-25,0.0,2.39999982,8,0,0,0,8,482000.0,60250.0,0.2944180475700868,1.954646143856031,16.72826137993966,204642.51416916528,25,Fear,0.5,1.0,Fear,High Leverage
0x92f17e8d81a944691c10e753af1b1baae1a2cd0d,2025-04-07,3425.96095,228.673001,68,33,0,33,25,653351.5,9608.110294117647,0.0466948086619055,0.2955001439870536,2.667667723938405,205393.40464813734,23,Extreme Fear,1.0,0.5813953488372093,Fear,High Leverage
0x92f17e8d81a944691c10e753af1b1baae1a2cd0d,2025-04-14,-621.54506,175.552752,25,0,7,7,18,501579.32999999996,20063.173199999997,0.09665953662887386,0.25184267795768,5.5704897161925375,207646.1326464203,31,Fear,0.0,2.5714285714285716,Fear,High Leverage
0x92f17e8d81a944691c10e753af1b1baae1a2cd0d,2025-04-16,0.0,58.848298,4,0,0,0,4,168138.0,42034.5,0.20306128043695898,0.21078507707971064,11.670773493362217,207004.44987974025,29,Fear,0.5,1.0,Fear,High Leverage
0x92f17e8d81a944691c10e753af1b1baae1a2cd0d,2025-04-23,17381.164,606.143139,248,4,0,4,244,1731837.76,6983.216774193548,0.033608187231768755,0.54149458823953,1.938872621933423,206853.70206211123,72,Greed,1.0,61.0,Greed,High Leverage
0xa0feb3725a9335f49874d7cd8eaad6be45b27416,2024-12-13,2270.1241019999998,19.428627,234,164,0,164,70,219938.41999999998,939.9077777777777,0.009321985880206139,0.0880213413277037,0.7382276693996145,100788.60460708974,76,Extreme Greed,1.0,0.4268292682926829,Greed,Low Leverage
0xa0feb3725a9335f49874d7cd8eaad6be45b27416,2024-12-14,10281.503571,73.206342,683,296,0,296,386,1143657.42,1674.4618155197657,0.01572674428609287,0.4562248022324437,1.3151652457780416,106062.21573288433,83,Extreme Greed,1.0,1.2996632996632997,Greed,Low Leverage
0xa0feb3725a9335f49874d7cd8eaad6be45b27416,2024-12-15,3932.676736,64.97873,748,187,49,236,512,1006213.05,1345.2046122994652,0.011641138984600525,0.3812025911181523,1.056558195689532,115967.94874712701,80,Extreme Greed,0.7923728813559322,2.169491525423729,Greed,Low Leverage
0xa0feb3725a9335f49874d7cd8eaad6be45b27416,2024-12-16,3923.071266,30.75539,326,164,0,164,162,557630.81,1710.5239570552149,0.014462719342790031,0.13286120811243127,1.343489376430749,118202.59046110736,83,Extreme Greed,1.0,0.9878048780487805,Greed,Low Leverage
0xa0feb3725a9335f49874d7cd8eaad6be45b27416,2024-12-17,9080.193597,68.951806,599,260,0,260,339,1228954.26,2051.6765609348913,0.016592338616713394,0.258606085477218,1.6114393792141584,123846.53830996325,87,Extreme Greed,1.0,1.3038461538461539,Greed,Low Leverage
0xa0feb3725a9335f49874d7cd8eaad6be45b27416,2024-12-18,2755.818564,30.847866,314,154,0,154,160,551560.22,1756.5612101910826,0.013452064806869227,0.13085070817411948,1.3796482155121799,130688.76146910188,81,Extreme Greed,1.0,1.0389610389610389,Greed,Low Leverage
0xa0feb3725a9335f49874d7cd8eaad6be45b27416,2024-12-19,5687.811638,63.489077,439,189,0,189,250,850779.2,1937.9936218678815,0.014389975401567048,0.32730413621098886,1.5221498838592435,134571.47030783826,75,Extreme Greed,1.0,1.3227513227513228,Greed,Low Leverage
0xa0feb3725a9335f49874d7cd8eaad6be45b27416,2024-12-20,5930.482942,29.021081000000002,243,163,0,163,80,276288.18,1136.9883950617284,0.008049340534543708,0.06286300171936512,0.893019839675459,140594.1025078066,74,Greed,1.0,0.49079754601226994,Greed,Low Leverage
0xa0feb3725a9335f49874d7cd8eaad6be45b27416,2024-12-21,2600.0502420000003,57.790802,331,105,0,105,226,540147.32,1631.86501510574,0.01128601023595212,0.27187128914674297,1.281708626483035,144676.59877730813,73,Greed,1.0,2.1523809523809523,Greed,Low Leverage
0xa0feb3725a9335f49874d7cd8eaad6be45b27416,2024-12-22,2718.982224,43.031281,291,81,0,81,210,510449.04,1754.1204123711339,0.01185648041611937,0.3524360126504422,1.377731150318447,148023.00683546733,73,Greed,1.0,2.5925925925925926,Greed,Low Leverage
0xa0feb3725a9335f49874d7cd8eaad6be45b27416,2024-12-23,0.0,0.210533,3,0,0,0,3,4210.68,1403.5600000000002,0.009438929020106493,0.009817550670419155,1.1023920135146483,148699.07540433333,70,Greed,0.5,1.0,Greed,Low Leverage
0xa0feb3725a9335f49874d7cd8eaad6be45b27416,2024-12-24,0.0,0.898379,1,0,0,0,1,2994.6,2994.6,0.020138790609634475,0.020138790609634475,2.3520356263152027,148698.104968,73,Greed,0.5,1.0,Greed,Low Leverage
0xa0feb3725a9335f49874d7cd8eaad6be45b27416,2025-01-15,0.0,0.10441900000000001,2,0,0,0,2,1044.19,522.095,0.0035111091558416366,0.004129107302943686,0.41006680034763765,148698.0312485,70,Greed,0.5,1.0,Greed,Low Leverage
0xa0feb3725a9335f49874d7cd8eaad6be45b27416,2025-01-18,0.0,14.034398,53,0,0,0,53,65945.76,1244.2596226415094,0.008368137598568711,0.03434509419575157,0.977273412421806,148690.45046596226,77,Extreme Greed,0.5,1.0,Greed,Low Leverage
0xa0feb3725a9335f49874d7cd8eaad6be45b27416,2025-01-20,0.0,0.299998,1,0,0,0,1,2999.98,2999.98,0.02017693051039601,0.02017693051039601,2.3562612162669745,148683.666153,76,Extreme Greed,0.5,1.0,Greed,Low Leverage
0xa0feb3725a9335f49874d7cd8eaad6be45b27416,2025-01-22,140.995116,0.673011,20,2,0,2,18,6653.5,332.675,0.0022361405368214195,0.01752014182279407,0.26129147531704067,148739.76147275,84,Extreme Greed,1.0,9.0,Greed,Low Leverage
0xa0feb3725a9335f49874d7cd8eaad6be45b27416,2025-01-23,0.0,0.341949,6,0,0,0,6,3419.52,569.92,0.003829495465066846,0.005577339492654294,0.44762978165683576,148823.79820466664,75,Extreme Greed,0.5,1.0,Greed,Low Leverage
0xa0feb3725a9335f49874d7cd8eaad6be45b27416,2025-01-24,0.0,1.599999,9,0,0,0,9,6040.46,671.1622222222222,0.0045098159022632115,0.00963236331283714,0.527148019002053,148822.45237444443,75,Extreme Greed,0.5,1.0,Greed,Low Leverage
0xa0feb3725a9335f49874d7cd8eaad6be45b27416,2025-01-27,0.0,0.8998309999999999,20,0,0,0,20,8998.42,449.921,0.0030232244401400326,0.005624603894031395,0.3533794900912851,148821.71233944996,71,Greed,0.5,1.0,Greed,Low Leverage
0xa0feb3725a9335f49874d7cd8eaad6be45b27416,2025-01-31,9719.053192,19.233983,65,65,0,65,0,192340.11,2959.078615384615,0.019292690058614028,0.033360915925882646,2.3241362200133833,153648.9227656154,76,Extreme Greed,1.0,0.0,Greed,Low Leverage
0xa0feb3725a9335f49874d7cd8eaad6be45b27416,2025-02-01,923.487443,2.633701,18,18,0,18,0,25021.87,1390.1038888888888,0.008738513948192597,0.05769835231364195,1.0918232388118536,159094.76165383332,68,Greed,1.0,0.0,Greed,Low Leverage
0xa0feb3725a9335f49874d7cd8eaad6be45b27416,2025-02-02,0.0,5.072198,29,0,0,0,29,35103.48,1210.464827586207,0.007592036489275971,0.04433941557287891,0.9507301138329821,159438.54706210343,60,Greed,0.5,1.0,Greed,Low Leverage
0xa0feb3725a9335f49874d7cd8eaad6be45b27416,2025-02-03,2161.6751200000003,26.363956,15,6,0,6,9,128667.93,8577.862,0.05309802126945596,0.4388661614418898,6.7372727648485204,161297.2577061333,44,Fear,1.0,1.5,Neutral,Low Leverage
0xa0feb3725a9335f49874d7cd8eaad6be45b27416,2025-02-04,4624.583773,157.259385,731,138,11,149,573,893174.02,1221.8522845417237,0.0074521934436460316,0.39158075827677047,0.9596741145183845,164272.5772540068,72,Greed,0.9261744966442953,3.6265822784810124,Greed,Low Leverage
0xa0feb3725a9335f49874d7cd8eaad6be45b27416,2025-02-05,-6194.283149,304.26918,368,45,60,105,263,1531595.6300000001,4161.944646739131,0.025559832410334483,2.6294126688764896,3.268898044440752,161778.23644157077,54,Neutral,0.42857142857142855,2.5047619047619047,Neutral,Low Leverage
0xa0feb3725a9335f49874d7cd8eaad6be45b27416,2025-02-06,2780.135427,111.97957,806,274,1,275,531,577728.76,716.7850620347394,0.004448115894650929,0.08054839628536037,0.5629813672331062,161207.82282166393,49,Neutral,0.9963636363636363,1.930909090909091,Neutral,Low Leverage
0xa0feb3725a9335f49874d7cd8eaad6be45b27416,2025-02-07,6119.377807,302.792442,787,202,0,202,589,1376937.75,1749.6032401524778,0.010514462951566533,0.7705701193713471,1.3741832474304219,165380.9850400815,44,Fear,1.0,2.974747474747475,Neutral,Low Leverage
0xa0feb3725a9335f49874d7cd8eaad6be45b27416,2025-02-08,330.039883,27.555919,328,96,0,96,232,250781.18,764.5767682926829,0.004548889458646926,0.029538314682511276,0.6005181987835885,168149.24613169834,44,Fear,1.0,2.4166666666666665,Neutral,Low Leverage
0xa0feb3725a9335f49874d7cd8eaad6be45b27416,2025-02-09,183.593223,9.858359,122,21,1,22,100,91236.04000000001,747.836393442623,0.004440182795146209,0.11961915667140034,0.5873698791264683,168464.0104198033,46,Neutral,0.9545454545454546,4.545454545454546,Neutral,Low Leverage
0xa0feb3725a9335f49874d7cd8eaad6be45b27416,2025-02-10,1338.3984500000001,16.107328,304,185,0,185,119,264062.05,868.6251644736842,0.005130049457293434,0.11952607416355197,0.682240477110802,169444.04936050656,43,Fear,1.0,0.6432432432432432,Neutral,Low Leverage
0xa0feb3725a9335f49874d7cd8eaad6be45b27416,2025-02-11,869.757103,33.559473,183,31,0,31,152,222415.75,1215.386612021858,0.007133562238510004,0.11961714929034403,0.954595809531137,170506.74114906,47,Neutral,1.0,4.903225806451613,Neutral,Low Leverage
0xa0feb3725a9335f49874d7cd8eaad6be45b27416,2025-02-12,0.0,2.499139,50,0,0,0,50,49983.3,999.666,0.00585768115625016,0.011111711395102053,0.7851633094289767,170659.1898063199,46,Neutral,0.5,1.0,Neutral,Low Leverage
0xa0feb3725a9335f49874d7cd8eaad6be45b27416,2025-02-13,1312.55815,132.655252,399,160,0,160,239,802803.87,2012.0397744360903,0.011725144077001134,0.29358343353969785,1.580307630747642,171624.57721755875,50,Neutral,1.0,1.49375,Neutral,Low Leverage
0xa0feb3725a9335f49874d7cd8eaad6be45b27416,2025-02-14,414.743169,60.105302,306,34,2,36,271,419937.63,1372.3451960784314,0.007976779217959003,0.23621049566119395,1.0778751061173422,172070.59381305866,48,Neutral,0.9444444444444444,7.742857142857143,Neutral,Low Leverage
0xa0feb3725a9335f49874d7cd8eaad6be45b27416,2025-02-15,590.73516,45.096536,466,113,3,116,351,366862.15,787.2578326180258,0.004566052274964687,0.09287956966711915,0.6183324882833391,172426.30852490332,50,Neutral,0.9741379310344828,3.0521739130434784,Neutral,Low Leverage
0xa0feb3725a9335f49874d7cd8eaad6be45b27416,2025-02-16,819.9958,16.960231,455,195,33,228,226,228095.48,501.30874725274725,0.002898027817772149,0.08513166591327313,0.39374074444730683,172998.91469944827,54,Neutral,0.8552631578947368,0.9868995633187773,Neutral,Low Leverage
0xa0feb3725a9335f49874d7cd8eaad6be45b27416,2025-02-17,303.11202,16.349651,284,118,1,119,118,170070.85,598.8410211267606,0.0034470158469562303,0.10516495297236017,0.47034509323085416,173688.76698241895,51,Neutral,0.9915966386554622,0.7108433734939759,Neutral,Low Leverage
0xa0feb3725a9335f49874d7cd8eaad6be45b27416,2025-02-18,3494.964308,38.828941,413,149,0,149,262,499345.74,1209.069588377724,0.006889622341482467,0.14108375041184093,0.9496342571824833,175541.693029138,47,Neutral,1.0,1.7350993377483444,Neutral,Low Leverage
0xa0feb3725a9335f49874d7cd8eaad6be45b27416,2025-02-19,1280.6095579999999,71.234617,400,134,0,134,266,436759.6,1091.899,0.0061304162733222655,0.7546804937358296,0.8576054726300485,178189.14473854247,44,Fear,1.0,1.9850746268656716,Neutral,Low Leverage
0xa0feb3725a9335f49874d7cd8eaad6be45b27416,2025-02-20,2866.872677,87.025921,968,443,0,443,525,790994.25,817.1428202479339,0.004546138991045107,0.247381245240975,0.6418049238665666,179679.0140580929,49,Neutral,1.0,1.18510158013544,Neutral,Low Leverage
0xa0feb3725a9335f49874d7cd8eaad6be45b27416,2025-02-21,3417.71341,73.35484,769,341,0,341,428,793176.02,1031.4382574772433,0.005643370554795749,0.23393543397237115,0.8101180551429069,182972.66063996084,55,Greed,1.0,1.2551319648093842,Neutral,Low Leverage
0xa0feb3725a9335f49874d7cd8eaad6be45b27416,2025-02-22,101.06290399999999,4.64251,41,20,0,20,21,32351.559999999998,789.0624390243902,0.0042723877556155665,0.053823179067689596,0.6197498724278813,184686.9584503658,49,Neutral,1.0,1.05,Neutral,Low Leverage
0xa0feb3725a9335f49874d7cd8eaad6be45b27416,2025-02-23,0.0,0.599623,53,0,0,0,53,11993.11,226.28509433962265,0.001225059294055253,0.002862219545656162,0.17773011540469147,184713.65029805657,50,Neutral,0.5,1.0,Neutral,Low Leverage
0xa0feb3725a9335f49874d7cd8eaad6be45b27416,2025-02-24,0.0,2.91327,42,0,0,0,42,20814.91,495.59309523809526,0.0026830653106474454,0.024268940328753385,0.38925152479657493,184710.95459192854,49,Neutral,0.5,1.0,Neutral,Low Leverage
0xa0feb3725a9335f49874d7cd8eaad6be45b27416,2025-02-25,826.548369,10.378791,193,54,0,54,139,120866.0,626.2487046632124,0.003385438798726395,0.0635897928908845,0.4918717906570571,184985.14035595855,25,Fear,1.0,2.574074074074074,Fear,Low Leverage
0xa0feb3725a9335f49874d7cd8eaad6be45b27416,2025-02-26,0.0,1.999079,20,0,0,0,20,14996.51,749.8255,0.0040416441743133,0.02693469141761677,0.5889321744204936,185524.78358854997,21,Extreme Fear,0.5,1.0,Fear,Low Leverage
0xa0feb3725a9335f49874d7cd8eaad6be45b27416,2025-02-27,0.0,2.997722,13,0,0,0,13,9992.43,768.6484615384616,0.0041431456858828835,0.005695185157914395,0.6037162110635251,185522.92331407688,10,Extreme Fear,0.5,1.0,Fear,Low Leverage
0xa0feb3725a9335f49874d7cd8eaad6be45b27416,2025-02-28,1011.258943,17.835655,197,61,1,62,141,122779.16,623.2444670050761,0.003347651020765491,0.09813902102257695,0.4895121853669167,186242.68014103046,16,Extreme Fear,0.9838709677419355,2.517857142857143,Fear,Low Leverage
0xa0feb3725a9335f49874d7cd8eaad6be45b27416,2025-03-02,625.512206,2.793128,32,16,0,16,16,54119.310000000005,1691.2284375000002,0.009049367228579065,0.1050885072660021,1.328334180604219,187029.7694831875,26,Fear,1.0,1.0,Fear,Low Leverage
0xa0feb3725a9335f49874d7cd8eaad6be45b27416,2025-03-03,60.171373,2.7102749999999998,176,15,1,16,160,41276.27,234.52426136363636,0.0012529841268246597,0.01528298983877996,0.18420136845072158,187162.6604433182,33,Fear,0.9375,10.0,Fear,Low Leverage
0xa0feb3725a9335f49874d7cd8eaad6be45b27416,2025-03-04,0.0,0.738537,40,0,0,0,40,14771.07,369.27675,0.001972687284606875,0.008108774214234686,0.2900394282942271,187194.74588265,15,Extreme Fear,0.5,1.0,Fear,Low Leverage
0xa0feb3725a9335f49874d7cd8eaad6be45b27416,2025-03-14,0.0,0.699979,8,0,0,0,8,6999.83,874.97875,0.004674181652169471,0.010684042951023405,0.6872307460992263,187194.05903225,27,Fear,0.5,1.0,Fear,Low Leverage
0xa0feb3725a9335f49874d7cd8eaad6be45b27416,2025-04-15,73.34455,3.9631380000000003,21,9,0,9,9,19270.35,917.6357142857142,0.00490083169318517,0.011310746098353941,0.7207346196417547,187234.6736682381,38,Fear,1.0,0.75,Fear,Low Leverage
0xa0feb3725a9335f49874d7cd8eaad6be45b27416,2025-04-16,100.22198900000001,2.990934,47,17,2,19,19,18802.760000000002,400.0587234042554,0.002135867380162085,0.00799461905123529,0.31421637950477127,187287.75635812763,29,Fear,0.8947368421052632,0.6785714285714286,Fear,Low Leverage
0xa0feb3725a9335f49874d7cd8eaad6be45b27416,2025-04-17,18.57004,0.6450790000000001,13,6,0,6,6,3949.9700000000003,303.8438461538462,0.0016216057392285722,0.005324058818694056,0.23864674780955106,187370.44808907693,30,Fear,1.0,0.8571428571428571,Fear,Low Leverage
0xa0feb3725a9335f49874d7cd8eaad6be45b27416,2025-04-23,6653.134804,40.63173124,550,215,0,215,335,492035.18,894.6094181818181,0.0047153312329417186,0.052099314435840184,0.7026491762508354,190176.41469185345,72,Greed,1.0,1.558139534883721,Greed,Low Leverage
0xa0feb3725a9335f49874d7cd8eaad6be45b27416,2025-04-24,1279.688605,37.2493389753,334,65,0,65,269,442781.33,1325.6926047904192,0.006806664633366842,0.04224684229717136,1.0412329646729666,194582.41465384988,63,Greed,1.0,4.138461538461539,Greed,Low Leverage
0xa0feb3725a9335f49874d7cd8eaad6be45b27416,2025-04-25,4058.112969,16.8622330082,138,43,0,43,95,203554.35,1475.0315217391305,0.007476145873311703,0.02587272668348911,1.158527579332252,197752.30852962722,60,Greed,1.0,2.2093023255813953,Greed,Low Leverage
0xa0feb3725a9335f49874d7cd8eaad6be45b27416,2025-04-26,0.0,0.66920957,50,0,0,0,50,21299.96,425.9992,0.0021377563157267423,0.007938924508721825,0.3345906949782192,199273.95980852723,65,Greed,0.5,1.0,Greed,Low Leverage
0xa0feb3725a9335f49874d7cd8eaad6be45b27416,2025-04-27,147.309165,4.8708811662,46,4,0,4,42,39485.85,858.3880434782608,0.004304783857259673,0.04151808757986561,0.6741999797849038,199410.54515075707,61,Greed,1.0,10.5,Greed,Low Leverage
0xa0feb3725a9335f49874d7cd8eaad6be45b27416,2025-04-28,474.245409,10.3046254701,155,21,0,21,134,171434.73,1106.0305161290323,0.005538496229416053,0.19015858865702587,0.8687047277523794,199641.52136731072,54,Neutral,1.0,6.380952380952381,Neutral,Low Leverage
0xa0feb3725a9335f49874d7cd8eaad6be45b27416,2025-04-29,1189.49741,19.0121721531,214,93,0,93,121,270016.78,1261.7606542056076,0.006285201688645066,0.07308305914691693,0.9910191713665818,200781.46694143643,60,Greed,1.0,1.3010752688172043,Greed,Low Leverage
0xa0feb3725a9335f49874d7cd8eaad6be45b27416,2025-04-30,1555.834562,13.2328752555,345,123,0,123,222,273902.59,793.9205507246378,0.003943109768670563,0.11695284777533187,0.6235655579269799,201357.66383954912,56,Greed,1.0,1.8048780487804879,Neutral,Low Leverage
0xa0feb3725a9335f49874d7cd8eaad6be45b27416,2025-05-01,1449.529436,27.8552032658,288,101,0,101,187,325695.48,1130.8870833333333,0.00556119819811197,0.1351624400005312,0.8882277129966237,203521.55380774083,53,Neutral,1.0,1.8514851485148516,Neutral,Low Leverage
0xa520ded057a32086c40e7dd6ed4eb8efb82c00e0,2024-08-03,0.0,51.977449,16,0,0,0,16,148506.99,9281.686875,0.09284392498361707,0.30015611349081006,4.491089824356756,99979.60214325,37,Fear,0.5,1.0,Fear,Low Leverage
0xa520ded057a32086c40e7dd6ed4eb8efb82c00e0,2024-08-04,-14176.51042,48.482797000000005,10,0,2,2,8,134929.87,13492.987,0.15279970323105077,1.1397934550998559,6.528793465237212,86757.94931979998,34,Fear,0.0,4.0,Fear,Low Leverage
0xa520ded057a32086c40e7dd6ed4eb8efb82c00e0,2024-08-05,0.0,36.606680000000004,2,0,0,0,2,20107.61,10053.805,0.11732718159549094,0.12611172934155918,4.8646912936897655,85690.058549,26,Fear,0.5,1.0,Fear,Low Leverage
0xa520ded057a32086c40e7dd6ed4eb8efb82c00e0,2024-08-07,0.0,0.2136618,1,0,0,0,1,500.0,500.0,0.00583524473635559,0.00583524473635559,0.24193284501190174,85686.20899219999,29,Fear,0.5,1.0,Fear,Low Leverage
0xa520ded057a32086c40e7dd6ed4eb8efb82c00e0,2024-08-08,-40.712216999999995,0.160745,4,0,3,3,0,459.28,114.82,0.001340505700555874,0.0038945087843311158,0.055557458528533124,85655.7588737,20,Extreme Fear,0.0,0.0,Fear,Low Leverage
0xa520ded057a32086c40e7dd6ed4eb8efb82c00e0,2024-08-09,0.0,0.08139447,2,0,0,0,2,500.0,250.0,0.002919016850691349,0.003270350484580734,0.12096642250595088,85645.27743315001,48,Neutral,0.5,1.0,Neutral,Low Leverage
0xa520ded057a32086c40e7dd6ed4eb8efb82c00e0,2024-08-17,-288.283113,0.021169,1,0,1,1,0,211.7,211.7,0.002480172957476672,0.002480172957476672,0.1024343665780392,85356.95035373,25,Fear,0.0,0.0,Fear,Low Leverage
0xa520ded057a32086c40e7dd6ed4eb8efb82c00e0,2024-08-18,0.0,0.0,1,0,0,0,0,0.01,0.01,1.17155075931822e-07,1.17155075931822e-07,4.838656900238035e-06,85356.95035373,31,Fear,0.5,0.0,Fear,Low Leverage
0xa520ded057a32086c40e7dd6ed4eb8efb82c00e0,2024-08-21,0.0,0.700099,2,0,0,0,2,2000.28,1000.14,0.011717219842974155,0.011717312972728175,0.4839334312204068,85356.42527723001,26,Fear,0.5,1.0,Fear,Low Leverage
0xa520ded057a32086c40e7dd6ed4eb8efb82c00e0,2024-09-08,0.0,0.0,1,0,0,0,0,0.11,0.11,1.288716405321523e-06,1.288716405321523e-06,5.322522590261839e-05,85356.25025473001,29,Fear,0.5,0.0,Fear,Low Leverage
0xa520ded057a32086c40e7dd6ed4eb8efb82c00e0,2024-09-10,-219.729659,0.62319,2,0,2,2,0,1780.54,890.27,0.010453202543148637,0.017321365545396233,0.4307711078574915,85227.17135722999,33,Fear,0.0,0.0,Fear,Low Leverage
0xa520ded057a32086c40e7dd6ed4eb8efb82c00e0,2024-10-17,0.0,0.174901,1,0,0,0,1,499.72,499.72,0.005869686487622589,0.005869686487622589,0.2417973626186951,85135.72250473,71,Greed,0.5,1.0,Greed,Low Leverage
0xa520ded057a32086c40e7dd6ed4eb8efb82c00e0,2024-10-28,167.28016200000002,0.275335,4,4,0,4,0,1500.93,375.2325,0.004401870835783937,0.011352735091074907,0.18156213253185685,85219.78553723,72,Greed,1.0,0.0,Greed,Low Leverage
0xa520ded057a32086c40e7dd6ed4eb8efb82c00e0,2024-11-07,3360.9281,1.87150338,95,48,0,48,47,19837.95,208.8205263157895,0.0023762974595601593,0.028310190217196288,0.1010410880569233,87601.46127847441,77,Extreme Greed,1.0,0.9791666666666666,Greed,Low Leverage
0xa520ded057a32086c40e7dd6ed4eb8efb82c00e0,2024-11-13,0.0,0.070012,1,0,0,0,1,200.04,200.04,0.0022562162534860595,0.0022562162534860595,0.09679249263236164,88661.71391634998,84,Extreme Greed,0.5,1.0,Greed,Low Leverage
0xa520ded057a32086c40e7dd6ed4eb8efb82c00e0,2024-11-18,693.220788,0.5727410000000001,9,9,0,9,0,1677.08,186.3422222222222,0.0020904208879986824,0.011256972279843206,0.09016460793612448,89082.56940846109,83,Extreme Greed,1.0,0.0,Greed,Low Leverage
0xa520ded057a32086c40e7dd6ed4eb8efb82c00e0,2024-11-21,2.83504,0.071004,1,1,0,1,0,202.87,202.87,0.002270328166121589,0.002270328166121589,0.09816183253512901,89357.12599934998,82,Extreme Greed,1.0,0.0,Greed,Low Leverage
0xa520ded057a32086c40e7dd6ed4eb8efb82c00e0,2024-11-29,0.0,4.22740322,21,0,0,0,21,121009.48999999999,5762.356666666667,0.06448874030805606,0.6336887972895993,2.788206684679931,89355.48677173283,78,Extreme Greed,0.5,1.0,Greed,Low Leverage
0xa520ded057a32086c40e7dd6ed4eb8efb82c00e0,2024-12-01,34709.852428,9.36078833,61,49,0,49,12,52243.57,856.4519672131147,0.007908496935657282,0.048227402973953004,0.4144077220878177,108610.30691507981,81,Extreme Greed,1.0,0.24489795918367346,Greed,Low Leverage
0xa520ded057a32086c40e7dd6ed4eb8efb82c00e0,2024-12-03,0.0,2.2150486799999998,34,0,0,0,34,99999.98,2941.1758823529412,0.023709246514020517,0.4707957557924898,1.423134097796075,124052.40044932056,76,Extreme Greed,0.5,1.0,Greed,Low Leverage
0xa520ded057a32086c40e7dd6ed4eb8efb82c00e0,2024-12-10,0.0,2.38649766,8,0,0,0,8,109744.79000000001,13718.098750000001,0.11058604313872462,0.6368953845430428,6.6377173174834265,124049.25876931248,78,Extreme Greed,0.5,1.0,Greed,Low Leverage
0xa520ded057a32086c40e7dd6ed4eb8efb82c00e0,2024-12-11,994.238977,0.620024,15,15,0,15,0,2475.02,165.00133333333332,0.001323339425928768,0.00799821336909894,0.07983848400818094,124397.26027305999,74,Greed,1.0,0.0,Greed,Low Leverage
0xa520ded057a32086c40e7dd6ed4eb8efb82c00e0,2024-12-12,2512.437585,1.8742159999999999,4,4,0,4,0,5497.650000000001,1374.4125000000001,0.010797900864337434,0.037796218792636796,0.6650310526898409,125953.70369220998,83,Extreme Greed,1.0,0.0,Greed,Low Leverage
0xa520ded057a32086c40e7dd6ed4eb8efb82c00e0,2024-12-16,2069.35811,0.334015,13,13,0,13,0,2499.82,192.29384615384618,0.0014920835227537027,0.009313472301880283,0.0930443945565619,129047.65416799844,83,Extreme Greed,1.0,0.0,Greed,Low Leverage
0xa520ded057a32086c40e7dd6ed4eb8efb82c00e0,2024-12-17,256.200336,0.029973,1,1,0,1,0,299.74,299.74,0.0023078552035021003,0.0023078552035021003,0.14503390192773485,129878.16546945997,87,Extreme Greed,1.0,0.0,Greed,Low Leverage
0xa520ded057a32086c40e7dd6ed4eb8efb82c00e0,2024-12-20,23353.625678,4.49421197,12,11,0,11,1,57160.03,4763.3358333333335,0.03182609390093926,0.19681258237359878,2.3048147798109424,146139.47589812914,74,Greed,1.0,0.09090909090909091,Greed,Low Leverage
0xa520ded057a32086c40e7dd6ed4eb8efb82c00e0,2025-01-04,556.803152,0.356291,5,5,0,5,0,1065.4699999999998,213.09399999999997,0.0013872604237009853,0.0037731769533671288,0.10310887534993238,153501.80784288998,73,Greed,1.0,0.0,Greed,Low Leverage
0xa520ded057a32086c40e7dd6ed4eb8efb82c00e0,2025-01-14,7013.428624,3.482992,12,12,0,12,0,9951.42,829.285,0.005256964739685527,0.009741199686009304,0.4012625587513899,157598.83655715664,63,Greed,1.0,0.0,Greed,Low Leverage
0xa520ded057a32086c40e7dd6ed4eb8efb82c00e0,2025-01-21,2806.434723,1.670433,8,8,0,8,0,4780.98,597.6225,0.003674856337603209,0.009328058191091804,0.2891690233362505,162467.39869298998,76,Extreme Greed,1.0,0.0,Greed,Low Leverage
0xa520ded057a32086c40e7dd6ed4eb8efb82c00e0,2025-01-27,12084.434144,14.877165,56,56,0,56,0,55433.34,989.8810714285713,0.0058163738037167794,0.08900544120223715,0.4789694876682877,169729.34098982924,71,Greed,1.0,0.0,Greed,Low Leverage
0xa520ded057a32086c40e7dd6ed4eb8efb82c00e0,2025-01-28,0.0,0.0,3,0,0,0,0,0.23,0.07666666666666667,4.36429298437784e-07,5.123300459921811e-07,3.7096369568491605e-05,175668.01069748995,72,Greed,0.5,0.0,Greed,Low Leverage
0xa520ded057a32086c40e7dd6ed4eb8efb82c00e0,2025-02-03,20.596691,0.349967,1,1,0,1,0,999.91,999.91,0.005691387772155638,0.005691387772155638,0.4838221421117013,175688.25742148995,44,Fear,1.0,0.0,Neutral,Low Leverage
0xa520ded057a32086c40e7dd6ed4eb8efb82c00e0,2025-02-10,30.785143,0.174872,2,2,0,2,0,499.64,249.82,0.0014217475889319764,0.002168634506949344,0.12087932668174659,175707.19643648993,43,Fear,1.0,0.0,Neutral,Low Leverage
0xa520ded057a32086c40e7dd6ed4eb8efb82c00e0,2025-03-08,-1121.6509429999999,0.8754900000000001,2,0,2,2,0,2501.41,1250.705,0.0071564907725274966,0.011671206769284124,0.6051732378412211,175053.56981298994,28,Fear,0.0,0.0,Fear,Low Leverage
0xa520ded057a32086c40e7dd6ed4eb8efb82c00e0,2025-04-08,-920.33629,0.350298,1,0,1,1,0,1000.85,1000.85,0.0057627535758717745,0.0057627535758717745,0.48427697586032376,173675.65467148993,24,Extreme Fear,0.0,0.0,Fear,Low Leverage
0xa520ded057a32086c40e7dd6ed4eb8efb82c00e0,2025-04-10,-965.1214130000001,0.31047,3,0,3,3,0,1602.02,534.0066666666667,0.0030869174583238314,0.004875553708274235,0.2583875042439779,172946.39704282326,39,Fear,0.0,0.0,Fear,Low Leverage
0xa520ded057a32086c40e7dd6ed4eb8efb82c00e0,2025-04-13,-53.631353999999995,0.045167,2,0,2,2,0,129.06,64.53,0.00037372971980664143,0.0006036261135360376,0.03122385297723604,172678.21955248993,45,Neutral,0.0,0.0,Neutral,Low Leverage
0xae5eacaf9c6b9111fd53034a602c192a04e082ed,2024-12-02,0.0,3.50139761,44,0,0,0,44,78277.3,1779.0295454545455,0.017790632837095362,0.14835828244668953,0.5971016314754665,99997.97925145522,80,Extreme Greed,0.5,1.0,Greed,Low Leverage
0xae5eacaf9c6b9111fd53034a602c192a04e082ed,2024-12-03,20925.513222,197.860887,145,105,0,105,40,565317.04,3898.738206896552,0.03488124090061009,0.3567631177837462,1.3085465331262227,110481.94995561069,76,Extreme Greed,1.0,0.38095238095238093,Greed,Low Leverage
0xae5eacaf9c6b9111fd53034a602c192a04e082ed,2024-12-04,0.0,0.0,1,0,0,0,0,0.1,0.1,8.283346722551153e-07,8.283346722551153e-07,3.35633341785173e-05,120724.15093738999,78,Extreme Greed,0.5,0.0,Greed,Low Leverage
0xae5eacaf9c6b9111fd53034a602c192a04e082ed,2025-03-04,0.0,51.286693,21,0,0,0,21,152639.03,7268.525238095238,0.06022295431255146,0.3560725171989912,2.4395594155117752,120691.90310577095,15,Extreme Fear,0.5,1.0,Fear,Low Leverage
0xae5eacaf9c6b9111fd53034a602c192a04e082ed,2025-03-05,0.0,10.585937999999999,9,0,0,0,9,31505.8,3500.644444444444,0.029011435695126313,0.20333431111347702,1.1749329932905892,120665.55844383444,20,Extreme Fear,0.5,1.0,Fear,Low Leverage
0xae5eacaf9c6b9111fd53034a602c192a04e082ed,2025-03-11,0.0,9.289627000000001,4,0,0,0,4,27647.7,6911.925,0.057286762586074215,0.17502954474178709,2.319872485918482,120657.29248338999,24,Extreme Fear,0.5,1.0,Fear,Low Leverage
0xae5eacaf9c6b9111fd53034a602c192a04e082ed,2025-03-18,0.0,31.427672,38,0,0,0,38,93534.84999999999,2461.4434210526315,0.020403836086860527,0.15182542167134488,0.8261424810230235,120636.17043441632,34,Fear,0.5,1.0,Fear,Low Leverage
0xae5eacaf9c6b9111fd53034a602c192a04e082ed,2025-04-08,0.0,31.777091,33,0,0,0,33,94574.77,2865.9021212121215,0.023762879270630165,0.15320198445137365,0.9618923061716401,120605.45817090514,24,Extreme Fear,0.5,1.0,Fear,Low Leverage
0xae5eacaf9c6b9111fd53034a602c192a04e082ed,2025-04-09,622.4107899999999,3.460236,13,6,0,6,7,10298.35,792.1807692307692,0.006557994269199398,0.018598012425155443,0.26588227887487204,120785.1987147746,18,Extreme Fear,1.0,1.1666666666666667,Fear,Low Leverage
0xae5eacaf9c6b9111fd53034a602c192a04e082ed,2025-04-10,5615.909694999999,15.875953,19,19,0,19,0,47249.91,2486.837368421053,0.01995143701748278,0.15951774988700826,0.8346655364394033,123245.97972707421,39,Fear,1.0,0.0,Fear,Low Leverage
0xae5eacaf9c6b9111fd53034a602c192a04e082ed,2025-04-12,2513.430964,34.214136,45,24,0,24,21,101827.89,2262.842,0.01774794530610743,0.10914755976555221,0.7594852223918445,127536.32230072335,43,Fear,1.0,0.875,Neutral,Low Leverage
0xae5eacaf9c6b9111fd53034a602c192a04e082ed,2025-04-21,0.0,17.179883,21,0,0,0,21,51130.65,2434.7928571428574,0.018833779662249337,0.09784339863484603,0.8171976631975265,129275.7652451043,39,Fear,0.5,1.0,Fear,Low Leverage
0xae5eacaf9c6b9111fd53034a602c192a04e082ed,2025-04-23,28100.70049,26.621557,28,28,0,28,0,79230.9,2829.6749999999997,0.019572329211950602,0.13758668212324446,0.9497332764159594,139191.0227220686,72,Greed,1.0,0.0,Greed,Low Leverage
0xae5eacaf9c6b9111fd53034a602c192a04e082ed,2025-04-24,2587.44383,68.25541199999999,87,17,0,17,70,203141.35,2334.9580459770114,0.014709281138402745,0.11001543575100402,0.783689771899442,158702.7428218728,63,Greed,1.0,4.117647058823529,Greed,Low Leverage
0xae5eacaf9c6b9111fd53034a602c192a04e082ed,2025-04-25,7480.21054,47.392782000000004,55,31,0,31,24,141050.08000000002,2564.5469090909096,0.015830819196848856,0.1253941482199618,0.8607474492630182,161858.9056344264,60,Greed,1.0,0.7741935483870968,Greed,Low Leverage
0xaf40fdc468c30116bd3307bcbf4a451a7ebf1deb,2024-12-09,0.0,0.787545,4,0,0,0,4,7875.4800000000005,1968.8700000000001,0.019688840092959695,0.07052940208752877,0.23635345692030485,99999.43835,78,Extreme Greed,0.5,1.0,Greed,High Leverage
0xaf40fdc468c30116bd3307bcbf4a451a7ebf1deb,2024-12-11,39.7705,2.505516,1,1,0,1,0,7158.62,7158.62,0.0715600967093745,0.0715600967093745,0.8593582023083457,100036.477439,74,Greed,1.0,0.0,Greed,High Leverage
0xaf40fdc468c30116bd3307bcbf4a451a7ebf1deb,2024-12-12,15.24474,0.270154,1,1,0,1,0,771.87,771.87,0.007714730614875352,0.007714730614875352,0.092659313612923,100051.45202499999,83,Extreme Greed,1.0,0.0,Greed,High Leverage
0xaf40fdc468c30116bd3307bcbf4a451a7ebf1deb,2024-12-23,0.0,0.09603800000000001,3,0,0,0,3,960.4000000000001,320.1333333333334,0.0031996893349531355,0.00526989133298047,0.03843048043230563,100051.40218133332,70,Greed,0.5,1.0,Greed,High Leverage
0xaf40fdc468c30116bd3307bcbf4a451a7ebf1deb,2024-12-24,3.43,0.33734,1,1,0,1,0,963.83,963.83,0.009633054931924801,0.009633054931924801,0.11570319644440588,100054.448647,73,Greed,1.0,0.0,Greed,High Leverage
0xaf40fdc468c30116bd3307bcbf4a451a7ebf1deb,2025-03-16,-1017.4242129999999,66.44175718,125,18,25,43,82,665417.8099999999,5323.342479999999,0.05419357615467328,1.2709658624915163,0.6390418857104373,98149.6722695508,30,Fear,0.4186046511627907,1.9069767441860466,Fear,High Leverage
0xaf40fdc468c30116bd3307bcbf4a451a7ebf1deb,2025-03-17,-1646.3528999999999,33.171181000000004,35,0,33,33,2,331712.01,9477.486,0.09622320992816713,1.4291401993780792,1.137727010424148,98273.65618939143,32,Fear,0.0,0.06060606060606061,Fear,High Leverage
0xaf40fdc468c30116bd3307bcbf4a451a7ebf1deb,2025-03-18,0.0,8.243589,21,0,0,0,21,82436.02,3925.5247619047623,0.0403504635741309,0.32329384928658594,0.47124053274337413,97287.22153562952,34,Fear,0.5,1.0,Fear,High Leverage
0xaf40fdc468c30116bd3307bcbf4a451a7ebf1deb,2025-03-19,5304.480047,42.4138180394,162,112,0,112,50,761891.37,4703.033148148148,0.047503894167876176,0.8503165040571522,0.5645767077438322,98552.39443096351,32,Fear,1.0,0.44642857142857145,Fear,High Leverage
0xaf40fdc468c30116bd3307bcbf4a451a7ebf1deb,2025-03-20,0.0,8.487,1,0,0,0,1,84870.0,84870.0,0.8277061099383205,0.8277061099383205,10.188238882621134,102536.39423578061,49,Neutral,0.5,1.0,Neutral,High Leverage
0xaf40fdc468c30116bd3307bcbf4a451a7ebf1deb,2025-03-24,5070.619785,55.854544000000004,23,17,0,17,6,345112.98,15004.912173913042,0.14318114674705698,0.8287875259796014,1.8012681706206677,105431.12359360668,45,Neutral,1.0,0.35294117647058826,Neutral,High Leverage
0xaf40fdc468c30116bd3307bcbf4a451a7ebf1deb,2025-03-25,0.0,8.71,1,0,0,0,1,87100.0,87100.0,0.8099127407248212,0.8099127407248212,10.455939751105229,107542.4494767806,46,Neutral,0.5,1.0,Neutral,High Leverage
0xaf40fdc468c30116bd3307bcbf4a451a7ebf1deb,2025-03-26,2087.063794,65.774139,27,3,0,3,24,437399.01,16199.963333333333,0.1482412223209375,1.581837215244585,1.9447283649075449,108983.31911266949,47,Neutral,1.0,8.0,Neutral,High Leverage
0xaf40fdc468c30116bd3307bcbf4a451a7ebf1deb,2025-03-27,894.0,78.29369,21,6,0,6,15,347421.98,16543.90380952381,0.1500705160170154,0.7648187714300717,1.9860167793393941,110302.33262959012,40,Fear,1.0,2.5,Fear,High Leverage
0xaf40fdc468c30116bd3307bcbf4a451a7ebf1deb,2025-03-28,1342.0,78.365291,54,4,0,4,50,347258.0,6430.7037037037035,0.05770085052332094,0.7027082485235342,0.7719753212759491,111611.94141341023,44,Fear,1.0,12.5,Neutral,High Leverage
0xaf40fdc468c30116bd3307bcbf4a451a7ebf1deb,2025-04-03,2020.0,34.021999,8,1,0,1,7,340220.0,42527.5,0.3742353170195434,1.5374109289660207,5.105223625317194,113638.86888778061,25,Fear,1.0,7.0,Fear,High Leverage
0xaf40fdc468c30116bd3307bcbf4a451a7ebf1deb,2025-04-05,2400.0,33.309998,8,1,0,1,7,333099.99,41637.49875,0.3589283890705965,1.4472607309110954,4.998383218332023,116002.5065055306,30,Fear,1.0,7.0,Fear,High Leverage
0xaf40fdc468c30116bd3307bcbf4a451a7ebf1deb,2025-04-07,0.0,3.805396,17,0,0,0,17,38053.979999999996,2238.4694117647055,0.019298329110746488,0.16403458614268293,0.2687175809885617,115994.83853078062,23,Extreme Fear,0.5,1.0,Fear,High Leverage
0xaf40fdc468c30116bd3307bcbf4a451a7ebf1deb,2025-04-11,5246.0,20.849999,7,7,0,7,0,208500.0,29785.714285714286,0.24771118001176032,1.3265102208740607,3.575632996728621,120111.65106678059,25,Fear,1.0,0.0,Fear,High Leverage
0xaf40fdc468c30116bd3307bcbf4a451a7ebf1deb,2025-04-12,0.0,0.0066152269999999996,14,0,0,0,14,20099.91,1435.7078571428572,0.01184410427968759,0.04124789608299536,0.17234988351864647,121217.08961355337,43,Fear,0.5,1.0,Neutral,High Leverage
0xb1231a4a2dd02f2276fa3c5e2a2f3436e6bfed23,2023-12-05,0.0,12.501455,9,0,0,0,7,50005.83,5556.203333333334,0.05556654886837084,0.2437225684613168,1.4477251898960246,99992.64765088889,75,Extreme Greed,0.5,3.5,Greed,High Leverage
0xb1231a4a2dd02f2276fa3c5e2a2f3436e6bfed23,2023-12-14,-205.43473700000004,28.300831000000002,11,4,2,6,5,113203.35,10291.213636363636,0.10326291794931061,0.2532692247560234,2.6814801982825993,99694.87597572728,72,Greed,0.6666666666666666,0.8333333333333334,Greed,High Leverage
0xb1231a4a2dd02f2276fa3c5e2a2f3436e6bfed23,2023-12-15,-24.632033999999997,2.652489,2,0,2,2,2,10609.95,5304.975,0.0531918524503493,0.06685358149602644,1.3822650969580539,99731.54733249999,70,Greed,0.0,1.0,Greed,High Leverage
0xb1231a4a2dd02f2276fa3c5e2a2f3436e6bfed23,2023-12-16,0.0,3.8371890000000004,3,0,0,0,3,15348.77,5116.256666666667,0.05130421248246416,0.06052907446449079,1.3330926191758283,99723.92430299999,67,Greed,0.5,1.0,Greed,High Leverage
0xb1231a4a2dd02f2276fa3c5e2a2f3436e6bfed23,2023-12-17,304.982785,29.069499,14,7,4,11,3,116278.02,8305.572857142857,0.08304977184408817,0.30569263167972177,2.16410133330897,99997.9979947857,73,Greed,0.6363636363636364,0.2727272727272727,Greed,High Leverage
0xb1231a4a2dd02f2276fa3c5e2a2f3436e6bfed23,2023-12-18,0.0,7.791045,2,0,0,0,2,31164.179999999997,15582.089999999998,0.15583528693409435,0.31149635777672985,4.060071752394522,99990.76568350001,65,Greed,0.5,1.0,Greed,High Leverage
0xb1231a4a2dd02f2276fa3c5e2a2f3436e6bfed23,2023-12-19,1000.5386120000001,22.900596,15,10,0,10,5,91602.41,6106.827333333334,0.060573514939763054,0.2715535520870808,1.591195863508517,100838.7607502,73,Greed,1.0,0.5,Greed,High Leverage
0xb1231a4a2dd02f2276fa3c5e2a2f3436e6bfed23,2023-12-20,162.732282,35.409187,18,8,0,8,10,141636.79,7868.710555555556,0.07789146879625164,0.2335301591709857,2.0502724252253524,101013.31833105556,74,Greed,1.0,1.25,Greed,High Leverage
0xb1231a4a2dd02f2276fa3c5e2a2f3436e6bfed23,2023-12-21,537.211402,31.308469,49,26,1,27,22,125233.97,2555.795306122449,0.025251248779494882,0.06240232651078069,0.6659384156612024,101220.24443183673,70,Greed,0.9629629629629629,0.8148148148148148,Greed,High Leverage
0xb1231a4a2dd02f2276fa3c5e2a2f3436e6bfed23,2023-12-22,141.832675,22.218566,10,2,0,2,8,88874.28,8887.428,0.08740654865257495,0.26804715809932167,2.315709598278545,101659.8286817,74,Greed,1.0,4.0,Greed,High Leverage
0xb1231a4a2dd02f2276fa3c5e2a2f3436e6bfed23,2023-12-23,146.936704,19.609555,13,8,0,8,5,78438.25,6033.711538461538,0.059276520456487874,0.10351132472625811,1.5721448008196963,101794.83637223077,70,Greed,1.0,0.625,Greed,High Leverage
0xb1231a4a2dd02f2276fa3c5e2a2f3436e6bfed23,2023-12-24,1008.619956,100.738715,39,15,2,17,21,402954.94,10332.177948717948,0.10072008509410013,0.48697107388990324,2.6921538657717488,102405.01015974359,71,Greed,0.8823529411764706,1.1666666666666667,Greed,High Leverage
0xb1231a4a2dd02f2276fa3c5e2a2f3436e6bfed23,2023-12-25,-245.081348,14.987124999999999,3,0,1,1,2,59948.51,19982.836666666666,0.1947205772780106,0.2912458912304657,5.206730976592154,102667.16765666667,73,Greed,0.0,2.0,Greed,High Leverage
0xb1231a4a2dd02f2276fa3c5e2a2f3436e6bfed23,2023-12-27,-704.889227,42.852747,28,4,9,13,15,171411.06,6121.823571428571,0.05955816722079595,0.1432489462742923,1.595103285599049,102848.567172,73,Greed,0.3076923076923077,1.1538461538461537,Greed,High Leverage
0xb1231a4a2dd02f2276fa3c5e2a2f3436e6bfed23,2023-12-28,-970.730876,25.0293,23,0,13,13,10,100117.25,4352.923913043478,0.04297249356694776,0.08812514430845336,1.1341985202030314,101341.15765004347,73,Greed,0.0,0.7692307692307693,Greed,High Leverage
0xb1231a4a2dd02f2276fa3c5e2a2f3436e6bfed23,2023-12-29,508.922143,142.389901,50,15,5,20,31,569559.72,11391.1944,0.11253311409157872,0.3109575774113561,2.9680913542069556,101111.71520308,65,Greed,0.75,1.631578947368421,Greed,High Leverage
0xb1231a4a2dd02f2276fa3c5e2a2f3436e6bfed23,2023-12-30,354.99864799999995,175.637526,52,23,10,33,20,702550.21,13510.58096153846,0.13323630201547634,0.4995763272698434,3.5203190406666574,101415.68406721155,68,Greed,0.696969696969697,0.625,Greed,High Leverage
0xb1231a4a2dd02f2276fa3c5e2a2f3436e6bfed23,2024-01-01,-129.53146000000004,66.059867,18,1,5,6,10,264239.53,14679.97388888889,0.14497297134914688,0.4954802970039925,3.8250162405792114,101278.89795249999,65,Greed,0.16666666666666666,1.25,Greed,High Leverage
0xb1231a4a2dd02f2276fa3c5e2a2f3436e6bfed23,2024-01-02,783.979116,30.337176,17,8,1,9,9,121348.74,7138.1611764705885,0.0706849184709072,0.5081087390466065,1.8599203673337452,101105.08161429412,71,Greed,0.8888888888888888,1.125,Greed,High Leverage
0xb1231a4a2dd02f2276fa3c5e2a2f3436e6bfed23,2024-01-03,866.015507,98.624811,67,28,7,35,32,394499.36,5888.050149253731,0.05762356169126378,0.49047695178121814,1.5341912469808234,102107.95999464179,70,Greed,0.8,0.9142857142857143,Greed,High Leverage
0xb1231a4a2dd02f2276fa3c5e2a2f3436e6bfed23,2024-01-04,-67.60363999999998,24.948132,5,0,3,3,2,99792.54,19958.507999999998,0.19457887352098063,0.4771068222123877,5.200391895486425,102581.7755564,68,Greed,0.0,0.6666666666666666,Greed,High Leverage
0xb1231a4a2dd02f2276fa3c5e2a2f3436e6bfed23,2024-01-05,164.14156500000007,425.985639,66,13,10,23,31,1703942.66,25817.31303030303,0.2518183949126532,0.9672603161823236,6.726963029802827,102539.70253950001,72,Greed,0.5652173913043478,0.8857142857142857,Greed,High Leverage
0xb1231a4a2dd02f2276fa3c5e2a2f3436e6bfed23,2024-01-06,135.58166400000002,74.630342,22,10,2,12,11,298521.4,13569.154545454547,0.13271882347606978,0.4891299675882172,3.5355809826458273,102239.43731563636,70,Greed,0.8333333333333334,1.0,Greed,High Leverage
0xb1231a4a2dd02f2276fa3c5e2a2f3436e6bfed23,2024-01-07,-835.681235,262.212464,97,9,28,37,52,1048850.06,10812.887216494846,0.10629240168181801,0.49995394714569374,2.8174075460685017,101752.11836978351,71,Greed,0.24324324324324326,1.1555555555555554,Greed,High Leverage
0xb1231a4a2dd02f2276fa3c5e2a2f3436e6bfed23,2024-01-08,-269.874439,380.613064,128,32,35,67,40,1522452.43,11894.159609375,0.11794105105756392,0.5043810210874629,3.0991440460487194,100924.07712782032,71,Greed,0.47761194029850745,0.45454545454545453,Greed,High Leverage
0xb1231a4a2dd02f2276fa3c5e2a2f3436e6bfed23,2024-01-09,-826.3498629999999,204.012928,70,18,10,28,28,870051.97,12429.313857142857,0.12388712831456246,0.5021904322188915,3.2385839186547827,100514.22790622858,76,Extreme Greed,0.6428571428571429,0.6666666666666666,Greed,High Leverage
0xb1231a4a2dd02f2276fa3c5e2a2f3436e6bfed23,2024-01-10,-1517.091342,434.044865,193,41,42,83,92,2057479.48,10660.515440414507,0.10896112595759506,0.5168048465223636,2.777705532800323,97675.65525508809,73,Greed,0.4939759036144578,0.9108910891089109,Greed,High Leverage
0xb1231a4a2dd02f2276fa3c5e2a2f3436e6bfed23,2024-01-11,-164.08950099999998,64.795045,19,5,4,9,11,259180.23,13641.064736842105,0.13976503192360148,0.399050939417728,3.554317913106498,97607.852724,76,Extreme Greed,0.5555555555555556,1.375,Greed,High Leverage
0xb1231a4a2dd02f2276fa3c5e2a2f3436e6bfed23,2024-01-12,-1925.519024,49.480726999999995,7,0,2,2,5,200082.27000000002,28583.18142857143,0.29533152264133117,0.5134114868921785,7.447638122466918,96712.17384085714,71,Greed,0.0,2.5,Greed,High Leverage
0xb1231a4a2dd02f2276fa3c5e2a2f3436e6bfed23,2024-01-15,0.0,12.501555,5,0,0,0,5,50006.24,10001.248,0.10485126560840377,0.4983557123678298,2.6059267077453794,95384.8858742,52,Neutral,0.5,1.0,Neutral,High Leverage
0xb1231a4a2dd02f2276fa3c5e2a2f3436e6bfed23,2024-01-16,939.6285419999999,13.236312,3,3,0,3,0,52945.25,17648.416666666668,0.18348825793808932,0.526992180851549,4.598474144535298,96222.60204000001,64,Greed,1.0,0.0,Greed,High Leverage
0xb1231a4a2dd02f2276fa3c5e2a2f3436e6bfed23,2024-01-17,813.2741110000001,159.707606,53,11,8,19,31,800831.03,15110.019433962265,0.15638286564975978,1.003234164996451,3.9370689735435,96607.13499069812,60,Greed,0.5789473684210527,1.4090909090909092,Greed,High Leverage
0xb1231a4a2dd02f2276fa3c5e2a2f3436e6bfed23,2024-01-18,68.93319,92.657901,46,3,6,9,18,424631.53,9231.120217391304,0.09517779959185928,0.9561448919882414,2.4052620949813797,96958.30455528261,63,Greed,0.3333333333333333,0.6428571428571429,Greed,High Leverage
0xb1231a4a2dd02f2276fa3c5e2a2f3436e6bfed23,2024-01-19,-385.215235,92.685441,39,5,18,23,27,426902.16,10946.209230769231,0.11333873219512014,0.644171472987202,2.8521459504884334,96600.64319048719,51,Neutral,0.21739130434782608,2.25,Neutral,High Leverage
0xb1231a4a2dd02f2276fa3c5e2a2f3436e6bfed23,2024-01-20,-146.57487000000003,267.522583,106,15,17,32,60,1070090.51,10095.193490566038,0.10500755219512714,1.0707645654158495,2.630405159128475,96111.01974821699,52,Neutral,0.46875,1.3043478260869565,Neutral,High Leverage
0xb1231a4a2dd02f2276fa3c5e2a2f3436e6bfed23,2024-01-21,266.581146,25.78243,11,3,2,5,3,103129.74,9375.43090909091,0.09731559775900732,0.5190530749560299,2.4428637108710376,96326.12102436363,56,Greed,0.6,0.375,Neutral,High Leverage
0xb1231a4a2dd02f2276fa3c5e2a2f3436e6bfed23,2024-01-22,209.392171,63.358518,37,9,6,15,23,283856.41,7671.794864864864,0.07962234774205257,0.7078852001942695,1.9989640427569846,96375.57824302702,55,Greed,0.6,1.6428571428571428,Neutral,High Leverage
0xb1231a4a2dd02f2276fa3c5e2a2f3436e6bfed23,2024-01-23,-369.24472999999983,85.72457,45,11,9,20,33,414518.93,9211.531777777778,0.09566472635786351,0.7620928390773551,2.4001581281612445,95978.41738317779,50,Neutral,0.55,2.75,Neutral,High Leverage
0xb1231a4a2dd02f2276fa3c5e2a2f3436e6bfed23,2024-01-24,-2808.353815,227.771095,68,10,30,40,27,965084.59,14192.42044117647,0.1518069624170015,0.5379583134641766,3.6979792397122067,93606.20163588236,48,Neutral,0.25,0.6585365853658537,Neutral,High Leverage
0xb1231a4a2dd02f2276fa3c5e2a2f3436e6bfed23,2024-01-25,-3093.6293849999997,16.641532,6,0,6,6,0,66566.13,11094.355000000001,0.12189101105201995,0.22939374788780967,2.8907468347658702,90966.5700855,52,Neutral,0.0,0.0,Neutral,High Leverage
0xb1231a4a2dd02f2276fa3c5e2a2f3436e6bfed23,2024-01-26,0.0,0.629351,3,0,0,0,3,2517.41,839.1366666666667,0.009340996670626775,0.017911408859756835,0.21864557814335758,89833.67661899999,49,Neutral,0.5,1.0,Neutral,High Leverage
0xb1231a4a2dd02f2276fa3c5e2a2f3436e6bfed23,2024-01-29,484.847102,103.034807,72,44,0,44,20,412139.32,5724.157222222222,0.06359207210267576,0.556509449919857,1.4914872808595978,90048.19968316666,55,Greed,1.0,0.38461538461538464,Neutral,High Leverage
0xb1231a4a2dd02f2276fa3c5e2a2f3436e6bfed23,2024-01-30,-173.65419100000003,100.25281,49,5,14,19,28,401011.38,8183.905714285715,0.0908553257797918,0.5557953307195815,2.132399723967166,90082.003729,61,Greed,0.2631578947368421,1.3333333333333333,Greed,High Leverage
0xb1231a4a2dd02f2276fa3c5e2a2f3436e6bfed23,2024-01-31,-799.840817,1549.411475,859,231,205,436,470,6305647.13,7340.683504074505,0.08245458776192999,1.067606788276388,1.9126896159732956,89092.84337400584,60,Greed,0.5298165137614679,1.2082262210796915,Greed,High Leverage
0xb1231a4a2dd02f2276fa3c5e2a2f3436e6bfed23,2024-02-01,0.0,0.5020439999999999,6,0,0,0,6,2008.18,334.69666666666666,0.0038210901128738015,0.005708872400322221,0.087208614630896,87591.97878466667,63,Greed,0.5,1.0,Greed,High Leverage
0xb1231a4a2dd02f2276fa3c5e2a2f3436e6bfed23,2024-02-02,456.423473,91.569636,42,13,8,21,19,474278.43,11292.343571428572,0.12888635656493935,0.5708178184176074,2.9423347672033087,87648.77820140476,63,Greed,0.6190476190476191,0.8260869565217391,Greed,High Leverage
0xb1231a4a2dd02f2276fa3c5e2a2f3436e6bfed23,2024-02-03,223.309187,109.66234899999999,56,6,6,12,18,603820.0,10782.5,0.12247017899856301,0.5674880844674147,2.8094898482933885,88017.09555030357,60,Greed,0.5,0.47368421052631576,Greed,High Leverage
0xb1231a4a2dd02f2276fa3c5e2a2f3436e6bfed23,2024-02-04,47.623895,50.52688,35,9,19,28,19,203187.53,5805.358,0.06589611634437734,0.46901164040804977,1.5126449679303324,88077.96504677142,60,Greed,0.32142857142857145,1.1875,Greed,High Leverage
0xb1231a4a2dd02f2276fa3c5e2a2f3436e6bfed23,2024-02-05,-33.454194000000015,165.549465,72,14,18,32,33,770198.26,10697.198055555556,0.12167752174222166,0.5691460664332986,2.7872635606090523,87939.16456263889,60,Greed,0.4375,0.8461538461538461,Greed,High Leverage
0xb1231a4a2dd02f2276fa3c5e2a2f3436e6bfed23,2024-02-06,-215.61590699999996,988.606997,1088,179,344,523,518,8047153.41,7396.280707720588,0.08477175949849405,0.588168070731125,1.9271760318543225,87221.74042765626,64,Greed,0.3422562141491396,0.9087719298245615,Greed,High Leverage
0xb1231a4a2dd02f2276fa3c5e2a2f3436e6bfed23,2024-02-07,241.24212,0.339693,15,2,0,2,7,6758.73,450.582,0.005189337074186501,0.01838778535247587,0.1174037147993259,86855.34962533334,62,Greed,1.0,0.875,Greed,High Leverage
0xb1231a4a2dd02f2276fa3c5e2a2f3436e6bfed23,2024-02-08,770.756024,3.002887,10,4,0,4,2,26051.12,2605.112,0.029754073576613034,0.07321037472718116,0.6787883809568547,87533.07742190002,66,Greed,1.0,0.25,Greed,High Leverage
0xb1231a4a2dd02f2276fa3c5e2a2f3436e6bfed23,2024-02-11,983.4431759999999,24.955292,34,7,0,7,23,212311.82,6244.465294117647,0.07044984692007811,0.5619054116663132,1.6270588316108432,88489.02281255883,71,Greed,1.0,2.090909090909091,Greed,High Leverage
0xb1231a4a2dd02f2276fa3c5e2a2f3436e6bfed23,2024-02-12,913.8817869999998,27.111911,16,6,9,15,11,227247.69999999998,14202.981249999999,0.1579048958822772,0.5522847058915306,3.7007309656736695,89657.077460625,70,Greed,0.4,2.2,Greed,High Leverage
0xb1231a4a2dd02f2276fa3c5e2a2f3436e6bfed23,2024-02-13,559.44389,-0.039992,14,14,0,14,0,1999.99,142.85642857142858,0.0015905062857428074,0.005325192396610188,0.03722269286667083,89801.51840735716,79,Extreme Greed,1.0,0.0,Greed,High Leverage
0xb1231a4a2dd02f2276fa3c5e2a2f3436e6bfed23,2024-02-14,191.296664,12.175298,23,4,0,4,7,102701.18,4465.268695652174,0.04953082251300667,0.4215442245829299,1.1634710939334145,90191.97140969566,74,Greed,1.0,0.4375,Greed,High Leverage
0xb1231a4a2dd02f2276fa3c5e2a2f3436e6bfed23,2024-02-15,816.0903969999999,27.187538,11,8,3,11,3,108750.16,9886.378181818181,0.11089509533056438,0.4765803213741845,2.5759962103600675,89791.49754254545,72,Greed,0.7272727272727273,0.375,Greed,High Leverage
0xb1231a4a2dd02f2276fa3c5e2a2f3436e6bfed23,2024-02-16,0.0,24.985659,12,0,0,0,10,100752.64,8396.053333333333,0.09223429470878886,0.438554784904314,2.187676940016681,91033.67086058333,72,Greed,0.5,5.0,Greed,High Leverage
0xb1231a4a2dd02f2276fa3c5e2a2f3436e6bfed23,2024-02-17,259.62944200000004,50.737215,30,7,4,11,25,203758.88,6791.962666666667,0.07456645145115764,0.5479776803228719,1.7697148306967485,91018.09595940002,76,Extreme Greed,0.6363636363636364,5.0,Greed,High Leverage
0xb1231a4a2dd02f2276fa3c5e2a2f3436e6bfed23,2024-02-19,-8.05898,12.500769,6,1,2,3,3,50003.09,8333.848333333333,0.09136134329119727,0.168755081851909,2.1714687957075607,91217.636214,75,Extreme Greed,0.3333333333333333,1.0,Greed,High Leverage
0xb1231a4a2dd02f2276fa3c5e2a2f3436e6bfed23,2024-02-20,210.315294,0.427573,4,4,0,4,0,1710.3,427.575,0.004679785425901596,0.013056612305531864,0.11140900736230425,91384.16147250001,72,Greed,1.0,0.0,Greed,High Leverage
0xb1231a4a2dd02f2276fa3c5e2a2f3436e6bfed23,2024-02-21,0.0,2.501399,1,0,0,0,1,10005.6,10005.6,0.10945099548403431,0.10945099548403431,2.6070606655306587,91416.253966,78,Extreme Greed,0.5,1.0,Greed,High Leverage
0xb1231a4a2dd02f2276fa3c5e2a2f3436e6bfed23,2024-02-22,0.0,1.25016,2,0,0,0,2,5000.64,2500.32,0.0273512847387012,0.05091888427722722,0.6514837614175678,91415.5856495,74,Greed,0.5,1.0,Greed,High Leverage
0xb1231a4a2dd02f2276fa3c5e2a2f3436e6bfed23,2024-02-26,0.0,-0.009998,2,0,0,0,0,499.96999999999997,249.98499999999999,0.0027346164612963974,0.0051374493144740975,0.06513612981457201,91415.009108,72,Greed,0.5,0.0,Greed,High Leverage
0xb1231a4a2dd02f2276fa3c5e2a2f3436e6bfed23,2024-02-27,576.38114,0.374085,8,7,0,7,0,2576.32,322.04,0.003513845899357224,0.010938791557578395,0.08391079162943685,91684.72134425,79,Extreme Greed,1.0,0.0,Greed,High Leverage
0xb1231a4a2dd02f2276fa3c5e2a2f3436e6bfed23,2024-02-29,1320.804256,6.2067689999999995,7,3,0,3,0,24827.09,3546.727142857143,0.0381518379634939,0.16236263498152823,0.9241357665220271,93052.73561285714,80,Extreme Greed,1.0,0.0,Greed,High Leverage
0xb1231a4a2dd02f2276fa3c5e2a2f3436e6bfed23,2024-03-02,-1443.814567,0.735937,7,0,7,7,7,2943.77,420.5385714285714,0.004549722458722178,0.0077108236073857635,0.10957559445809185,92400.85356857143,80,Extreme Greed,0.0,1.0,Greed,High Leverage
0xb1231a4a2dd02f2276fa3c5e2a2f3436e6bfed23,2024-03-04,1026.004099,0.9441700000000001,13,13,0,13,0,3776.71,290.5161538461538,0.003142209360102458,0.009302649780255207,0.0756969334566204,92410.26813423078,82,Extreme Greed,1.0,0.0,Greed,High Leverage
0xb1231a4a2dd02f2276fa3c5e2a2f3436e6bfed23,2024-03-15,388.830831,26.568427,19,8,0,8,6,75909.83,3995.254210526316,0.04297473701475811,0.21400320203736473,1.0410040478391005,93034.85891521053,83,Extreme Greed,1.0,0.46153846153846156,Greed,High Leverage
0xb1231a4a2dd02f2276fa3c5e2a2f3436e6bfed23,2024-03-16,0.0,0.999999,2,0,0,0,0,10000.0,5000.0,0.0536207566073861,0.09760058681344644,1.3028007643373005,93247.8452255,81,Extreme Greed,0.5,0.0,Greed,High Leverage
0xb1231a4a2dd02f2276fa3c5e2a2f3436e6bfed23,2024-03-17,0.0,2.6259129999999997,2,0,0,0,2,7502.61,3751.305,0.040230478953988444,0.05364537129281883,0.9774406042524673,93245.63964000001,79,Extreme Greed,0.5,1.0,Greed,High Leverage
0xb1231a4a2dd02f2276fa3c5e2a2f3436e6bfed23,2024-03-18,212.3193,1.825065,1,1,0,1,0,5214.47,5214.47,0.055796432258668385,0.055796432258668385,1.3586831003227846,93455.25849800001,77,Extreme Greed,1.0,0.0,Greed,High Leverage
0xb1231a4a2dd02f2276fa3c5e2a2f3436e6bfed23,2024-03-19,-174.00152,5.439754,10,0,2,2,8,29828.420000000002,2982.842,0.03196054527899565,0.10683246156084278,0.7772097674994803,93380.727856,79,Extreme Greed,0.0,4.0,Greed,High Leverage
0xb1231a4a2dd02f2276fa3c5e2a2f3436e6bfed23,2024-03-20,3829.986976,23.095237,10,4,0,4,6,71343.41,7134.341,0.07418489446712374,0.1637765506469439,1.8589249815685878,96098.56216090001,74,Greed,1.0,1.5,Greed,High Leverage
0xb1231a4a2dd02f2276fa3c5e2a2f3436e6bfed23,2024-03-21,238.326075,3.58512,4,1,0,1,3,10243.210000000001,2560.8025000000002,0.026345146286875325,0.05385221257252303,0.667243090863374,97140.35495174999,78,Extreme Greed,1.0,3.0,Greed,High Leverage
0xb1231a4a2dd02f2276fa3c5e2a2f3436e6bfed23,2024-04-02,0.0,1.4999850000000001,4,0,0,0,4,14999.89,3749.9725,0.038533856743804745,0.09953144492295324,0.9770934078487714,97316.33310500001,79,Extreme Greed,0.5,1.0,Greed,High Leverage
0xb1231a4a2dd02f2276fa3c5e2a2f3436e6bfed23,2024-04-03,0.0,0.999965,2,0,0,0,2,9999.66,4999.83,0.051377819355317614,0.1025954388640497,1.302756469111313,97315.4491715,71,Greed,0.5,1.0,Greed,High Leverage
0xb1231a4a2dd02f2276fa3c5e2a2f3436e6bfed23,2024-04-05,965.552216,9.087776999999999,8,8,0,8,0,25965.08,3245.635,0.03313348419203206,0.10119799394371609,0.845683151751979,97766.2571165,79,Extreme Greed,1.0,0.0,Greed,High Leverage
0xb1231a4a2dd02f2276fa3c5e2a2f3436e6bfed23,2024-04-12,-2830.444513,10.614658,15,0,15,15,15,30327.6,2021.84,0.020927612923397492,0.09840568047988217,0.5268109394735455,96558.12456699999,79,Extreme Greed,0.0,1.0,Greed,High Leverage
0xb1231a4a2dd02f2276fa3c5e2a2f3436e6bfed23,2024-04-26,0.0,1.745898,3,0,0,0,0,4988.29,1662.7633333333333,0.017424122349887158,0.045204994614751574,0.43324986831574086,95429.115994,70,Greed,0.5,0.0,Greed,High Leverage
0xb1231a4a2dd02f2276fa3c5e2a2f3436e6bfed23,2024-04-28,0.0,5.945152,50,0,0,0,0,16986.19,339.7238,0.0035600944268045203,0.013844041337595737,0.08851848526071443,95425.38318284001,65,Greed,0.5,0.0,Greed,High Leverage
0xb1231a4a2dd02f2276fa3c5e2a2f3436e6bfed23,2024-04-29,0.0,1.478329,14,0,0,0,0,4223.82,301.70142857142855,0.003161765490435918,0.010255027364259154,0.07861137034890252,95422.04572750001,67,Greed,0.5,0.0,Greed,High Leverage
0xb1231a4a2dd02f2276fa3c5e2a2f3436e6bfed23,2024-05-03,0.0,1.742594,6,0,0,0,0,4978.85,829.8083333333334,0.008696376145814498,0.02134516720682513,0.2162149861840256,95420.29054816667,48,Neutral,0.5,0.0,Neutral,High Leverage
0xb1231a4a2dd02f2276fa3c5e2a2f3436e6bfed23,2024-05-04,0.0,1.749792,3,0,0,0,0,4999.41,1666.47,0.017464897257022608,0.02316069399300309,0.43421567794903626,95418.33398733335,67,Greed,0.5,0.0,Greed,High Leverage
0xb1231a4a2dd02f2276fa3c5e2a2f3436e6bfed23,2024-05-07,227.320653,3.419052,7,2,0,2,2,9768.73,1395.532857142857,0.014613117335187189,0.039137093098831836,0.36362025458870617,95464.58475271429,68,Greed,1.0,0.4,Greed,High Leverage
0xb1231a4a2dd02f2276fa3c5e2a2f3436e6bfed23,2024-05-09,0.0,1.7414379999999998,3,0,0,0,0,4975.54,1658.5133333333333,0.01734123278927936,0.05138463900397089,0.4321424876660542,95640.43537199999,55,Greed,0.5,0.0,Neutral,High Leverage
0xb1231a4a2dd02f2276fa3c5e2a2f3436e6bfed23,2024-05-12,0.0,3.561207,13,0,0,0,7,10174.92,782.6861538461538,0.00818385404596373,0.02269449849003099,0.20393682389339823,95638.0368376923,56,Greed,0.5,1.1666666666666667,Neutral,High Leverage
0xb1231a4a2dd02f2276fa3c5e2a2f3436e6bfed23,2024-05-13,0.0,1.7411830000000001,3,0,0,0,0,4974.81,1658.2700000000002,0.017339628817090082,0.047571293843364115,0.4320790846955231,95635.09128033333,57,Greed,0.5,0.0,Neutral,High Leverage
0xb1231a4a2dd02f2276fa3c5e2a2f3436e6bfed23,2024-05-16,0.0,1.3440250000000002,3,0,0,0,0,3840.0699999999997,1280.0233333333333,0.013384688624204678,0.03310265021749602,0.3335230754072491,95633.72542866667,70,Greed,0.5,0.0,Greed,High Leverage
0xb1231a4a2dd02f2276fa3c5e2a2f3436e6bfed23,2024-05-20,-74.81844199999999,1.792472,3,0,3,3,0,5121.35,1707.1166666666668,0.017859849299243988,0.031238947138601997,0.44480657962925557,95585.55116333334,70,Greed,0.0,0.0,Greed,High Leverage
0xb1231a4a2dd02f2276fa3c5e2a2f3436e6bfed23,2024-05-21,1272.0883559999997,216.587183,72,7,11,18,18,618820.65,8594.73125,0.08938082123640871,0.7216718542191368,2.2394444883547364,96330.07886590279,76,Extreme Greed,0.3888888888888889,0.3333333333333333,Greed,High Leverage
0xb1231a4a2dd02f2276fa3c5e2a2f3436e6bfed23,2024-05-23,0.0,25.913452,19,0,0,0,3,74038.46,3896.7610526315793,0.04034052509403867,0.25878812162177234,1.0153406555616489,96603.93802294736,76,Extreme Greed,0.5,0.1875,Greed,High Leverage
0xb1231a4a2dd02f2276fa3c5e2a2f3436e6bfed23,2024-05-24,821.949278,17.784165,2,2,0,2,0,50811.899999999994,25405.949999999997,0.2612992394284256,0.3732120136822035,6.619778215743047,97277.61386750001,74,Greed,1.0,0.0,Greed,High Leverage
0xb1231a4a2dd02f2276fa3c5e2a2f3436e6bfed23,2024-05-25,0.0,8.752501,2,0,0,0,2,25007.149999999998,12503.574999999999,0.12839760551131504,0.25421671912020966,3.257933413389752,97385.9289425,76,Extreme Greed,0.5,1.0,Greed,High Leverage
0xb1231a4a2dd02f2276fa3c5e2a2f3436e6bfed23,2024-05-26,773.4582,17.767204999999997,9,2,0,2,0,50763.45,5640.383333333333,0.057641434364142964,0.25088448431215504,1.4696591435644075,97704.40280888889,75,Extreme Greed,1.0,0.0,Greed,High Leverage
0xb1231a4a2dd02f2276fa3c5e2a2f3436e6bfed23,2024-06-07,0.0,0.20394,14,0,0,0,14,1086.13,77.5807142857143,0.0007905333764653069,0.0009799547671003116,0.020214442773852457,98137.18336228572,77,Extreme Greed,0.5,1.0,Greed,High Leverage
0xb1231a4a2dd02f2276fa3c5e2a2f3436e6bfed23,2024-06-09,0.0,0.16579,12,0,0,0,12,1410.26,117.52166666666666,0.0011975266751223727,0.0015296995586144336,0.030621463431905357,98136.991178,75,Extreme Greed,0.5,1.0,Greed,High Leverage
0xb1231a4a2dd02f2276fa3c5e2a2f3436e6bfed23,2024-06-11,4269.550668,26.744072,75,8,0,8,75,78468.0,1046.24,0.01046977686419124,0.22470254578245694,0.27260845433605146,98413.37467689333,74,Greed,1.0,1.0,Greed,High Leverage
0xb1231a4a2dd02f2276fa3c5e2a2f3436e6bfed23,2024-06-12,0.0,0.22859,37,0,0,0,37,1520.97,41.1072972972973,0.00040151842304639464,0.0011465174145190036,0.010710923667751912,102379.6140100811,72,Greed,0.5,1.0,Greed,High Leverage
0xb1231a4a2dd02f2276fa3c5e2a2f3436e6bfed23,2024-06-13,6634.160155,33.39573,78,19,0,19,75,132565.25,1699.554487179487,0.016347784281557223,0.48396815058657133,0.4428361769860649,108156.021118359,70,Greed,1.0,25.0,Greed,High Leverage
0xb1231a4a2dd02f2276fa3c5e2a2f3436e6bfed23,2024-06-14,10258.592609,4.657957000000001,15,15,0,15,15,41879.7,2791.98,0.024147804727326094,0.16885357548587898,0.7274787356028912,112312.70307033337,74,Greed,1.0,1.0,Greed,High Leverage
0xb1231a4a2dd02f2276fa3c5e2a2f3436e6bfed23,2024-06-15,1285.52444,44.18839,40,9,0,9,0,126252.62000000001,3156.3155,0.02623895300950958,0.16666854422650573,0.8224100491779337,120384.87620932504,74,Greed,1.0,0.0,Greed,High Leverage
0xb1231a4a2dd02f2276fa3c5e2a2f3436e6bfed23,2024-06-16,0.0,8.832277000000001,11,0,0,0,0,25235.079999999998,2294.0981818181817,0.019042812681121703,0.03524949817699513,0.5977505729475077,120470.35315100005,71,Greed,0.5,0.0,Greed,High Leverage
0xb1231a4a2dd02f2276fa3c5e2a2f3436e6bfed23,2024-06-17,9330.743339,40.560975,24,21,0,21,24,115888.54000000001,4828.689166666667,0.038235362376765454,0.17603248297991428,1.258163987416115,125930.2874129167,71,Greed,1.0,1.0,Greed,High Leverage
0xb1231a4a2dd02f2276fa3c5e2a2f3436e6bfed23,2024-06-18,282.57636,45.110881,18,4,0,4,14,200316.57,11128.698333333334,0.08560600386372734,0.38460581818400363,2.8996953389491815,129991.70146838891,74,Greed,1.0,3.5,Greed,High Leverage
0xb1231a4a2dd02f2276fa3c5e2a2f3436e6bfed23,2024-06-19,2833.6833,65.094424,41,14,0,14,0,203841.21,4971.736829268292,0.03778282861876737,0.2860626719809144,1.2954365082509278,130726.81130760978,64,Greed,1.0,0.0,Greed,High Leverage
0xb1231a4a2dd02f2276fa3c5e2a2f3436e6bfed23,2024-06-20,0.0,2.9699769999999996,27,0,0,0,0,8485.69,314.2848148148148,0.0023672979238933945,0.026181636637138635,0.08189009939206952,132762.41940385188,60,Greed,0.5,0.0,Greed,High Leverage
0xb1231a4a2dd02f2276fa3c5e2a2f3436e6bfed23,2024-06-21,0.0,35.301404,69,0,0,0,57,102048.20999999999,1478.9595652173912,0.011141813867722531,0.20938259441718207,0.3853579303978358,132752.82038831885,63,Greed,0.5,4.75,Greed,High Leverage
0xb1231a4a2dd02f2276fa3c5e2a2f3436e6bfed23,2024-06-22,756.876565,34.23331,21,8,0,8,1,151594.06,7218.764761904762,0.05415134148544794,0.5620179010586497,1.8809224498761392,133309.72505914286,53,Neutral,1.0,0.05,Neutral,High Leverage
0xb1231a4a2dd02f2276fa3c5e2a2f3436e6bfed23,2024-06-23,0.0,0.17921199999999998,5,0,0,0,0,1792.12,358.424,0.0026858862634256027,0.0029880739031673694,0.09339101223136652,133447.2058366,55,Greed,0.5,0.0,Neutral,High Leverage
0xb1231a4a2dd02f2276fa3c5e2a2f3436e6bfed23,2024-06-24,0.0,15.348434,10,0,0,0,4,150995.43,15099.543,0.11315972411928046,0.5620524943526055,3.934339232308787,133442.39496420004,51,Neutral,0.5,0.6666666666666666,Neutral,High Leverage
0xb1231a4a2dd02f2276fa3c5e2a2f3436e6bfed23,2024-06-25,4869.353105,36.084651,49,11,0,11,11,103099.08,2104.062857142857,0.015336086928247818,0.06504286929852254,0.5482349396998877,137701.5972259592,30,Fear,1.0,0.2894736842105263,Fear,High Leverage
0xb1231a4a2dd02f2276fa3c5e2a2f3436e6bfed23,2024-06-26,0.0,0.08612,41,0,0,0,41,995.8199999999999,24.288292682926826,0.00017566480106687745,0.0011249414501750907,0.006328561254353027,138264.98646487808,46,Neutral,0.5,1.0,Neutral,High Leverage
0xb1231a4a2dd02f2276fa3c5e2a2f3436e6bfed23,2024-06-27,0.0,3.5594840000000003,18,0,0,0,12,10496.87,583.1594444444445,0.004217761812178013,0.026078071735453488,0.15194811399054753,138264.18610833338,40,Fear,0.5,2.0,Fear,High Leverage
0xb1231a4a2dd02f2276fa3c5e2a2f3436e6bfed23,2024-06-29,4307.587820000001,382.059402,58,11,0,11,19,56564.14,975.2437931034483,0.006928516692879973,0.06069219426320012,0.2541096718140761,142197.7307606552,30,Fear,1.0,0.48717948717948717,Fear,High Leverage
0xb1231a4a2dd02f2276fa3c5e2a2f3436e6bfed23,2024-06-30,0.0,6.557923999999999,11,0,0,0,2,521.4200000000001,47.401818181818186,0.0003333829263923355,0.0017469963075636688,0.012351024991650094,142183.93675336367,47,Neutral,0.5,0.2222222222222222,Neutral,High Leverage
0xb1231a4a2dd02f2276fa3c5e2a2f3436e6bfed23,2024-07-01,3863.351096,391.302835,51,17,0,17,4,265469.6,5205.286274509804,0.03619900674060716,0.31523480329952824,1.3562901874051665,143698.49662880396,53,Neutral,1.0,0.0851063829787234,Neutral,High Leverage
0xb1231a4a2dd02f2276fa3c5e2a2f3436e6bfed23,2024-07-02,2421.253116,11.458730000000001,18,13,0,13,13,33347.47,1852.6372222222224,0.012594671678127495,0.05771931471622854,0.48272343783016886,147047.92566611114,51,Neutral,1.0,2.6,Neutral,High Leverage
0xb1231a4a2dd02f2276fa3c5e2a2f3436e6bfed23,2024-07-03,0.0,26.27066,8,0,0,0,8,75720.58,9465.0725,0.06393755615537003,0.5066406674490732,2.4662207375015925,148058.922752,50,Neutral,0.5,1.0,Neutral,High Leverage
0xb1231a4a2dd02f2276fa3c5e2a2f3436e6bfed23,2024-07-04,0.0,23.766878,11,0,0,0,11,175545.79,15958.708181818183,0.10781547885055408,0.506713913225657,4.158203443421732,148023.1259010909,44,Fear,0.5,1.0,Neutral,High Leverage
0xb1231a4a2dd02f2276fa3c5e2a2f3436e6bfed23,2024-07-05,0.0,0.52617,12,0,0,0,12,1991.15,165.92916666666667,0.0011210511740151854,0.0024525017821736073,0.04323452903183694,148012.00189983335,29,Fear,0.5,1.0,Fear,High Leverage
0xb1231a4a2dd02f2276fa3c5e2a2f3436e6bfed23,2024-07-06,108.87217799999999,344.35416,24,7,0,7,17,2490.17,103.75708333333334,0.0007021653301955655,0.0037326471601838015,0.027034961494415127,147802.88974629168,26,Fear,1.0,2.4285714285714284,Fear,High Leverage
0xb1231a4a2dd02f2276fa3c5e2a2f3436e6bfed23,2024-07-07,61.428942,0.049874999999999996,10,10,0,10,0,498.75,49.875,0.00033742378516870577,0.0006747786432120746,0.012995437624264573,147807.1541602,29,Fear,1.0,0.0,Fear,High Leverage
0xb1231a4a2dd02f2276fa3c5e2a2f3436e6bfed23,2024-07-08,0.0,0.0156,1,0,0,0,1,497.64,497.64,0.003366127588211685,0.003366127588211685,0.12966515447296284,147837.53347400003,28,Fear,0.5,1.0,Fear,High Leverage
0xb1231a4a2dd02f2276fa3c5e2a2f3436e6bfed23,2024-07-09,648.984412,0.39756800000000003,15,15,0,15,0,2736.45,182.42999999999998,0.001231310980058974,0.0033605834601330713,0.047533988687610745,148113.4075204,27,Fear,1.0,0.0,Fear,High Leverage
0xb1231a4a2dd02f2276fa3c5e2a2f3436e6bfed23,2024-07-10,382.107881,5.594077,13,5,0,5,0,15983.1,1229.4692307692308,0.008268128971087786,0.020458342223883947,0.3203506907150694,148691.42082576925,28,Fear,1.0,0.0,Fear,High Leverage
0xb1231a4a2dd02f2276fa3c5e2a2f3436e6bfed23,2024-07-12,1412.314654,4.751704999999999,9,9,0,9,9,13576.32,1508.48,0.010077849333179666,0.021667569907169296,0.3930497793975062,149664.53010822224,25,Fear,1.0,1.0,Fear,High Leverage
0xb1231a4a2dd02f2276fa3c5e2a2f3436e6bfed23,2024-07-13,234.778463,0.174715,4,4,0,4,0,499.18,124.795,0.0008295698132481776,0.0017903083392273032,0.03251660427709468,150368.90002675002,25,Fear,1.0,0.0,Fear,High Leverage
0xb1231a4a2dd02f2276fa3c5e2a2f3436e6bfed23,2024-07-17,0.0,3.496731,7,0,0,0,0,9990.67,1427.2385714285715,0.009483152533255443,0.030045301619533733,0.37188150034976397,150502.77615485716,69,Greed,0.5,0.0,Greed,High Leverage
0xb1231a4a2dd02f2276fa3c5e2a2f3436e6bfed23,2024-07-24,0.0,33.55578,35,0,0,0,33,5957.84,170.22400000000002,0.0011311746981055343,0.004462378138405534,0.04435359146171053,150483.87938400003,69,Greed,0.5,16.5,Greed,High Leverage
0xb1231a4a2dd02f2276fa3c5e2a2f3436e6bfed23,2024-07-25,916.7382600000001,42.402789,12,10,0,10,12,9173.93,764.4941666666667,0.005064379441602043,0.01370511057742582,0.1991967169329482,150784.70336925003,68,Greed,1.0,1.0,Greed,High Leverage
0xb1231a4a2dd02f2276fa3c5e2a2f3436e6bfed23,2024-07-26,2425.262989,109.178455,30,29,0,29,1,252476.63,8415.887666666667,0.055152099869484446,0.26318396846449443,2.192844976942039,152861.4722103667,68,Greed,1.0,0.034482758620689655,Greed,High Leverage
0xb1231a4a2dd02f2276fa3c5e2a2f3436e6bfed23,2024-07-29,112.946925,105.084462,24,11,0,11,13,300241.35,12510.05625,0.08142788176541008,0.31680524414606714,3.2596221688805245,153629.9644612917,74,Greed,1.0,1.1818181818181819,Greed,High Leverage
0xb1231a4a2dd02f2276fa3c5e2a2f3436e6bfed23,2024-08-01,0.0,40.646786999999996,9,0,0,0,9,35064.43,3896.047777777778,0.02536021050968518,0.14645534935760102,1.0151548045567058,153639.99254344447,52,Neutral,0.5,1.0,Neutral,High Leverage
0xb1231a4a2dd02f2276fa3c5e2a2f3436e6bfed23,2024-08-02,554.12049,31.513529,12,5,0,5,7,70586.13,5882.177500000001,0.03817617808753422,0.11320513559846035,1.5326610685935342,154098.93819208335,57,Greed,1.0,1.4,Neutral,High Leverage
0xb1231a4a2dd02f2276fa3c5e2a2f3436e6bfed23,2024-08-03,0.0,15.721086,6,0,0,0,6,25012.14,4168.69,0.02704568782407299,0.07235972974794587,1.0861945036570522,154135.673374,37,Fear,0.5,1.0,Fear,High Leverage
0xb1231a4a2dd02f2276fa3c5e2a2f3436e6bfed23,2024-08-04,0.0,69.208735,27,0,0,0,26,135069.22,5002.563703703704,0.032466376944927475,0.14496523913010245,1.3034687633662443,154085.1564965926,34,Fear,0.5,26.0,Fear,High Leverage
0xb1231a4a2dd02f2276fa3c5e2a2f3436e6bfed23,2024-08-05,-8394.889856,77.275266,44,26,3,29,14,146567.12,3331.070909090909,0.021806136794767336,0.13370342968843693,0.8679443452850766,153865.41637013637,26,Fear,0.896551724137931,0.4666666666666667,Fear,High Leverage
0xb1231a4a2dd02f2276fa3c5e2a2f3436e6bfed23,2024-08-06,51.56325,61.73168,80,5,0,5,75,60707.38,758.8422499999999,0.005212752762538643,0.12590943729928783,0.19772405266228738,145550.95791332502,17,Extreme Fear,1.0,15.0,Fear,High Leverage
0xb1231a4a2dd02f2276fa3c5e2a2f3436e6bfed23,2024-08-07,188.789255,3.538542,21,10,0,10,11,1992.73,94.89190476190477,0.0006515143657301421,0.0013303434827685626,0.02472504921064637,145633.7306399524,29,Fear,1.0,1.1,Fear,High Leverage
0xb1231a4a2dd02f2276fa3c5e2a2f3436e6bfed23,2024-08-08,0.0,6.48725,5,0,0,0,5,15840.07,3168.014,0.02173417436729872,0.07074978675383484,0.8254582121262537,145762.12590000004,20,Extreme Fear,0.5,1.0,Fear,High Leverage
0xb1231a4a2dd02f2276fa3c5e2a2f3436e6bfed23,2024-08-09,6783.078347,123.61698521,60,17,14,31,31,326830.3,5447.171666666666,0.03592136446843699,0.2615354902308166,1.419315882161964,152150.28629404405,48,Neutral,0.5483870967741935,1.0689655172413792,Neutral,High Leverage
0xb1231a4a2dd02f2276fa3c5e2a2f3436e6bfed23,2024-08-10,0.0,50.0831879,87,0,0,0,87,11338.61,130.32885057471265,0.000855196983803414,0.006145565364458906,0.033958505228787496,152396.62019925995,40,Fear,0.5,1.0,Fear,High Leverage
0xb1231a4a2dd02f2276fa3c5e2a2f3436e6bfed23,2024-08-11,0.0,26.63734,16,0,0,0,16,3390.36,211.8975,0.0013907993012154103,0.0032814798837264656,0.055212044992232624,152355.8618457651,39,Fear,0.5,1.0,Fear,High Leverage
0xb1231a4a2dd02f2276fa3c5e2a2f3436e6bfed23,2024-08-12,0.0,20.622761,31,0,0,0,23,10026.31,323.4293548387097,0.0021232813676342597,0.010456929888622787,0.08427280213859818,152330.2325571804,25,Fear,0.5,2.875,Fear,High Leverage
0xb1231a4a2dd02f2276fa3c5e2a2f3436e6bfed23,2024-08-13,212.08102,13.557843,17,8,0,8,16,8297.1,488.06470588235294,0.003201275519108863,0.013629882844461282,0.12717021437391784,152485.6391099489,31,Fear,1.0,16.0,Fear,High Leverage
0xb1231a4a2dd02f2276fa3c5e2a2f3436e6bfed23,2024-08-14,0.0,23.85989,15,0,0,0,15,2043.16,136.21066666666667,0.0008931418793281987,0.0010650132694386234,0.035491072128845315,152507.17446122345,30,Fear,0.5,1.0,Fear,High Leverage
0xb1231a4a2dd02f2276fa3c5e2a2f3436e6bfed23,2024-08-15,0.0,16.50261,12,0,0,0,12,1522.37,126.86416666666666,0.0008319661881148963,0.00114069938797032,0.0330557466600696,152488.5016123901,29,Fear,0.5,1.0,Fear,High Leverage
0xb1231a4a2dd02f2276fa3c5e2a2f3436e6bfed23,2024-08-16,825.230544,76.812895,33,3,0,3,30,153882.71,4663.112424242424,0.030537997190249865,0.2623983997751853,1.2150212860987584,152506.72786834466,27,Fear,1.0,10.0,Fear,High Leverage
0xb1231a4a2dd02f2276fa3c5e2a2f3436e6bfed23,2024-08-19,339.69958299999996,35.110258,8,5,0,5,3,100315.03,12539.37875,0.08178226283965297,0.19074493652206792,3.2672624439629807,153317.5122615151,28,Fear,1.0,0.6,Fear,High Leverage
0xb1231a4a2dd02f2276fa3c5e2a2f3436e6bfed23,2024-08-24,0.0,6.999857,5,0,0,0,0,19999.600000000002,3999.9200000000005,0.026053488316625673,0.0980424593597911,1.042219766657611,153527.65487569012,56,Greed,0.5,0.0,Neutral,High Leverage
0xb1231a4a2dd02f2276fa3c5e2a2f3436e6bfed23,2024-08-25,0.0,21.054886,13,0,0,0,8,6953.95,534.9192307692308,0.0034845575916400144,0.013019376004051193,0.13937863654097493,153515.09204458242,54,Neutral,0.5,1.6,Neutral,High Leverage
0xb1231a4a2dd02f2276fa3c5e2a2f3436e6bfed23,2024-08-26,0.0,0.0107,1,0,0,0,1,347.75,347.75,0.002265402781501961,0.002265402781501961,0.09060979315965925,153504.7113208901,55,Greed,0.5,1.0,Neutral,High Leverage
0xb1231a4a2dd02f2276fa3c5e2a2f3436e6bfed23,2024-08-27,0.0,29.30174,43,0,0,0,42,5244.97,121.97604651162791,0.0007946974313640361,0.003293100223247857,0.03178209732523819,153487.30358228547,48,Neutral,0.5,42.0,Neutral,High Leverage
0xb1231a4a2dd02f2276fa3c5e2a2f3436e6bfed23,2024-08-28,1333.359645,8.282928,2,2,0,2,2,23665.510000000002,11832.755000000001,0.07660298418171171,0.07737721170300521,3.0831444516432027,154465.20184489014,30,Fear,1.0,1.0,Fear,High Leverage
0xb1231a4a2dd02f2276fa3c5e2a2f3436e6bfed23,2024-08-29,0.0,3.498547,1,0,0,0,0,9995.85,9995.85,0.06457393096102106,0.06457393096102106,2.604520204040201,154796.9877508901,29,Fear,0.5,0.0,Fear,High Leverage
0xb1231a4a2dd02f2276fa3c5e2a2f3436e6bfed23,2024-08-30,256.464,3.408784,1,1,0,1,1,9739.38,9739.38,0.06281442954569047,0.06281442954569047,2.537694341634283,155050.04296689012,34,Fear,1.0,1.0,Fear,High Leverage
0xb1231a4a2dd02f2276fa3c5e2a2f3436e6bfed23,2024-08-31,0.0,35.000048,9,0,0,0,4,100000.14,11111.126666666667,0.07167077485902491,0.12218212010872531,2.895116862796379,155030.01394133456,29,Fear,0.5,0.8,Fear,High Leverage
0xb1231a4a2dd02f2276fa3c5e2a2f3436e6bfed23,2024-09-04,1065.785132,51.318484999999995,33,5,3,8,30,96475.99,2923.5148484848487,0.018789863851267016,0.23722045194972022,0.7617514758315015,155930.80831113254,27,Fear,0.625,10.0,Fear,High Leverage
0xb1231a4a2dd02f2276fa3c5e2a2f3436e6bfed23,2024-09-06,-1104.856765,1.419742,38,0,38,38,0,4056.43,106.74815789473683,0.0006866650830890599,0.003702544400930549,0.027814316339372397,155427.37448389013,22,Extreme Fear,0.0,0.0,Fear,High Leverage
0xb1231a4a2dd02f2276fa3c5e2a2f3436e6bfed23,2024-09-09,0.0,34.9079,2,0,0,0,2,4014.4300000000003,2007.2150000000001,0.012958483112855744,0.017806700389914422,0.523000247237859,154900.3166338901,26,Fear,0.5,1.0,Fear,High Leverage
0xb1231a4a2dd02f2276fa3c5e2a2f3436e6bfed23,2024-09-10,0.0,6.66721,1,0,0,0,1,766.74,766.74,0.004950489361710081,0.004950489361710081,0.19978189160959636,154881.6579488901,33,Fear,0.5,1.0,Fear,High Leverage
0xb1231a4a2dd02f2276fa3c5e2a2f3436e6bfed23,2024-09-14,0.0,30.38133,10,0,0,0,10,1014.1500000000001,101.415,0.0006548765511243977,0.0036901615185724094,0.026424707903053467,154869.4452698901,50,Neutral,0.5,1.0,Neutral,High Leverage
0xb1231a4a2dd02f2276fa3c5e2a2f3436e6bfed23,2024-09-18,-878.684794,31.732943,145,0,134,134,11,13633.5,94.02413793103449,0.000609069044192654,0.0029240786048984847,0.0244989437525415,154387.78898624872,45,Neutral,0.0,0.08208955223880597,Neutral,High Leverage
0xb1231a4a2dd02f2276fa3c5e2a2f3436e6bfed23,2024-09-19,0.0,28.60766,19,0,0,0,19,1521.8700000000001,80.09842105263158,0.0005203780343862655,0.0014475968726505905,0.02087045683391587,153922.85611399534,49,Neutral,0.5,1.0,Neutral,High Leverage
0xb1231a4a2dd02f2276fa3c5e2a2f3436e6bfed23,2024-09-24,0.0,12.37924,9,0,0,0,9,1005.06,111.67333333333333,0.0007256007524289913,0.003111166286008367,0.029097620804552162,153905.12578744566,54,Neutral,0.5,1.0,Neutral,High Leverage
0xb1231a4a2dd02f2276fa3c5e2a2f3436e6bfed23,2024-10-04,0.0,0.0,1,0,0,0,0,0.34,0.34,2.2092286083253466e-06,2.2092286083253466e-06,8.859045197493643e-05,153899.8719818901,41,Fear,0.5,0.0,Neutral,High Leverage
0xb1231a4a2dd02f2276fa3c5e2a2f3436e6bfed23,2024-10-08,0.0,0.0,1,0,0,0,0,0.58,0.58,3.768684096555002e-06,3.768684096555002e-06,0.00015112488866312685,153899.8719818901,49,Neutral,0.5,0.0,Neutral,High Leverage
0xb1231a4a2dd02f2276fa3c5e2a2f3436e6bfed23,2024-12-04,274999.139393,27.499921,44,44,0,44,0,274999.35,6249.985227272727,0.02241364902626622,0.13959238401754848,1.628497106237549,273974.46034839004,78,Extreme Greed,1.0,0.0,Greed,High Leverage
0xb1231a4a2dd02f2276fa3c5e2a2f3436e6bfed23,2024-12-05,49999.876084999996,4.999989,4,4,0,4,0,49999.92,12499.98,0.027059000294370198,0.05220658757845143,3.256996699640194,454648.8870586401,84,Extreme Greed,1.0,0.0,Greed,High Leverage
0xb1231a4a2dd02f2276fa3c5e2a2f3436e6bfed23,2024-12-06,74999.848329,7.499981,25,25,0,25,0,74999.89,2999.9956,0.005709613646680229,0.049616463141971816,0.7816793121377077,518545.1834888501,72,Greed,1.0,0.0,Greed,High Leverage
0xb1231a4a2dd02f2276fa3c5e2a2f3436e6bfed23,2024-12-07,74999.62263,9.249149,5,3,0,3,0,79997.34999999999,15999.469999999998,0.026458249491010936,0.04318848597939027,4.168824348998341,613852.0633080902,75,Extreme Greed,1.0,0.0,Greed,High Leverage
0xb1231a4a2dd02f2276fa3c5e2a2f3436e6bfed23,2024-12-08,0.0,177.533199,145,0,0,0,0,517950.24,3572.0706206896552,0.0056811262553724245,0.015908940641011084,0.9307392669802595,628770.8584731453,79,Extreme Greed,0.5,0.0,Greed,High Leverage
0xb1231a4a2dd02f2276fa3c5e2a2f3436e6bfed23,2024-12-11,274998.942584,27.499848,156,156,0,156,0,274999.12,1762.8148717948718,0.0022995283871247024,0.0355140237025906,0.4593193124719039,731437.9687556847,74,Greed,1.0,0.0,Greed,High Leverage
0xb1231a4a2dd02f2276fa3c5e2a2f3436e6bfed23,2024-12-12,449328.107544,82.264982,314,314,0,314,0,449328.49,1430.9824522292993,0.001275687832159722,0.03884520250892223,0.37285700650351916,1192862.0374049023,83,Extreme Greed,1.0,0.0,Greed,High Leverage
0xb1231a4a2dd02f2276fa3c5e2a2f3436e6bfed23,2024-12-14,100273.248286,35.095629,50,50,0,50,0,100273.33,2005.4666,0.0014278225122915714,0.007207835742109,0.5225446838665855,1412780.0986799307,83,Extreme Greed,1.0,0.0,Greed,High Leverage
0xb1231a4a2dd02f2276fa3c5e2a2f3436e6bfed23,2024-12-15,49955.768945,17.484518,26,26,0,26,0,49955.77,1921.375769230769,0.001298646881447202,0.003385180533322798,0.500633964146603,1480289.166085313,80,Extreme Greed,1.0,0.0,Greed,High Leverage
0xb1231a4a2dd02f2276fa3c5e2a2f3436e6bfed23,2024-12-17,50346.757308,22.621409,38,30,0,30,0,100346.89,2640.7076315789473,0.0017124324098096598,0.014901949970845197,0.688063184162479,1537897.1016493374,87,Extreme Greed,1.0,0.0,Greed,High Leverage
0xb1231a4a2dd02f2276fa3c5e2a2f3436e6bfed23,2024-12-18,2222.47801,16.722106,18,18,0,18,18,47777.47,2654.303888888889,0.001707309158982419,0.009772223118811022,0.6916058270455827,1554282.6393442238,81,Extreme Greed,1.0,1.0,Greed,High Leverage
0xb1231a4a2dd02f2276fa3c5e2a2f3436e6bfed23,2024-12-20,0.0,34.941861,43,0,0,0,0,99833.96,2321.7200000000003,0.0014925154932785734,0.022958563490818804,0.6049477181154395,1555577.6579524253,74,Greed,0.5,0.0,Greed,High Leverage
0xb1231a4a2dd02f2276fa3c5e2a2f3436e6bfed23,2024-12-21,0.0,34.911783,62,0,0,0,0,99748.06999999999,1608.8398387096772,0.0010342630852041297,0.006390677557909531,0.41919955431345335,1555540.111382713,73,Greed,0.5,0.0,Greed,High Leverage
0xb1231a4a2dd02f2276fa3c5e2a2f3436e6bfed23,2024-12-23,20549.813184000002,73.90245,63,44,0,44,44,229006.97,3635.03126984127,0.00231427666278512,0.06522484321742192,0.9471443033478388,1566508.671751668,70,Greed,1.0,2.3157894736842106,Greed,High Leverage
0xb1231a4a2dd02f2276fa3c5e2a2f3436e6bfed23,2024-12-24,0.0,7.499985,7,0,0,0,0,74999.87,10714.267142857143,0.006798407829404869,0.018941598408784233,2.7917110846056623,1575997.667314176,73,Greed,0.5,0.0,Greed,High Leverage
0xb1231a4a2dd02f2276fa3c5e2a2f3436e6bfed23,2024-12-26,10371.049075,40.111361,61,61,0,61,61,114603.96,1878.7534426229508,0.0011880073020571638,0.011419231071420859,0.48952828421010297,1580686.584350103,79,Extreme Greed,1.0,1.0,Greed,High Leverage
0xb1231a4a2dd02f2276fa3c5e2a2f3436e6bfed23,2024-12-30,0.0,28.890047999999997,25,0,0,0,0,82543.01000000001,3301.7204,0.0020813866995643628,0.016285427798213917,0.8602967721496115,1586310.0628803698,65,Greed,0.5,0.0,Greed,High Leverage
0xb1231a4a2dd02f2276fa3c5e2a2f3436e6bfed23,2025-01-02,0.0,3.28644,6,0,0,0,6,9999.68,1666.6133333333335,0.0010506336950182958,0.003151824471059093,0.4342530249042806,1586294.3453708896,70,Greed,0.5,1.0,Greed,High Leverage
0xb1231a4a2dd02f2276fa3c5e2a2f3436e6bfed23,2025-01-03,0.0,12.955070000000001,18,0,0,0,18,10040.31,557.795,0.0003516365244093295,0.004350889115726182,0.1453391504687049,1586285.065749223,74,Greed,0.5,1.0,Greed,High Leverage
0xb1231a4a2dd02f2276fa3c5e2a2f3436e6bfed23,2025-01-04,1659.7995640000001,20.675533,19,13,0,13,6,32206.48,1695.0778947368422,0.0010675840200014505,0.011883445568494888,0.441669755374884,1587615.3029699952,73,Greed,1.0,0.46153846153846156,Greed,High Leverage
0xb1231a4a2dd02f2276fa3c5e2a2f3436e6bfed23,2025-01-05,956.5545050000001,3.8369910000000003,33,32,0,32,0,10963.06,332.21393939393937,0.00020913970497942396,0.0027090740641011147,0.08656171483318596,1588565.0700169508,72,Greed,1.0,0.0,Greed,High Leverage
0xb1231a4a2dd02f2276fa3c5e2a2f3436e6bfed23,2025-01-06,281.450748,16.545263,85,28,0,28,57,20211.98,237.78799999999998,0.00014965169412004494,0.0025272384303437908,0.0619580776300476,1588916.963099761,76,Extreme Greed,1.0,2.0357142857142856,Greed,High Leverage
0xb1231a4a2dd02f2276fa3c5e2a2f3436e6bfed23,2025-01-08,0.0,21.35509,16,0,0,0,16,15118.500000000002,944.9062500000001,0.0005946099636924493,0.0071657780708052525,0.2462049169454185,1589122.3104096404,70,Greed,0.5,1.0,Greed,High Leverage
0xb1231a4a2dd02f2276fa3c5e2a2f3436e6bfed23,2025-01-15,5383.278555,1.89087,11,11,0,11,0,5402.5,491.1363636363636,0.0003084908150303064,0.00045078949053991776,0.12797056598785936,1592038.1437797996,70,Greed,1.0,0.0,Greed,High Leverage
0xb1231a4a2dd02f2276fa3c5e2a2f3436e6bfed23,2025-01-16,897.284184,28.725399999999997,23,11,0,11,11,32044.07,1393.2204347826087,0.0008733073141895773,0.009682712379941564,0.36301772946502575,1595013.337705847,75,Extreme Greed,1.0,0.9166666666666666,Greed,High Leverage
0xb1231a4a2dd02f2276fa3c5e2a2f3436e6bfed23,2025-01-18,7393.785411,67.348119,101,39,0,39,39,192423.33,1905.1814851485146,0.0011928358143983575,0.013745619112603998,0.49641437901055163,1596869.690477435,77,Extreme Greed,1.0,0.6290322580645161,Greed,High Leverage
0xb1231a4a2dd02f2276fa3c5e2a2f3436e6bfed23,2025-01-19,3867.854339,6.62721,3,3,0,3,0,18934.890000000003,6311.630000000001,0.003929603789742602,0.010500013222049197,1.6445592776428468,1605138.5954988906,77,Extreme Greed,1.0,0.0,Greed,High Leverage
0xb1231a4a2dd02f2276fa3c5e2a2f3436e6bfed23,2025-01-20,0.0,53.76152,23,0,0,0,23,30145.64,1310.68,0.0008158533597446569,0.008985991765844569,0.34151098116032264,1606521.0675476298,76,Extreme Greed,0.5,1.0,Greed,High Leverage
0xb1231a4a2dd02f2276fa3c5e2a2f3436e6bfed23,2025-01-21,2997.363771,29.083934,52,22,0,22,0,83097.17,1598.0225,0.0009930664401988669,0.013419191422580228,0.41638098688564074,1608709.2215279872,76,Extreme Greed,1.0,0.0,Greed,High Leverage
0xb1231a4a2dd02f2276fa3c5e2a2f3436e6bfed23,2025-01-22,0.0,69.901926,111,0,0,0,0,199719.96,1799.2789189189189,0.0011179599149517612,0.021730929846843286,0.46882039016471183,1609431.6635005216,84,Extreme Greed,0.5,0.0,Greed,High Leverage
0xb1231a4a2dd02f2276fa3c5e2a2f3436e6bfed23,2025-01-23,25224.994585,78.556575,90,90,0,90,90,224447.49,2493.861,0.0015366834211448376,0.02757693738979735,0.6498008033901969,1620922.5453782356,75,Extreme Greed,1.0,1.0,Greed,High Leverage
0xb1231a4a2dd02f2276fa3c5e2a2f3436e6bfed23,2025-01-25,0.0,25.928919999999998,15,0,0,0,15,15073.09,1004.8726666666666,0.0006147817341576221,0.008590675501786858,0.26182977563899895,1634528.1565108919,75,Extreme Greed,0.5,1.0,Greed,High Leverage
0xb1231a4a2dd02f2276fa3c5e2a2f3436e6bfed23,2025-01-27,0.0,45.30869,13,0,0,0,13,45035.7,3464.2846153846153,0.002119497793840922,0.00917720620153561,0.9026545289610055,1634500.0336407376,71,Greed,0.5,1.0,Greed,High Leverage
0xb1231a4a2dd02f2276fa3c5e2a2f3436e6bfed23,2025-01-29,0.0,1.12784054,40,0,0,0,40,12210.24,305.256,0.00018676124313499306,0.0007404346896593828,0.07953755002370941,1634471.8313723847,72,Greed,0.5,1.0,Greed,High Leverage
0xb1231a4a2dd02f2276fa3c5e2a2f3436e6bfed23,2025-01-30,2503.8204370000003,189.881964,336,3,0,3,0,542520.25,1614.6436011904761,0.0009874123688484021,0.014117907459652369,0.4207117835526567,1635199.979931182,70,Greed,1.0,0.0,Greed,High Leverage
0xb1231a4a2dd02f2276fa3c5e2a2f3436e6bfed23,2025-01-31,0.0,28.733186,58,0,0,0,0,99951.94,1723.3093103448277,0.001052873454802888,0.015274019533822354,0.44902573734136547,1636771.7661432654,76,Extreme Greed,0.5,0.0,Greed,High Leverage
0xb1231a4a2dd02f2276fa3c5e2a2f3436e6bfed23,2025-02-01,15452.344326,13.485088,11,3,0,3,11,15404.29,1400.39,0.0008514951155760598,0.004186980775467417,0.3648858324740624,1638996.8402590791,68,Greed,1.0,1.0,Greed,High Leverage
0xb1231a4a2dd02f2276fa3c5e2a2f3436e6bfed23,2025-02-02,69051.70619,107.46372169,88,71,0,71,88,575314.52,6537.665,0.003880245773953038,0.056497234785134465,1.7034549917962436,1664392.6569418015,60,Greed,1.0,1.0,Greed,High Leverage
0xb1231a4a2dd02f2276fa3c5e2a2f3436e6bfed23,2025-02-03,46742.288748,153.00027305,258,89,0,89,127,343928.37,1333.0556976744185,0.0007564117194616961,0.009115472529013343,0.34734119636688515,1759254.8275109401,44,Fear,1.0,0.9694656488549618,Neutral,High Leverage
0xb1231a4a2dd02f2276fa3c5e2a2f3436e6bfed23,2025-02-04,16102.444634,482.879833,661,238,20,258,258,1623702.15,2456.432904689864,0.0013838121045588233,0.047676056408498146,0.6400485331546499,1774804.0346836343,72,Greed,0.9224806201550387,0.6401985111662531,Greed,High Leverage
0xb1231a4a2dd02f2276fa3c5e2a2f3436e6bfed23,2025-02-05,14644.100674,121.71671,218,92,0,92,92,514427.44,2359.758899082569,0.00131431194085864,0.02403437757636084,0.6148591394753035,1794711.9495493632,54,Neutral,1.0,0.7301587301587301,Neutral,High Leverage
0xb1231a4a2dd02f2276fa3c5e2a2f3436e6bfed23,2025-02-06,51100.947505,228.81037800000001,419,355,0,355,355,677553.7,1617.0732696897373,0.0008873106823379205,0.012894434575163845,0.42134485834824154,1821630.7190451412,49,Neutral,1.0,5.546875,Neutral,High Leverage
0xb1231a4a2dd02f2276fa3c5e2a2f3436e6bfed23,2025-02-07,1831.952962,82.65716616,143,48,0,48,105,153505.59,1073.4656643356643,0.0005805375170959837,0.00482279653783667,0.2797023775972703,1849003.8464010456,44,Fear,1.0,2.763157894736842,Neutral,High Leverage
0xb1231a4a2dd02f2276fa3c5e2a2f3436e6bfed23,2025-02-09,115791.92916,85.58612486,67,12,0,12,34,177368.06,2647.2844776119405,0.0013874682343402466,0.03158469222631261,0.6897768481702214,1862944.474560367,46,Neutral,1.0,1.0303030303030303,Neutral,High Leverage
0xb1231a4a2dd02f2276fa3c5e2a2f3436e6bfed23,2025-02-10,0.0,11.662733,17,0,0,0,0,33322.12,1960.124705882353,0.000996914264315968,0.005110682167391132,0.5107303930039911,1966192.368288649,43,Fear,0.5,0.0,Neutral,High Leverage
0xb1231a4a2dd02f2276fa3c5e2a2f3436e6bfed23,2025-02-11,0.0,96.787301,121,0,0,0,0,276535.25,2285.4152892561983,0.0011623898657168992,0.025768805269819887,0.5954881571342255,1966130.2730337388,47,Neutral,0.5,0.0,Neutral,High Leverage
0xb1231a4a2dd02f2276fa3c5e2a2f3436e6bfed23,2025-02-12,8664.933786,155.38698,243,76,0,76,102,412695.06,1698.3335802469135,0.0008608045499028349,0.028851380370660734,0.4425180572890766,1973138.149561754,46,Neutral,1.0,0.723404255319149,Neutral,High Leverage
0xb1231a4a2dd02f2276fa3c5e2a2f3436e6bfed23,2025-02-13,0.0,70.792085,168,0,0,0,0,291528.56,1735.2890476190476,0.0008788219250600365,0.016880980156564508,0.4521471795168483,1974562.5776736785,50,Neutral,0.5,0.0,Neutral,High Leverage
0xb1231a4a2dd02f2276fa3c5e2a2f3436e6bfed23,2025-02-14,0.0,46.627826,165,0,0,0,0,266536.1,1615.370303030303,0.0008181166223836943,0.01688169903061379,0.4209011330951311,1974503.825006359,48,Neutral,0.5,0.0,Neutral,High Leverage
0xb1231a4a2dd02f2276fa3c5e2a2f3436e6bfed23,2025-02-18,73677.45355600001,170.298756,264,264,0,264,264,700853.59,2654.748446969697,0.0013224479768999954,0.04949031107607269,0.6917216611670766,2004355.875599059,47,Neutral,1.0,1.0,Neutral,High Leverage
0xb1231a4a2dd02f2276fa3c5e2a2f3436e6bfed23,2025-02-19,3350.2187750000003,68.739105,85,26,0,26,26,196397.61,2310.5601176470586,0.0011277115181276252,0.01127900731823957,0.6020398974635742,2048553.1546255425,44,Fear,1.0,0.4406779661016949,Neutral,High Leverage
0xb1231a4a2dd02f2276fa3c5e2a2f3436e6bfed23,2025-02-20,0.0,122.19722378,279,0,0,0,39,405151.94,1452.1574910394265,0.0007079537890086226,0.010181886439569495,0.37837437785286027,2051207.9434319658,49,Neutral,0.5,0.1625,Neutral,High Leverage
0xb1231a4a2dd02f2276fa3c5e2a2f3436e6bfed23,2025-02-21,3056.4491550000002,71.798779,58,31,0,31,31,276572.26,4768.487241379311,0.0023225487252636146,0.02542490713065798,1.2424777645603262,2052107.5265134475,55,Greed,1.0,1.1481481481481481,Neutral,High Leverage
0xb1231a4a2dd02f2276fa3c5e2a2f3436e6bfed23,2025-02-22,5628.488702,70.000452,127,93,0,93,93,200001.43,1574.8144094488189,0.0007653451871805181,0.0026803751594483647,0.4103338832638631,2057641.2207308644,49,Neutral,1.0,2.735294117647059,Neutral,High Leverage
0xb1231a4a2dd02f2276fa3c5e2a2f3436e6bfed23,2025-02-23,8934.09502,70.174004,88,88,0,88,88,200497.32,2278.3786363636364,0.0011037185175727957,0.009139286661177304,0.5936546857808643,2063952.8945867529,50,Neutral,1.0,1.0,Neutral,High Leverage
0xb1231a4a2dd02f2276fa3c5e2a2f3436e6bfed23,2025-02-24,10841.97075,112.19299013,208,126,0,126,208,231266.55,1111.8584134615385,0.0005359834768831349,0.005616826161963878,0.2897059981785101,2075978.3197790256,49,Neutral,1.0,1.0,Neutral,High Leverage
0xb1231a4a2dd02f2276fa3c5e2a2f3436e6bfed23,2025-02-25,0.0,279.06802658,71,0,0,0,71,100678.56,1418.0078873239436,0.0006820227313706384,0.0045622273101638515,0.36947635188839084,2079140.8343037758,25,Fear,0.5,1.0,Fear,High Leverage
0xb1231a4a2dd02f2276fa3c5e2a2f3436e6bfed23,2025-02-26,0.0,0.72798394,26,0,0,0,26,1738.75,66.875,3.216681325202198e-05,3.338133342872967e-05,0.017424960223011394,2079006.071089213,21,Extreme Fear,0.5,1.0,Fear,High Leverage
0xb1231a4a2dd02f2276fa3c5e2a2f3436e6bfed23,2025-02-27,0.0,56.2519,10,0,0,0,10,15083.57,1508.357,0.0007255311015996388,0.003160682882081154,0.39301773049870353,2078988.1817121587,10,Extreme Fear,0.5,1.0,Fear,High Leverage
0xb1231a4a2dd02f2276fa3c5e2a2f3436e6bfed23,2025-03-04,0.0,89.575457,77,0,0,0,77,136289.6,1769.9948051948052,0.0008514131370052307,0.007506544031344735,0.46119011701616874,2078891.577752055,15,Extreme Fear,0.5,1.0,Fear,High Leverage
0xb1231a4a2dd02f2276fa3c5e2a2f3436e6bfed23,2025-03-05,4647.056049,62.970283,89,57,0,57,32,179915.21,2021.519213483146,0.0009710109922022674,0.009822162229359542,0.5267273552896763,2082061.9455478336,20,Extreme Fear,1.0,0.5614035087719298,Fear,High Leverage
0xb1231a4a2dd02f2276fa3c5e2a2f3436e6bfed23,2025-03-06,698.0369519999999,44.022608,66,29,0,29,37,125778.95999999999,1905.741818181818,0.000914461654391805,0.009595773999142843,0.4965603794713659,2083920.0575860378,25,Fear,1.0,1.2758620689655173,Fear,High Leverage
0xb1231a4a2dd02f2276fa3c5e2a2f3436e6bfed23,2025-03-07,0.0,30.845155,49,0,0,0,49,141700.47,2891.8463265306123,0.0013875908069750488,0.016577004264911106,0.7534999209100193,2084086.2108174243,34,Fear,0.5,1.0,Fear,High Leverage
0xb1231a4a2dd02f2276fa3c5e2a2f3436e6bfed23,2025-03-08,2923.553302,85.609778,138,117,0,117,21,244599.56,1772.4605797101449,0.000849823226346787,0.009658966616751806,0.4618325996008223,2085657.6317973116,28,Fear,1.0,0.1794871794871795,Fear,High Leverage
0xb1231a4a2dd02f2276fa3c5e2a2f3436e6bfed23,2025-03-09,2752.480766,115.408266,296,90,0,90,206,526166.48,1777.5894594594595,0.0008511047653452485,0.02392846228193198,0.4631689812923425,2088200.0301853193,27,Fear,1.0,2.2888888888888888,Fear,High Leverage
0xb1231a4a2dd02f2276fa3c5e2a2f3436e6bfed23,2025-03-10,0.0,92.437496,61,0,0,0,61,145960.21,2392.7903278688523,0.0011451649178219811,0.02392938709039154,0.6234658136092881,2089469.3917449473,20,Extreme Fear,0.5,1.0,Fear,High Leverage
0xb1231a4a2dd02f2276fa3c5e2a2f3436e6bfed23,2025-03-11,2349.7162,171.708047,273,130,130,260,13,544166.21,1993.2828205128203,0.0009532340120316136,0.013951081707576933,0.5193700764209026,2091243.0045413722,24,Extreme Fear,0.5,0.05,Fear,High Leverage
0xb1231a4a2dd02f2276fa3c5e2a2f3436e6bfed23,2025-03-12,1215.156099,82.95930800000001,334,34,0,34,300,451312.46,1351.2349101796408,0.0006457239468773147,0.009359027416325117,0.3520779747562559,2092623.714790376,34,Fear,1.0,8.823529411764707,Fear,High Leverage
0xb1231a4a2dd02f2276fa3c5e2a2f3436e6bfed23,2025-03-13,0.0,17.50726,42,0,0,0,42,50020.82,1190.9719047619049,0.0005690940531834813,0.0038228816990114895,0.31031982156561205,2092752.1324448748,45,Neutral,0.5,1.0,Neutral,High Leverage
0xb1231a4a2dd02f2276fa3c5e2a2f3436e6bfed23,2025-03-14,22911.093812,148.038419,323,323,0,323,0,422967.35,1309.496439628483,0.0006224714622546253,0.010892900717691,0.3412025924889922,2103721.872411152,27,Fear,1.0,0.0,Fear,High Leverage
0xb1231a4a2dd02f2276fa3c5e2a2f3436e6bfed23,2025-03-17,646.346496,25.02595498,113,30,0,30,83,81148.83,718.1312389380531,0.0003394395943287597,0.003781899434550185,0.18711638539659764,2115577.2410996705,32,Fear,1.0,2.7666666666666666,Fear,High Leverage
0xb1231a4a2dd02f2276fa3c5e2a2f3436e6bfed23,2025-03-20,824.5402799999999,17.204681,30,10,0,10,10,49156.28,1638.5426666666667,0.0007742274351616578,0.0037440371259409282,0.42693892770652236,2116242.336648883,49,Neutral,1.0,0.5,Neutral,High Leverage
0xb1231a4a2dd02f2276fa3c5e2a2f3436e6bfed23,2025-03-24,0.0,26.222252,57,0,0,0,0,74920.81,1314.4001754385965,0.0006209021300752603,0.007140438733676824,0.342480310641297,2116922.023442253,45,Neutral,0.5,0.0,Neutral,High Leverage
0xb1231a4a2dd02f2276fa3c5e2a2f3436e6bfed23,2025-03-26,2597.947325,25.312857,38,38,0,38,38,72322.5,1903.2236842105262,0.000898471517580913,0.00565266600581454,0.4959042540988653,2118222.858427709,47,Neutral,1.0,1.0,Neutral,High Leverage
0xb1231a4a2dd02f2276fa3c5e2a2f3436e6bfed23,2025-04-03,0.0,4.999993,9,0,0,0,9,49999.95,5555.549999999999,0.002621188758929015,0.011793231798127957,1.4475549572628177,2119477.6495485157,25,Fear,0.5,1.0,Fear,High Leverage
0xb1231a4a2dd02f2276fa3c5e2a2f3436e6bfed23,2025-04-04,2242.086667,39.462212,99,65,0,65,34,112749.28,1138.8816161616162,0.0005370418243585841,0.00283024826958624,0.2967471680050107,2120604.6240841723,28,Fear,1.0,0.5230769230769231,Fear,High Leverage
0xb1231a4a2dd02f2276fa3c5e2a2f3436e6bfed23,2025-04-07,3601.4274,47.984597,80,38,0,38,42,137098.98,1713.7372500000001,0.0008073156985149418,0.004705138924667472,0.4465316398346607,2122573.243630457,23,Extreme Fear,1.0,1.105263157894737,Fear,High Leverage
0xb1231a4a2dd02f2276fa3c5e2a2f3436e6bfed23,2025-04-11,0.0,11.661578,20,0,0,0,0,33318.82,1665.941,0.0007838892036144586,0.003294391788747399,0.4340778416281693,2125223.7629872826,25,Fear,0.5,0.0,Fear,High Leverage
0xb1231a4a2dd02f2276fa3c5e2a2f3436e6bfed23,2025-04-12,0.0,23.313461,17,0,0,0,0,66609.9,3918.2294117647057,0.0018436935685646897,0.008841495293674333,1.0209344544991898,2125211.5754058883,43,Fear,0.5,0.0,Neutral,High Leverage
0xb1231a4a2dd02f2276fa3c5e2a2f3436e6bfed23,2025-04-13,0.0,3.333273,30,0,0,0,0,33332.85,1111.095,0.0005228203573983937,0.006952624563844939,0.28950708305027056,2125194.334789349,45,Neutral,0.5,0.0,Neutral,High Leverage
0xb1231a4a2dd02f2276fa3c5e2a2f3436e6bfed23,2025-04-15,0.0,25.657843,50,0,0,0,0,73308.2,1466.164,0.0006899012365190081,0.004705351612794017,0.3820239159687667,2125177.9785871026,38,Fear,0.5,0.0,Fear,High Leverage
0xb1231a4a2dd02f2276fa3c5e2a2f3436e6bfed23,2025-04-17,0.0,43.149709,105,0,0,0,0,123285.01,1174.1429523809522,0.0005525000400624085,0.0033874920446615706,0.3059348671606319,2125147.1758923065,30,Fear,0.5,0.0,Fear,High Leverage
0xb1231a4a2dd02f2276fa3c5e2a2f3436e6bfed23,2025-04-18,0.0,20.401142,50,0,0,0,0,58289.06,1165.7812,0.000548573572124043,0.0033207320496797085,0.30375612768201105,2125114.2047638227,33,Fear,0.5,0.0,Fear,High Leverage
0xb1231a4a2dd02f2276fa3c5e2a2f3436e6bfed23,2025-04-19,0.0,41.227535,98,0,0,0,0,141602.3,1444.9214285714284,0.0006799366767629078,0.015685500941315326,0.3764889483100402,2125083.249934836,32,Fear,0.5,0.0,Fear,High Leverage
0xb1231a4a2dd02f2276fa3c5e2a2f3436e6bfed23,2025-04-20,0.0,29.147878000000002,73,0,0,0,0,83279.77,1140.8187671232877,0.0005368438546338429,0.004333511277269471,0.2972519123557112,2125048.047867744,37,Fear,0.5,0.0,Fear,High Leverage
0xb1231a4a2dd02f2276fa3c5e2a2f3436e6bfed23,2025-04-22,0.0,28.999796999999997,73,0,0,0,0,106665.84,1461.1758904109588,0.0006876071456388098,0.004706527450243262,0.38072421337172657,2125021.4330048678,47,Neutral,0.5,0.0,Neutral,High Leverage
0xb1231a4a2dd02f2276fa3c5e2a2f3436e6bfed23,2025-04-23,0.0,12.083064,6,0,0,0,0,58332.3,9722.050000000001,0.0045750931053221274,0.01568615314825655,2.5331788341850903,2124998.8486676826,72,Greed,0.5,0.0,Greed,High Leverage
0xb1231a4a2dd02f2276fa3c5e2a2f3436e6bfed23,2025-05-01,102460.17164,65.532843,73,57,0,57,57,252734.08,3462.1106849315065,0.001576710545708969,0.009024008345368387,0.9020880893098204,2179605.965068128,53,Neutral,1.0,3.5625,Neutral,High Leverage
0xb899e522b5715391ae1d4f137653e7906c5e2115,2025-02-28,-72.202951,1.801812,7,0,5,5,2,5148.04,735.4342857142857,0.007356039366885372,0.021107255929431034,0.03267935129700834,99965.99851114287,16,Extreme Fear,0.0,0.4,Fear,High Leverage
0xb899e522b5715391ae1d4f137653e7906c5e2115,2025-03-02,34795.678173,1161.706196,155,75,0,75,80,3841996.39,24787.07348387097,0.20531016380259307,3.3809593549249986,1.1014246925100148,115264.76926865806,26,Fear,1.0,1.0666666666666667,Fear,High Leverage
0xb899e522b5715391ae1d4f137653e7906c5e2115,2025-03-03,535.4072209999999,173.36309699999998,31,14,0,14,17,523107.77,16874.44419354839,0.12626945717163446,0.6474559196769731,0.7498234722727701,133631.87660861292,33,Fear,1.0,1.2142857142857142,Fear,High Leverage
0xb899e522b5715391ae1d4f137653e7906c5e2115,2025-03-04,4578.655427,737.083879,124,63,0,63,51,2193702.34,17691.147903225807,0.13043908320224482,1.600514097355703,0.7861140667589878,135760.24655267745,15,Extreme Fear,1.0,0.6986301369863014,Fear,High Leverage
0xb899e522b5715391ae1d4f137653e7906c5e2115,2025-03-05,2036.224492,506.515125,100,38,0,38,62,1758733.42,17587.334199999998,0.12740011687736494,0.840984823287891,0.7815010584412364,137911.92826372004,20,Extreme Fear,1.0,1.631578947368421,Fear,High Leverage
0xb899e522b5715391ae1d4f137653e7906c5e2115,2025-03-06,5348.989502,975.934273,375,228,0,228,156,4886690.06,13031.173493333332,0.09257116556423547,3.212060683320611,0.5790460203895702,141064.88961881597,25,Fear,1.0,0.7123287671232876,Fear,High Leverage
0xb899e522b5715391ae1d4f137653e7906c5e2115,2025-03-07,5348.62711,3456.934429,659,303,58,361,298,12525513.26,19006.84864946889,0.1311528644720399,2.5861741871768187,0.8445778176656429,144775.9926881517,34,Fear,0.8393351800554016,0.8254847645429363,Fear,High Leverage
0xb899e522b5715391ae1d4f137653e7906c5e2115,2025-03-09,10760.578324,2050.821109,630,384,0,384,379,8745720.92,13882.096698412699,0.09180180879773417,1.5874184837989982,0.6168571734534457,150582.19568650317,27,Fear,1.0,1.5099601593625498,Fear,High Leverage
0xb899e522b5715391ae1d4f137653e7906c5e2115,2025-03-10,9163.142483,1807.040325,358,120,0,120,238,7660851.18,21399.0256424581,0.13544334563862903,2.6771360624399683,0.9508752718869791,157491.04738589108,20,Extreme Fear,1.0,1.9833333333333334,Fear,High Leverage
0xb899e522b5715391ae1d4f137653e7906c5e2115,2025-03-11,-57956.282957999996,1570.92531,466,89,234,323,166,7053227.87,15135.68212446352,0.12572145870468945,2.580980727170652,0.6725608023357141,127585.13770846564,24,Extreme Fear,0.2755417956656347,0.5533333333333333,Fear,High Leverage
0xb899e522b5715391ae1d4f137653e7906c5e2115,2025-03-12,4544.583988,1773.242091,251,146,0,146,146,7092968.81,28258.839880478085,0.27538873507577133,3.6424587829345247,1.2556941845635168,102592.13434115535,34,Fear,1.0,1.3904761904761904,Fear,High Leverage
0xb899e522b5715391ae1d4f137653e7906c5e2115,2025-03-13,3896.9493979999997,279.926336,41,23,0,23,23,1119705.4,27309.887804878046,0.2579488305466791,2.068276220515451,1.2135270748095304,106323.3963357073,45,Neutral,1.0,1.2777777777777777,Neutral,High Leverage
0xb899e522b5715391ae1d4f137653e7906c5e2115,2025-03-14,1188.74187,830.70673,82,46,0,46,46,3322827.08,40522.281463414634,0.3739183249495032,1.4948035764873329,1.800625694263104,108440.3290472317,27,Fear,1.0,1.2777777777777777,Fear,High Leverage
0xb899e522b5715391ae1d4f137653e7906c5e2115,2025-03-15,594.5722000000001,472.352706,65,37,0,37,37,1889410.94,29067.860615384616,0.2672917091541416,3.383970960204979,1.291643382630746,108766.80327227691,46,Neutral,1.0,1.3214285714285714,Neutral,High Leverage
0xb899e522b5715391ae1d4f137653e7906c5e2115,2025-03-16,-16453.702941,2288.069993,246,52,66,118,101,9152280.48,37204.39219512195,0.3901909493862917,19.185657464388616,1.6531938012044305,99076.30581379675,30,Fear,0.4406779661016949,0.696551724137931,Fear,High Leverage
0xb899e522b5715391ae1d4f137653e7906c5e2115,2025-03-17,812.52566,407.888205,51,37,0,37,37,1631552.9,31991.23333333333,0.3545408342224204,2.762612815032572,1.4215447563872736,90277.44514896076,32,Fear,1.0,2.642857142857143,Fear,High Leverage
0xb899e522b5715391ae1d4f137653e7906c5e2115,2025-03-18,1157.213435,396.393646,32,11,0,11,11,1585574.64,49549.2075,0.5460041744060395,2.7455400427041448,2.2017411886205274,90697.67577421872,34,Fear,1.0,0.5238095238095238,Fear,High Leverage
0xb899e522b5715391ae1d4f137653e7906c5e2115,2025-03-20,38.9845,1.108952,2,1,0,1,1,4435.8099999999995,2217.9049999999997,0.024263842280390288,0.024472017716505225,0.09855360029617852,91407.65814349998,49,Neutral,1.0,1.0,Neutral,High Leverage
0xb899e522b5715391ae1d4f137653e7906c5e2115,2025-03-21,829.63013,388.869295,28,14,0,14,14,1555477.21,55552.7575,0.6074042991474301,2.7334042975456803,2.468511617046507,91482.28500264282,31,Fear,1.0,1.0,Fear,High Leverage
0xb899e522b5715391ae1d4f137653e7906c5e2115,2025-03-23,907.21938,409.29105,20,6,0,6,6,1637164.23,81858.2115,0.8903403926234599,4.267911000682865,3.6374062266558056,91867.3015906,30,Fear,1.0,0.42857142857142855,Fear,High Leverage
0xb899e522b5715391ae1d4f137653e7906c5e2115,2025-03-25,-836.0510840000001,838.354684,95,22,25,47,47,3353418.9,35299.146315789476,0.3881912011555807,2.7577288312468524,1.5685333487244217,90846.57623642105,46,Neutral,0.46808510638297873,0.9791666666666666,Neutral,High Leverage
0xb899e522b5715391ae1d4f137653e7906c5e2115,2025-03-26,-774.039828,249.250515,91,0,57,57,34,997002.1799999999,10956.067912087912,0.12126368378622897,1.2555392974569632,0.4868377761111045,90386.7108400989,47,Neutral,0.0,0.5964912280701754,Neutral,High Leverage
0xb899e522b5715391ae1d4f137653e7906c5e2115,2025-03-30,685.277142,401.071407,48,24,0,24,24,1336904.74,27852.182083333333,0.31070547437717927,2.2352176781968915,1.2376241635314489,89662.01458510415,32,Fear,1.0,1.0,Fear,High Leverage
0xb899e522b5715391ae1d4f137653e7906c5e2115,2025-04-03,361.071464,204.276324,24,7,0,7,12,680921.11,28371.712916666667,0.31530753014606433,2.8315887654680187,1.2607097483918797,90010.18134408334,25,Fear,1.0,1.0,Fear,High Leverage
0xb899e522b5715391ae1d4f137653e7906c5e2115,2025-04-04,0.0,30.507488,6,0,0,0,6,101691.64,16948.606666666667,0.18813618742053642,0.6701458287363586,0.753118914923684,90083.8844345,28,Fear,0.5,1.0,Fear,High Leverage
0xb899e522b5715391ae1d4f137653e7906c5e2115,2025-04-05,611.49348,30.690936,5,5,0,5,0,102303.13,20460.626,0.2261247973856634,0.6581759038789327,0.9091770642176279,90494.3720374,30,Fear,1.0,0.0,Fear,High Leverage
0xb899e522b5715391ae1d4f137653e7906c5e2115,2025-04-06,254.093244,143.278281,25,17,0,17,8,477594.31,19103.7724,0.2106984767807225,0.8233834900950774,0.8488846678549204,90672.21489784,34,Fear,1.0,0.47058823529411764,Fear,High Leverage
0xb899e522b5715391ae1d4f137653e7906c5e2115,2025-04-07,1291.15001,801.377352,113,30,11,41,72,2671258.06,23639.45185840708,0.26023040714135787,2.7784920059805467,1.0504296124830441,90998.8385279115,23,Extreme Fear,0.7317073170731707,1.7560975609756098,Fear,High Leverage
0xb899e522b5715391ae1d4f137653e7906c5e2115,2025-04-08,936.6942779999999,1516.220713,187,77,50,127,60,5054069.34,27027.108770053474,0.29556316628228896,6.106665253495207,1.2009616619671228,91470.4768674385,24,Extreme Fear,0.6062992125984252,0.47244094488188976,Fear,High Leverage
0xb899e522b5715391ae1d4f137653e7906c5e2115,2025-04-09,6800.812401,1864.075823,222,113,0,113,109,6213586.58,27989.12873873874,0.3022761989207912,2.5080359389595213,1.2437094493929817,92690.22151816219,18,Extreme Fear,1.0,0.9646017699115044,Fear,High Leverage
0xb899e522b5715391ae1d4f137653e7906c5e2115,2025-04-10,-117.61638999999995,921.246646,116,64,2,66,50,3157534.8,27220.127586206894,0.2867532287315394,5.289771388963593,1.2095385393612519,95033.0267655345,39,Fear,0.9696969696969697,0.7575757575757576,Fear,High Leverage
0xb899e522b5715391ae1d4f137653e7906c5e2115,2025-04-11,-482.40798099999995,1549.717797,128,49,11,60,60,5165726.21,40357.236015625,0.4254396729306156,2.7013596987100583,1.7932918259990607,95068.253421,25,Fear,0.8166666666666667,0.8823529411764706,Fear,High Leverage
0xb899e522b5715391ae1d4f137653e7906c5e2115,2025-04-12,50.56792,48.937295,7,4,0,4,4,163124.33,23303.475714285712,0.25183093674000107,0.8286021908014503,1.0355003623047054,92529.99468728574,43,Fear,1.0,1.3333333333333333,Neutral,High Leverage
0xb899e522b5715391ae1d4f137653e7906c5e2115,2025-04-13,1097.533742,52.755928,20,3,0,3,3,211023.73,10551.1865,0.11353645617789203,0.46303172700633555,0.4688466895432558,92656.54869410001,45,Neutral,1.0,0.17647058823529413,Neutral,High Leverage
0xb899e522b5715391ae1d4f137653e7906c5e2115,2025-04-15,554.38798,301.437967,28,20,0,20,8,1004793.2899999999,35885.47464285714,0.3834935335812658,4.023612321814068,1.5945871100839724,93670.01169453573,38,Fear,1.0,0.4,Fear,High Leverage
0xbaaaf6571ab7d571043ff1e313a9609a10637864,2024-12-28,-0.06076,0.116262,4,0,2,2,2,346.03,86.5075,0.0008650760714305182,0.0008653009183784767,0.026945407903086818,99999.87614625001,72,Greed,0.0,1.0,Greed,Low Leverage
0xbaaaf6571ab7d571043ff1e313a9609a10637864,2025-02-19,31.42038,57.403883,121,2,0,2,119,597811.21,4940.588512396694,0.04940488571895388,0.1207431557621726,1.5388974684025527,100009.49052790082,44,Fear,1.0,59.5,Neutral,Low Leverage
0xbaaaf6571ab7d571043ff1e313a9609a10637864,2025-02-20,35262.804627,212.692347,185,185,0,185,0,633013.49,3421.6945405405404,0.029159251637510705,0.5641805090685228,1.065791464493022,113399.05415752972,49,Neutral,1.0,0.0,Neutral,Low Leverage
0xbaaaf6571ab7d571043ff1e313a9609a10637864,2025-02-24,22037.667762,843.937528,4083,1824,0,1824,2259,6720299.05,1645.9218834190547,0.01158699476263559,0.654127717604365,0.5126727338709746,141972.61302269687,49,Neutral,1.0,1.238486842105263,Neutral,Low Leverage
0xbaaaf6571ab7d571043ff1e313a9609a10637864,2025-02-25,5672.328492,1122.695336,3292,555,62,617,2675,10427674.81,3167.5804404617256,0.020296758204974633,1.3080149231683256,0.9866398524299118,155864.77956619285,25,Fear,0.899513776337115,4.3354943273906,Fear,Low Leverage
0xbaaaf6571ab7d571043ff1e313a9609a10637864,2025-02-26,23589.520054,340.639289,470,470,0,470,0,3354252.61,7136.707680851064,0.04172244734681366,3.2721526164523524,2.222945982089699,170662.44509734501,21,Extreme Fear,1.0,0.0,Fear,Low Leverage
0xbaaaf6571ab7d571043ff1e313a9609a10637864,2025-03-04,0.0,298.127396,563,0,0,0,563,3730033.45,6625.281438721137,0.036035785629867804,1.073561614216556,2.0636466299348717,183876.29171939287,15,Extreme Fear,0.5,1.0,Fear,Low Leverage
0xbaaaf6571ab7d571043ff1e313a9609a10637864,2025-03-05,229058.684298,1055.073863,983,898,0,898,85,4597959.76,4677.476866734486,0.01547464537733393,3.330560664379754,1.4569432954531478,304054.89011450903,20,Extreme Fear,1.0,0.09465478841870824,Fear,Low Leverage
0xbaaaf6571ab7d571043ff1e313a9609a10637864,2025-03-06,0.0,0.0,71,0,0,0,71,702888.43,9899.837042253523,0.024044973943380336,0.26742147822057816,3.083607170217723,411721.6789490005,25,Fear,0.5,1.0,Fear,Low Leverage
0xbaaaf6571ab7d571043ff1e313a9609a10637864,2025-03-07,87405.926823,562.216256,829,564,0,564,265,3952933.62,4768.31558504222,0.01091601308661543,0.40025446625014977,1.485237793828381,442722.6188241915,34,Fear,1.0,0.4698581560283688,Fear,Low Leverage
0xbaaaf6571ab7d571043ff1e313a9609a10637864,2025-03-09,10.184488,8.125020000000001,47,8,0,8,39,79764.76,1697.1225531914893,0.0034040339814984063,0.025065566029372658,0.5286207491520717,498561.3094101927,27,Fear,1.0,4.875,Fear,Low Leverage
0xbaaaf6571ab7d571043ff1e313a9609a10637864,2025-03-10,5832.316116,68.75383,667,208,0,208,459,3357137.76,5033.190044977511,0.009995792317395861,0.4100838793715483,1.5677410492231878,502819.28704503435,20,Extreme Fear,1.0,2.206730769230769,Fear,Low Leverage
0xbaaaf6571ab7d571043ff1e313a9609a10637864,2025-03-11,1058.58,54.409836,1651,77,0,77,1574,3610499.47,2186.8561296184134,0.0043281636728276585,0.30486852224066024,0.6811632568035585,505320.34340891073,24,Extreme Fear,1.0,20.441558441558442,Fear,Low Leverage
0xbaaaf6571ab7d571043ff1e313a9609a10637864,2025-03-12,289639.089112,1227.517252,2617,1708,0,1708,909,8161190.8,3118.5291555215895,0.004387857805591815,0.5297666027635638,0.9713613288234906,709106.2535096623,34,Fear,1.0,0.5322014051522248,Fear,Low Leverage
0xbaaaf6571ab7d571043ff1e313a9609a10637864,2025-03-13,66.447417,0.0,1,1,0,1,0,22791.99,22791.99,0.028712031973751165,0.028712031973751165,7.099262693674834,793813.2007110006,45,Neutral,1.0,0.0,Neutral,Low Leverage
0xbaaaf6571ab7d571043ff1e313a9609a10637864,2025-03-14,16591.266757,3.228229,1662,1478,0,1478,184,3557085.63,2140.244061371841,0.0026779924010040227,0.16022345174257366,0.666644501873519,801856.3024646854,27,Fear,1.0,0.12449255751014884,Fear,Low Leverage
0xbaaaf6571ab7d571043ff1e313a9609a10637864,2025-03-27,18422.612928,131.101463,147,29,0,29,118,786814.29,5352.478163265307,0.006565030261480682,0.10908327704073484,1.667193103506038,812310.0397041688,40,Fear,1.0,4.068965517241379,Fear,Low Leverage
0xbaaaf6571ab7d571043ff1e313a9609a10637864,2025-03-28,0.0,93.559069,167,0,0,0,167,297810.47000000003,1783.2962275449104,0.0021520580093901016,0.06276696605669145,0.5554621768428579,828642.6357471304,44,Fear,0.5,1.0,Neutral,Low Leverage
0xbaaaf6571ab7d571043ff1e313a9609a10637864,2025-03-29,720.749699,252.002144,600,246,0,246,354,1550608.07,2584.3467833333334,0.00311916813151408,0.13420997031660314,0.8049738836510937,828525.634587276,26,Fear,1.0,1.4390243902439024,Fear,Low Leverage
0xbaaaf6571ab7d571043ff1e313a9609a10637864,2025-03-30,0.0,277.833116,354,0,0,0,354,1062029.4,3000.0830508474573,0.0036193384623938235,0.28536481510122974,0.9344676652107841,828889.3111914766,32,Fear,0.5,1.0,Fear,Low Leverage
0xbaaaf6571ab7d571043ff1e313a9609a10637864,2025-03-31,0.0,28.277762,33,0,0,0,33,282777.74,8569.022424242425,0.01033937820512693,0.014599000026506631,2.6690842360709763,828775.3117071782,34,Fear,0.5,1.0,Fear,Low Leverage
0xbaaaf6571ab7d571043ff1e313a9609a10637864,2025-04-02,188114.980392,918.700872,743,743,0,743,0,2826888.64,3804.6953432032305,0.0041097728806347295,0.1271978373173079,1.1850887838578843,938464.4499920956,44,Fear,1.0,0.0,Neutral,Low Leverage
0xbaaaf6571ab7d571043ff1e313a9609a10637864,2025-04-03,3869.208803,643.514507,937,476,22,498,439,4382512.84,4677.174855923159,0.00459817597869117,0.2953051764557489,1.456849224944783,1017600.4810541894,25,Fear,0.9558232931726908,0.8815261044176707,Fear,Low Leverage
0xbaaaf6571ab7d571043ff1e313a9609a10637864,2025-04-04,9367.872074,129.8195,318,216,2,218,100,699197.85,2198.7353773584905,0.0021538526431516196,0.05212951267245663,0.6848634120032604,1021087.4091411915,28,Fear,0.9908256880733946,0.45871559633027525,Fear,Low Leverage
0xbaaaf6571ab7d571043ff1e313a9609a10637864,2025-04-06,1026.735896,185.88304300000001,499,172,0,172,327,1366979.39,2739.437655310621,0.0026635598949270186,0.08716689996944,0.8532816813272888,1028509.0087665595,34,Fear,1.0,1.9011627906976745,Fear,Low Leverage
0xbaaaf6571ab7d571043ff1e313a9609a10637864,2025-04-07,2378.877324,81.072952219,146,47,0,47,99,1275024.6400000001,8733.045479452056,0.008483144225040908,0.5882960167708047,2.72017423552922,1029738.0340896262,23,Extreme Fear,1.0,2.106382978723404,Fear,Low Leverage
0xbaaaf6571ab7d571043ff1e313a9609a10637864,2025-04-30,4.733218,0.003547,1,1,0,1,0,10.14,10.14,9.829722436454233e-06,9.829722436454233e-06,0.0031584132721128267,1031565.241597777,56,Greed,1.0,0.0,Neutral,Low Leverage
0xbaaaf6571ab7d571043ff1e313a9609a10637864,2025-05-01,1.86032,0.001364,1,1,0,1,0,3.9,3.9,3.780655662541351e-06,3.780655662541351e-06,0.00121477433542801,1031567.100553777,53,Neutral,1.0,0.0,Neutral,Low Leverage
0xbd5fead7180a9c139fa51a103cb6a2ce86ddb5c3,2024-12-10,0.0,18.167481,52,0,0,0,0,145530.36,2798.660769230769,0.027989537344956548,0.28690443207408256,0.35642202234981374,99989.41546986539,78,Extreme Greed,0.5,0.0,Greed,High Leverage
0xbd5fead7180a9c139fa51a103cb6a2ce86ddb5c3,2024-12-11,0.0,1.086556,17,0,0,0,0,10836.08,637.4164705882353,0.006375360931606431,0.014411895350715897,0.08117785121509524,99981.3042707647,74,Greed,0.5,0.0,Greed,High Leverage
0xbd5fead7180a9c139fa51a103cb6a2ce86ddb5c3,2024-12-12,0.0,0.51585,1,0,0,0,0,5158.5,5158.5,0.051595200312799266,0.051595200312799266,0.6569581503073224,99980.230113,83,Extreme Greed,0.5,0.0,Greed,High Leverage
0xbd5fead7180a9c139fa51a103cb6a2ce86ddb5c3,2024-12-15,0.0,6.515417,58,0,0,0,0,65108.89,1122.5670689655171,0.011228279002020485,0.08702710254718742,0.1429639595276725,99976.54047501725,80,Extreme Greed,0.5,0.0,Greed,High Leverage
0xbd5fead7180a9c139fa51a103cb6a2ce86ddb5c3,2024-12-16,0.0,0.26523,4,0,0,0,0,2652.3199999999997,663.0799999999999,0.006632560016336468,0.025010740485156162,0.08444621698280107,99973.64061325,83,Extreme Greed,0.5,0.0,Greed,High Leverage
0xbd5fead7180a9c139fa51a103cb6a2ce86ddb5c3,2024-12-17,0.0,0.34892900000000004,2,0,0,0,0,3489.3,1744.65,0.017451186798660506,0.029899727912496,0.22218901559245324,99973.1255435,87,Extreme Greed,0.5,0.0,Greed,High Leverage
0xbd5fead7180a9c139fa51a103cb6a2ce86ddb5c3,2024-12-18,0.0,3.090995,14,0,0,0,0,30910.019999999997,2207.8585714285714,0.022084967629251773,0.13518619442994026,0.2811807081953827,99971.37239357142,81,Extreme Greed,0.5,0.0,Greed,High Leverage
0xbd5fead7180a9c139fa51a103cb6a2ce86ddb5c3,2024-12-19,-128.0,22.499194,37,0,12,12,8,224992.0,6080.864864864865,0.060860191899981,0.7679303606042205,0.7744254597054198,99889.74557713514,75,Extreme Greed,0.0,0.27586206896551724,Greed,High Leverage
0xbd5fead7180a9c139fa51a103cb6a2ce86ddb5c3,2024-12-20,11799.68,21.433754,66,41,0,41,41,187640.55,2843.038636363636,0.02658450896292125,0.15820425841926905,0.36207374310317086,108271.72699336363,74,Greed,1.0,1.64,Greed,High Leverage
0xbd5fead7180a9c139fa51a103cb6a2ce86ddb5c3,2024-12-23,0.0,7.303981,16,0,0,0,0,51465.4,3216.5875,0.028823925469367746,0.09624070366635014,0.4096468691095579,111594.28406949999,70,Greed,0.5,0.0,Greed,High Leverage
0xbd5fead7180a9c139fa51a103cb6a2ce86ddb5c3,2024-12-24,0.0,1.07,10,0,0,0,0,10700.0,1070.0,0.009588688691011727,0.03356994486217975,0.1362693071297538,111589.71972719999,73,Greed,0.5,0.0,Greed,High Leverage
0xbd5fead7180a9c139fa51a103cb6a2ce86ddb5c3,2024-12-29,0.0,29.228901,39,0,0,0,0,95678.47,2453.2941025641026,0.02198837180673225,0.13924883432135468,0.3124380257401135,111574.17513248719,73,Greed,0.5,0.0,Greed,High Leverage
0xbd5fead7180a9c139fa51a103cb6a2ce86ddb5c3,2025-01-03,0.0,11.191839,61,0,0,0,0,111918.4,1834.7278688524589,0.01644694479174605,0.09144790119309364,0.23366083687866765,111553.02058659017,74,Greed,0.5,0.0,Greed,High Leverage
0xbd5fead7180a9c139fa51a103cb6a2ce86ddb5c3,2025-01-08,1023.27508,3.6120799999999997,22,21,0,21,21,26414.2,1200.6454545454546,0.01073342320425548,0.06595353644252522,0.15290759270971718,111806.60439368183,70,Greed,1.0,21.0,Greed,High Leverage
0xbd5fead7180a9c139fa51a103cb6a2ce86ddb5c3,2025-01-14,0.0,4.449262,8,0,0,0,0,12712.189999999999,1589.0237499999998,0.014116370749574775,0.030216007726597018,0.20236931348151693,112566.44428687499,63,Greed,0.5,0.0,Greed,High Leverage
0xbd5fead7180a9c139fa51a103cb6a2ce86ddb5c3,2025-01-15,0.0,0.653178,3,0,0,0,0,3386.5,1128.8333333333333,0.010028383969131431,0.011176977877081426,0.14376199644701285,112563.849294,70,Greed,0.5,0.0,Greed,High Leverage
0xbd5fead7180a9c139fa51a103cb6a2ce86ddb5c3,2025-01-16,0.0,0.728252,3,0,0,0,0,2731.48,910.4933333333333,0.008088747250403898,0.008886765806060303,0.1159554165229844,112562.97162233334,75,Extreme Greed,0.5,0.0,Greed,High Leverage
0xbd5fead7180a9c139fa51a103cb6a2ce86ddb5c3,2025-01-17,0.0,1.59541,3,0,0,0,0,4558.32,1519.4399999999998,0.013498730660662544,0.017219026011434015,0.1935075103039562,112561.72483100001,75,Extreme Greed,0.5,0.0,Greed,High Leverage
0xbd5fead7180a9c139fa51a103cb6a2ce86ddb5c3,2025-01-18,-10750.654828,22.21272,12,0,7,7,7,92750.63,7729.219166666667,0.07230578883054686,0.27466085899319365,0.9843507855099811,107696.54163225,77,Extreme Greed,0.0,1.4,Greed,High Leverage
0xbd5fead7180a9c139fa51a103cb6a2ce86ddb5c3,2025-01-19,-7963.5855,21.354695,30,0,12,12,12,75253.19,2508.4396666666667,0.025336333448713184,0.13613955109447934,0.31946106107799743,100074.71755393334,77,Extreme Greed,0.0,0.6666666666666666,Greed,High Leverage
0xbd5fead7180a9c139fa51a103cb6a2ce86ddb5c3,2025-01-20,24895.400898,38.116269,33,26,0,26,26,143117.96,4336.907878787879,0.03875766061992898,0.3957928354947537,0.5523247025495277,110462.08286845454,76,Extreme Greed,1.0,3.7142857142857144,Greed,High Leverage
0xbd5fead7180a9c139fa51a103cb6a2ce86ddb5c3,2025-01-27,20428.824,5.388315,23,23,0,23,23,53883.240000000005,2342.7495652173916,0.017984013105408782,0.12336696963872494,0.29835968227168774,132836.6639136087,71,Greed,1.0,1.0,Greed,High Leverage
0xbd5fead7180a9c139fa51a103cb6a2ce86ddb5c3,2025-01-31,0.0,9.693017,61,0,0,0,0,96930.53,1589.025081967213,0.011425337959664834,0.0887439223359339,0.2023694831135256,139078.31817940986,76,Extreme Greed,0.5,0.0,Greed,High Leverage
0xbd5fead7180a9c139fa51a103cb6a2ce86ddb5c3,2025-02-03,160022.95082600001,37.896369,69,69,0,69,69,223835.22,3243.988695652174,0.015128570156259468,0.14874995435222468,0.4131365344796967,223712.6903298841,44,Fear,1.0,1.0,Neutral,High Leverage
0xbd5fead7180a9c139fa51a103cb6a2ce86ddb5c3,2025-02-04,0.0,6.8,18,0,0,0,0,68000.0,3777.777777777778,0.01263238883539652,0.11166070200091349,0.48111697221304567,299056.03215199994,72,Greed,0.5,0.0,Greed,High Leverage
0xbd5fead7180a9c139fa51a103cb6a2ce86ddb5c3,2025-02-06,-24500.0,39.61807,13,0,1,1,12,239500.0,18423.076923076922,0.06407923916508051,0.39160250543560327,2.346261614491447,297152.612636923,49,Neutral,0.0,12.0,Neutral,High Leverage
0xbd5fead7180a9c139fa51a103cb6a2ce86ddb5c3,2025-02-09,0.0,0.187741,3,0,0,0,0,1877.44,625.8133333333334,0.002279722880279541,0.005520724826935349,0.0797001395569112,274512.97707833326,46,Neutral,0.5,0.0,Neutral,High Leverage
0xbd5fead7180a9c139fa51a103cb6a2ce86ddb5c3,2025-02-10,0.0,2.248304,22,0,0,0,0,13009.77,591.3531818181818,0.0021542011404162465,0.007169087821187348,0.07531148444424202,274511.4697739545,43,Fear,0.5,0.0,Neutral,High Leverage
0xbd5fead7180a9c139fa51a103cb6a2ce86ddb5c3,2025-02-15,0.0,0.322175,4,0,0,0,0,3221.7599999999998,805.4399999999999,0.0029340963488779332,0.004063962868477205,0.10257640255569055,274510.4383692499,50,Neutral,0.5,0.0,Neutral,High Leverage
0xbd5fead7180a9c139fa51a103cb6a2ce86ddb5c3,2025-02-21,0.0,34.823727999999996,33,0,0,0,6,154282.11,4675.215454545454,0.017032407005373434,0.13576297015050862,0.5954096922179684,274492.7078886969,55,Greed,0.5,0.2222222222222222,Neutral,High Leverage
0xbd5fead7180a9c139fa51a103cb6a2ce86ddb5c3,2025-02-22,15074.26913,277.136234,138,36,4,40,86,1033230.62,7487.178405797102,0.026902925963026965,0.5640891335269475,0.9535258072101175,279006.86907303624,49,Neutral,0.9,1.6538461538461537,Neutral,High Leverage
0xbd5fead7180a9c139fa51a103cb6a2ce86ddb5c3,2025-02-23,0.0,18.266739,73,0,0,0,0,182667.63,2502.296301369863,0.008650601179598682,0.12761710036122134,0.3186786759074924,289267.78074410965,50,Neutral,0.5,0.0,Neutral,High Leverage
0xbd5fead7180a9c139fa51a103cb6a2ce86ddb5c3,2025-02-24,0.0,15.902961990000001,28,0,0,0,1,50291.94,1796.1407142857145,0.0062097347844625944,0.02017834233334106,0.22874658938621997,289246.82500429003,49,Neutral,0.5,0.037037037037037035,Neutral,High Leverage
0xbd5fead7180a9c139fa51a103cb6a2ce86ddb5c3,2025-02-25,3859.44,13.28893,28,17,0,17,17,61075.18,2181.2564285714284,0.007500366758820715,0.05531906482462128,0.2777928057885513,291246.3196540101,25,Fear,1.0,1.5454545454545454,Fear,High Leverage
0xbd5fead7180a9c139fa51a103cb6a2ce86ddb5c3,2025-02-26,-871.1949999999999,44.219407000000004,42,1,1,2,6,152012.64,3619.3485714285716,0.012368200470953147,0.10919256865466258,0.4609403010183511,292563.2498551529,21,Extreme Fear,0.5,0.16666666666666666,Fear,High Leverage
0xbd5fead7180a9c139fa51a103cb6a2ce86ddb5c3,2025-02-27,-48309.11776,182.412908,90,1,25,26,5,797335.18,8859.279777777778,0.03420285113054719,0.43431453499008454,1.1282690812957168,249442.55954219901,10,Extreme Fear,0.038461538461538464,0.058823529411764705,Fear,High Leverage
0xbd5fead7180a9c139fa51a103cb6a2ce86ddb5c3,2025-02-28,67673.757678,159.317972,59,57,0,57,59,486744.98,8249.914915254238,0.028088044136125923,0.4252766091770003,1.050663728393567,292733.42387782363,16,Extreme Fear,1.0,1.0,Fear,High Leverage
0xbd5fead7180a9c139fa51a103cb6a2ce86ddb5c3,2025-03-02,-2632.65866,359.157571,84,0,14,14,84,1026164.57,12216.244880952381,0.0394083679850238,0.5219945027500139,1.5557936688362453,310361.0637136529,26,Fear,0.0,1.0,Fear,High Leverage
0xbd5fead7180a9c139fa51a103cb6a2ce86ddb5c3,2025-03-03,57561.35367,310.633142,136,112,13,125,75,1171195.52,8611.731764705883,0.02473498742255136,0.26004530401421205,1.0967427296857595,350622.27161620115,33,Fear,0.896,1.2295081967213115,Fear,High Leverage
0xbd5fead7180a9c139fa51a103cb6a2ce86ddb5c3,2025-03-04,0.0,8.6,2,0,0,0,2,172000.0,86000.0,0.23532982876896577,0.23806485390724577,10.952486367438155,365444.5109570099,15,Extreme Fear,0.5,1.0,Fear,High Leverage
0xbd5fead7180a9c139fa51a103cb6a2ce86ddb5c3,2025-03-05,3677.4,8.949995,8,8,0,8,0,179000.0,22375.0,0.06076568870434096,0.32847802191072106,2.84955677292359,366907.711627885,20,Extreme Fear,1.0,0.0,Fear,High Leverage
0xbd5fead7180a9c139fa51a103cb6a2ce86ddb5c3,2025-03-06,0.0,5.201155,16,0,0,0,3,38934.55,2433.409375,0.006592682119301297,0.027761516335148628,0.3099056163498105,369108.2939581975,25,Fear,0.5,0.23076923076923078,Fear,High Leverage
0xbd5fead7180a9c139fa51a103cb6a2ce86ddb5c3,2025-03-07,43861.966536,420.773182,147,97,3,100,116,1463931.81,9958.719795918369,0.025640131538156277,0.9514157037139227,1.268287706999214,394400.0411830373,34,Fear,0.97,3.7419354838709675,Fear,High Leverage
0xbd5fead7180a9c139fa51a103cb6a2ce86ddb5c3,2025-03-08,5836.8743,6.596844,36,36,0,36,36,47463.53,1318.431388888889,0.003167759566575846,0.018040127095094848,0.16790816061869895,416426.5166430935,28,Fear,1.0,1.0,Fear,High Leverage
0xbd5fead7180a9c139fa51a103cb6a2ce86ddb5c3,2025-03-11,0.0,1.606857,7,0,0,0,0,32137.2,4591.028571428572,0.01097345022341244,0.03349158755634001,0.5846881144312849,418375.92492886726,24,Extreme Fear,0.5,0.0,Fear,High Leverage
0xbd5fead7180a9c139fa51a103cb6a2ce86ddb5c3,2025-03-12,-15387.62119,297.786141,57,0,10,10,47,1407520.5299999998,24693.342631578944,0.060172548471742464,1.581384705934433,3.1448081225447426,416291.46061736095,34,Fear,0.0,4.7,Fear,High Leverage
0xbd5fead7180a9c139fa51a103cb6a2ce86ddb5c3,2025-03-18,-120.432,105.245665,27,0,1,1,17,474916.19,17589.48851851852,0.0437015814262998,0.4374698671652967,2.2401003861544657,402504.688063899,34,Fear,0.0,1.7,Fear,High Leverage
0xbd5fead7180a9c139fa51a103cb6a2ce86ddb5c3,2025-03-19,0.0,13.053277999999999,26,0,0,0,18,114771.87,4414.302692307692,0.010968396718984605,0.06806612436364298,0.5621812797586692,402457.92748158704,32,Fear,0.5,2.25,Fear,High Leverage
0xbd5fead7180a9c139fa51a103cb6a2ce86ddb5c3,2025-03-26,0.0,5.379657440000001,3,0,0,0,2,98381.35,32793.78333333333,0.08148567300561496,0.1227121212599127,4.17643563831458,402449.37767423684,47,Neutral,0.5,2.0,Neutral,High Leverage
0xbd5fead7180a9c139fa51a103cb6a2ce86ddb5c3,2025-03-27,0.0,52.109989,21,0,0,0,21,521099.95999999996,24814.283809523808,0.06166385103513679,0.537209791650645,3.1602105249017542,402418.58863790345,40,Fear,0.5,1.0,Fear,High Leverage
0xbd5fead7180a9c139fa51a103cb6a2ce86ddb5c3,2025-03-31,-8320.5,41.599999,3,0,3,3,0,416000.0,138666.66666666666,0.35010558788893736,0.612197853638992,17.65982298005532,395201.8404702367,34,Fear,0.0,0.0,Fear,High Leverage
0xbd5fead7180a9c139fa51a103cb6a2ce86ddb5c3,2025-04-01,-9311.892185,35.276799,28,0,20,20,20,157040.91,5608.603928571429,0.014503556636062839,0.09972156887838148,0.7142809077678913,387893.75865164155,34,Fear,0.0,2.5,Fear,High Leverage
0xbd5fead7180a9c139fa51a103cb6a2ce86ddb5c3,2025-04-02,2676.685,18.62502,66,62,0,62,0,186250.28,2821.9739393939394,0.007310905636652536,0.22473641190788496,0.35939105930788223,384812.6354068731,44,Fear,1.0,0.0,Neutral,High Leverage
0xbd5fead7180a9c139fa51a103cb6a2ce86ddb5c3,2025-04-03,-5862.0887760000005,29.614225,12,0,12,12,12,84612.07,7051.005833333334,0.018368468977927932,0.05436749260959118,0.8979772705384913,384581.73905357,25,Fear,0.0,1.0,Fear,High Leverage
0xbd5fead7180a9c139fa51a103cb6a2ce86ddb5c3,2025-04-04,-43753.361578000004,148.694024,132,24,35,59,24,719162.66,5448.20196969697,0.014935628975067606,0.4032219164571311,0.6938529976762299,358468.89360203984,28,Fear,0.4067796610169492,0.2222222222222222,Fear,High Leverage
0xbd5fead7180a9c139fa51a103cb6a2ce86ddb5c3,2025-04-07,51942.142881,312.592923,108,30,0,30,57,1685695.8800000001,15608.295185185187,0.04375037694326781,0.7407025630366522,1.987786514356876,373002.52815996844,23,Extreme Fear,1.0,1.1176470588235294,Fear,High Leverage
0xbd5fead7180a9c139fa51a103cb6a2ce86ddb5c3,2025-04-09,-36400.46439,129.933272,71,0,48,48,71,371238.03,5228.704647887324,0.013726205799431911,0.14075875433748364,0.6658990276203074,375889.968910176,18,Extreme Fear,0.0,1.0,Fear,High Leverage
0xbd5fead7180a9c139fa51a103cb6a2ce86ddb5c3,2025-04-10,19858.73334,13.347951,130,130,0,130,28,266960.02999999997,2053.538692307692,0.005728575349319091,0.20990122973146777,0.2615273782849625,359262.13452879357,39,Fear,1.0,0.27450980392156865,Fear,High Leverage
0xbd5fead7180a9c139fa51a103cb6a2ce86ddb5c3,2025-04-12,0.0,382.130098,24,0,0,0,24,1273767.04,53073.62666666667,0.14257255557968565,1.3434265182495164,6.759164796943824,372282.45960044535,43,Fear,0.5,1.0,Neutral,High Leverage
0xbd5fead7180a9c139fa51a103cb6a2ce86ddb5c3,2025-04-13,32724.19729,235.562431,35,31,0,31,0,871803.05,24908.658571428572,0.06388028488226011,0.4405888632965937,3.172229574822593,399002.02354102745,45,Neutral,1.0,0.0,Neutral,High Leverage
0xbd5fead7180a9c139fa51a103cb6a2ce86ddb5c3,2025-04-14,0.0,2.511831,51,0,0,0,47,50237.11,985.0413725490196,0.0024346143782813206,0.024716316523580747,0.12544944423495008,404599.07190292334,31,Fear,0.5,11.75,Fear,High Leverage
0xbd5fead7180a9c139fa51a103cb6a2ce86ddb5c3,2025-04-15,18951.678454,59.744277000000004,27,27,0,27,0,622637.68,23060.654814814818,0.054896160655783836,1.1705047617130309,2.9368779939936784,420994.87813579256,38,Fear,1.0,0.0,Fear,High Leverage
0xbd5fead7180a9c139fa51a103cb6a2ce86ddb5c3,2025-04-16,9556.599999999999,12.794597000000001,15,15,0,15,0,255891.99,17059.466,0.03961531050502802,0.396794558391352,2.172599637218311,432181.433221037,29,Fear,1.0,0.0,Fear,High Leverage
0xbd5fead7180a9c139fa51a103cb6a2ce86ddb5c3,2025-04-17,0.0,0.597532,11,0,0,0,0,11950.720000000001,1086.429090909091,0.002508883856275715,0.00485699792177007,0.13836162566709356,433032.8377564794,30,Fear,0.5,0.0,Fear,High Leverage
0xbd5fead7180a9c139fa51a103cb6a2ce86ddb5c3,2025-04-19,0.0,5.217992,13,0,0,0,0,104360.03,8027.694615384616,0.018538471199595084,0.14396552429463755,1.0223629748483336,433029.36111880105,32,Fear,0.5,0.0,Fear,High Leverage
0xbd5fead7180a9c139fa51a103cb6a2ce86ddb5c3,2025-04-23,-2993.575225,9.531647,34,0,15,15,14,52313.89,1538.6438235294117,0.003560790481388669,0.030567225282383627,0.1959532035063814,432239.868430188,72,Greed,0.0,0.7,Greed,High Leverage
0xbd5fead7180a9c139fa51a103cb6a2ce86ddb5c3,2025-05-01,-113601.020138,677.267526,116,1,76,77,76,1935050.26,16681.46775862069,0.04889161987714057,0.554092294727866,2.1244598629668863,352327.0709508374,53,Neutral,0.012987012987012988,1.9,Neutral,High Leverage
0xbee1707d6b44d4d52bfe19e41f8a828645437aab,2024-12-08,15206.395076,26.747257,92,84,0,84,15,312936.53,3401.4840217391306,0.032620235282262974,0.3200254829904842,1.8444106379344434,101784.3211001739,79,Extreme Greed,1.0,0.19480519480519481,Greed,Low Leverage
0xbee1707d6b44d4d52bfe19e41f8a828645437aab,2024-12-09,2397.068675,50.14075456,143,9,0,9,134,446232.75,3120.5087412587413,0.02665006563743163,0.2681156419816015,1.6920554326762167,117009.21570348162,78,Extreme Greed,1.0,14.88888888888889,Greed,Low Leverage
0xbee1707d6b44d4d52bfe19e41f8a828645437aab,2024-12-10,26600.990442,116.25613018,928,535,173,708,220,1726078.07,1859.9979202586208,0.014188236639004943,1.0876681060178792,1.0085597723628066,128049.55017811638,78,Extreme Greed,0.7556497175141242,0.3107344632768362,Greed,Low Leverage
0xbee1707d6b44d4d52bfe19e41f8a828645437aab,2024-12-11,24663.690943,28.83121716,530,519,0,519,11,639969.74,1207.490075471698,0.007916844044612705,0.2930680707583011,0.6547458480376973,150876.64954629474,74,Greed,1.0,0.02119460500963391,Greed,Low Leverage
0xbee1707d6b44d4d52bfe19e41f8a828645437aab,2024-12-12,130826.491662,294.08469282,1041,848,20,868,167,2702869.34,2596.416272814601,0.010121597868487878,0.32272124483063447,1.407873082301552,254145.97777390975,83,Extreme Greed,0.9769585253456221,0.19107551487414187,Greed,Low Leverage
0xbee1707d6b44d4d52bfe19e41f8a828645437aab,2024-12-13,9405.233313,19.27604387,277,70,0,70,208,748633.37,2702.6475451263536,0.008971280964576785,0.12039726689602785,1.465475613279466,300886.25071419746,76,Extreme Greed,1.0,3.0144927536231885,Greed,Low Leverage
0xbee1707d6b44d4d52bfe19e41f8a828645437aab,2024-12-14,1294.450646,8.86491787,70,4,0,4,66,434223.6,6203.194285714286,0.020019929057236895,0.19435047882146392,3.3636017269591165,309799.0820719044,83,Extreme Greed,1.0,16.5,Greed,Low Leverage
0xbee1707d6b44d4d52bfe19e41f8a828645437aab,2024-12-15,1703.2571850000002,0.62289883,9,2,0,2,7,20046.050000000003,2227.3388888888894,0.0071492705002909485,0.031903475786535095,1.2077456529845239,311551.69163362245,80,Extreme Greed,1.0,3.5,Greed,Low Leverage
0xbee1707d6b44d4d52bfe19e41f8a828645437aab,2024-12-16,126852.290809,53.01264697,245,116,0,116,129,1002164.78,4090.4684897959187,0.01076914995723021,0.2338380436273218,2.2180035386019052,370212.6461568856,83,Extreme Greed,1.0,1.1120689655172413,Greed,Low Leverage
0xbee1707d6b44d4d52bfe19e41f8a828645437aab,2024-12-17,128648.384642,171.85723001,476,269,0,269,207,1455099.87,3056.9325000000003,0.005931325067963386,0.23213149205323663,1.6575820396077539,494322.18197253253,87,Extreme Greed,1.0,0.7695167286245354,Greed,Low Leverage
0xbee1707d6b44d4d52bfe19e41f8a828645437aab,2024-12-18,2139.192941,30.0033153,342,92,143,235,107,779519.24,2279.296023391813,0.0040345669983589145,0.05375719633073576,1.2359187359628137,564132.0607894689,81,Extreme Greed,0.39148936170212767,0.4553191489361702,Greed,Low Leverage
0xbee1707d6b44d4d52bfe19e41f8a828645437aab,2024-12-19,27888.195088,447.38810641,2076,1470,107,1577,499,4717265.91,2272.286083815029,0.003998150931531825,0.27191889980041856,1.2321176870547295,564636.8352680926,75,Extreme Greed,0.932149651236525,0.31642358909321494,Greed,Low Leverage
0xbee1707d6b44d4d52bfe19e41f8a828645437aab,2024-12-20,139628.47633,220.44750733,1259,672,68,740,519,3672803.24,2917.238474980143,0.004509816182097283,0.1977450261645238,1.581834764549037,647340.7303798645,74,Greed,0.9081081081081082,0.7013513513513514,Greed,Low Leverage
0xbee1707d6b44d4d52bfe19e41f8a828645437aab,2024-12-21,103460.844587,236.61668118,805,558,0,558,252,2553922.63,3172.574695652174,0.003911677332902223,0.1033428728353507,1.7202875218301612,805595.5505322337,73,Greed,1.0,0.45569620253164556,Greed,Low Leverage
0xbee1707d6b44d4d52bfe19e41f8a828645437aab,2024-12-22,19694.301887,14.59925609,108,81,0,81,27,547876.73,5072.932685185185,0.00595087425242596,0.020814318799050255,2.7507320188136637,850598.3110589333,73,Greed,1.0,0.3333333333333333,Greed,Low Leverage
0xbee1707d6b44d4d52bfe19e41f8a828645437aab,2024-12-23,-76194.261624,793.25867561,1482,297,674,971,524,4858081.91,3278.057968960864,0.004150834039410866,0.19838783891682132,1.777484460040449,792225.6401268513,70,Greed,0.305870236869207,0.5469728601252609,Greed,Low Leverage
0xbee1707d6b44d4d52bfe19e41f8a828645437aab,2024-12-24,-5527.2852139999995,49.827449869999995,81,4,45,49,41,283691.67,3502.3662962962962,0.004492447282839339,0.030947250224549427,1.8991127441866216,780049.3154814416,73,Greed,0.08163265306122448,1.025,Greed,Low Leverage
0xbee1707d6b44d4d52bfe19e41f8a828645437aab,2024-12-25,-1059.724367,22.30132625,35,0,3,3,32,180715.88,5163.3108571428575,0.006658109040773486,0.0818528322040675,2.7997384115323833,775603.9332653253,73,Greed,0.0,10.666666666666666,Greed,Low Leverage
0xbee1707d6b44d4d52bfe19e41f8a828645437aab,2024-12-26,3103.720794,316.42639972,337,195,4,199,150,1411948.76,4189.758931750742,0.005392544376847084,0.15708241976793733,2.2718424942507562,776369.5005611827,79,Extreme Greed,0.9798994974874372,0.8021390374331551,Greed,Low Leverage
0xbee1707d6b44d4d52bfe19e41f8a828645437aab,2024-12-27,0.0,0.0,1,0,0,0,0,0.06,0.06,7.713756372331779e-08,7.713756372331779e-08,3.253422258308459e-05,777831.1513079676,74,Greed,0.5,0.0,Greed,Low Leverage
0xbee1707d6b44d4d52bfe19e41f8a828645437aab,2025-01-10,0.0,0.0302189,2,0,0,0,2,5999.62,2999.81,0.0038566340292949417,0.0038567496978948387,1.6266081041160496,777831.1287025425,50,Neutral,0.5,1.0,Neutral,Low Leverage
0xbee1707d6b44d4d52bfe19e41f8a828645437aab,2025-01-11,65.42769200000001,0.29955384,9,2,0,2,7,10489.07,1165.4522222222222,0.001498284248944831,0.003856647060940396,0.6319513667954725,777849.171112401,69,Greed,1.0,3.5,Greed,Low Leverage
0xbee1707d6b44d4d52bfe19e41f8a828645437aab,2025-01-13,0.0,0.08476173000000001,11,0,0,0,11,16372.36,1488.3963636363637,0.0019133611432616846,0.003856363017371651,0.8070636431066528,777896.2203110821,61,Greed,0.5,1.0,Greed,Low Leverage
0xbee1707d6b44d4d52bfe19e41f8a828645437aab,2025-01-14,5103.198502,12.83951148,67,42,0,42,25,90064.81,1344.250895522388,0.0017214977792312414,0.005813414651339091,0.7289026307072694,780515.0311936525,63,Greed,1.0,0.5952380952380952,Greed,Low Leverage
0xbee1707d6b44d4d52bfe19e41f8a828645437aab,2025-01-15,66.63180299999999,1.33531584,8,3,0,3,5,7268.03,908.50375,0.0011602699520537993,0.002407514475323761,0.4926243870011173,783006.185527394,70,Greed,1.0,1.6666666666666667,Greed,Low Leverage
0xbee1707d6b44d4d52bfe19e41f8a828645437aab,2025-01-16,0.0,0.01342796,2,0,0,0,2,3175.71,1587.855,0.002027777702531288,0.002027835161281819,0.8609937999943964,783051.8098791977,75,Extreme Greed,0.5,1.0,Greed,Low Leverage
0xbee1707d6b44d4d52bfe19e41f8a828645437aab,2025-01-17,77.26888,1.24644989,7,3,0,3,4,10242.12,1463.16,0.0018683654957230755,0.003435363920870105,0.7933795519111009,783124.4194226792,75,Extreme Greed,1.0,1.3333333333333333,Greed,Low Leverage
0xbee1707d6b44d4d52bfe19e41f8a828645437aab,2025-01-18,0.0,0.12113978,13,0,0,0,13,26462.75,2035.5961538461538,0.00259931552763528,0.004179612044594819,1.1037756393083613,783127.7578971977,77,Extreme Greed,0.5,1.0,Greed,Low Leverage
0xbee1707d6b44d4d52bfe19e41f8a828645437aab,2025-01-19,512.9694489999999,4.58776394,29,24,2,26,3,28533.48,983.9131034482758,0.0012561153659873029,0.0025819496898127274,0.5335141318333291,783307.9973831428,77,Extreme Greed,0.9230769230769231,0.11538461538461539,Greed,Low Leverage
0xbee1707d6b44d4d52bfe19e41f8a828645437aab,2025-01-20,-4968.452873,26.23259607,191,33,52,85,106,151219.25,791.7238219895288,0.0010119776889878371,0.0050387891135046286,0.4293019841489629,782580.5101232817,76,Extreme Greed,0.38823529411764707,1.2470588235294118,Greed,Low Leverage
0xbee1707d6b44d4d52bfe19e41f8a828645437aab,2025-01-21,1343.189535,8.44570538,50,42,0,42,8,36055.44,721.1088000000001,0.0009254454625821515,0.003122992936015823,0.3910119034303505,779001.0841726229,76,Extreme Greed,1.0,0.19047619047619047,Greed,Low Leverage
0xbee1707d6b44d4d52bfe19e41f8a828645437aab,2025-01-22,554.298224,1.9855179500000002,13,9,0,9,4,9971.11,767.0084615384616,0.000982980892547145,0.003294173191924965,0.4159004001800264,780279.7142356347,84,Extreme Greed,1.0,0.4444444444444444,Greed,Low Leverage
0xbee1707d6b44d4d52bfe19e41f8a828645437aab,2025-01-23,-133.63175499999997,1.25752695,16,1,10,11,5,15824.55,989.034375,0.0012673007115588991,0.002777962914090936,0.5362910749761992,780407.7252914954,75,Extreme Greed,0.09090909090909091,0.45454545454545453,Greed,Low Leverage
0xbee1707d6b44d4d52bfe19e41f8a828645437aab,2025-01-24,2109.118305,9.75562206,84,46,0,46,38,77411.98,921.5711904761904,0.0011803868622517043,0.005248481727059191,0.49971003728517716,780808.4052885768,75,Extreme Greed,1.0,0.8260869565217391,Greed,Low Leverage
0xbee1707d6b44d4d52bfe19e41f8a828645437aab,2025-01-25,107.547251,0.5216747,33,3,0,3,30,24518.55,742.9863636363636,0.0009495026181808946,0.0029231452117916244,0.4028747288457014,782498.6810112464,75,Extreme Greed,1.0,10.0,Greed,Low Leverage
0xbee1707d6b44d4d52bfe19e41f8a828645437aab,2025-01-26,1012.208613,1.62709871,27,13,0,13,14,27800.29,1029.6403703703704,0.0013147404350742477,0.006382292030758422,0.5583091498359881,783088.3123283474,73,Greed,1.0,1.0769230769230769,Greed,Low Leverage
0xbee1707d6b44d4d52bfe19e41f8a828645437aab,2025-01-27,-220.548198,4.11615147,56,1,17,18,38,56268.58,1004.7960714285715,0.0012823857493937778,0.009497567899565424,0.5448376506411018,783466.1355489569,71,Greed,0.05555555555555555,2.111111111111111,Greed,Low Leverage
0xbee1707d6b44d4d52bfe19e41f8a828645437aab,2025-01-28,6959.984986,36.09488571,121,83,0,83,38,141954.48,1173.1775206611571,0.001488874898790736,0.007746881843139415,0.63614030977769,787850.1133251694,72,Greed,1.0,0.4578313253012048,Greed,Low Leverage
0xbee1707d6b44d4d52bfe19e41f8a828645437aab,2025-01-29,1193.2639530000001,14.65600211,76,55,0,55,21,73523.13,967.4096052631579,0.0012236118074913616,0.006437039825251161,0.5245653237774264,790770.4758504967,72,Greed,1.0,0.38181818181818183,Greed,Low Leverage
0xbee1707d6b44d4d52bfe19e41f8a828645437aab,2025-01-30,1072.2203670000001,95.30730432,268,79,42,121,128,342667.16,1278.6088059701492,0.0016137390793106048,0.015784106199050633,0.6933090581687475,792335.3671690263,70,Greed,0.6528925619834711,0.9142857142857143,Greed,Low Leverage
0xbee1707d6b44d4d52bfe19e41f8a828645437aab,2025-01-31,3143.489896,85.31124972,249,154,0,154,142,387449.04,1556.0202409638553,0.0019591846011467328,0.015400304916341529,0.8437318143883832,794175.4489066908,76,Extreme Greed,1.0,1.3271028037383177,Greed,Low Leverage
0xbee1707d6b44d4d52bfe19e41f8a828645437aab,2025-02-01,2954.521713,40.48101958,187,133,0,133,73,225330.98,1204.9785026737968,0.0015115648257328742,0.01173284133315461,0.6533839802303549,797215.8675803351,68,Greed,1.0,0.6403508771929824,Greed,Low Leverage
0xbee1707d6b44d4d52bfe19e41f8a828645437aab,2025-02-02,-329.680689,46.27443222,131,38,20,58,73,240984.88999999998,1839.579312977099,0.002305515016935091,0.012165496013692824,0.9974880471272464,797760.4585221645,60,Greed,0.6551724137931034,1.2586206896551724,Greed,Low Leverage
0xbee1707d6b44d4d52bfe19e41f8a828645437aab,2025-02-03,5803.573999,119.81672948,325,138,41,179,126,571375.07,1758.0771384615382,0.002200284968070101,0.03357378156738566,0.9532945490156688,798983.3049868867,44,Fear,0.770949720670391,0.6331658291457286,Neutral,Low Leverage
0xbee1707d6b44d4d52bfe19e41f8a828645437aab,2025-02-04,806.765131,92.61476121,248,71,41,112,99,335267.63,1351.8856048387097,0.0016809124491552559,0.01956666833020269,0.7330424529115087,804364.1021380577,72,Greed,0.6339285714285714,0.6644295302013423,Greed,Low Leverage
0xbee1707d6b44d4d52bfe19e41f8a828645437aab,2025-02-05,713.82809,12.014708,14,11,0,11,11,51363.41,3668.815,0.004557465252812568,0.012658615213906713,1.9893673971026582,804926.7936839679,54,Neutral,1.0,3.6666666666666665,Neutral,Low Leverage
0xbee1707d6b44d4d52bfe19e41f8a828645437aab,2025-02-06,1212.452697,9.39805892,29,26,0,26,22,39537.66,1363.3675862068967,0.0016916158040262827,0.007490256372584925,0.7392684085369656,805924.5736824234,49,Neutral,1.0,3.142857142857143,Neutral,Low Leverage
0xbee1707d6b44d4d52bfe19e41f8a828645437aab,2025-02-07,2631.225181,19.61573529,125,50,0,50,75,257480.58000000002,2059.8446400000003,0.002551261698009965,0.010151368580665626,1.1169240667388958,807036.3131136737,44,Fear,1.0,1.5,Neutral,Low Leverage
0xbee1707d6b44d4d52bfe19e41f8a828645437aab,2025-02-08,-189.463436,10.471792,13,1,12,13,0,34732.86,2671.7584615384617,0.0033030960532650466,0.011518835115334362,1.448726407932199,808847.8047039886,44,Fear,0.07692307692307693,0.0,Neutral,Low Leverage
0xbee1707d6b44d4d52bfe19e41f8a828645437aab,2025-02-09,204.721909,10.4209551,56,21,0,21,35,74755.08,1334.912142857143,0.0016501962848063112,0.010708107011070219,0.7238388130762783,808939.7357049248,46,Neutral,1.0,1.6666666666666667,Neutral,Low Leverage
0xbee1707d6b44d4d52bfe19e41f8a828645437aab,2025-02-10,3796.008199,39.70943063,140,91,0,91,49,207823.25,1484.4517857142857,0.001832729885905196,0.010174857034344417,0.8049247468380993,809873.9692074271,43,Fear,1.0,0.5384615384615384,Neutral,Low Leverage
0xbee1707d6b44d4d52bfe19e41f8a828645437aab,2025-02-11,1901.6318190000002,8.22775757,52,18,0,18,34,101286.59,1947.8190384615384,0.0023950724341990264,0.010186203393949104,1.056179635814625,813418.560889428,47,Neutral,1.0,1.8888888888888888,Neutral,Low Leverage
0xbee1707d6b44d4d52bfe19e41f8a828645437aab,2025-02-12,1747.1899090000002,13.27502537,71,45,0,45,26,115270.92,1623.5340845070423,0.0019917541771863854,0.013266933169815158,0.8803403212762763,815002.1243216288,46,Neutral,1.0,0.5777777777777777,Neutral,Low Leverage
0xbee1707d6b44d4d52bfe19e41f8a828645437aab,2025-02-13,5096.967096,67.29254806,156,79,0,79,67,243639.4,1561.7910256410255,0.0019038751421371959,0.02205136032938266,0.8468609476078185,820490.5384333817,50,Neutral,1.0,0.7528089887640449,Neutral,Low Leverage
0xbee1707d6b44d4d52bfe19e41f8a828645437aab,2025-02-14,-1818.156466,65.416968,166,1,63,64,63,226306.63,1363.292951807229,0.001661039756604932,0.030277120536243034,0.73922793900078,820660.5411065886,48,Neutral,0.015625,0.6116504854368932,Neutral,Low Leverage
0xbee1707d6b44d4d52bfe19e41f8a828645437aab,2025-02-15,3822.79759,38.94403648,130,54,0,54,91,233792.27,1798.402076923077,0.0021879401907780606,0.017015286652627967,0.9751602244082833,822040.4094650423,50,Neutral,1.0,2.3333333333333335,Neutral,Low Leverage
0xbee1707d6b44d4d52bfe19e41f8a828645437aab,2025-02-16,321.733978,20.0275899,54,38,6,44,11,64469.54,1193.8803703703704,0.001449892969235929,0.009691692258690687,0.6473661617867518,823408.0372314426,54,Neutral,0.8636363636363636,0.2558139534883721,Neutral,Low Leverage
0xbee1707d6b44d4d52bfe19e41f8a828645437aab,2025-02-17,111.69658399999999,44.12664195,151,48,28,76,75,240263.13,1591.1465562913907,0.0019314908269706926,0.010599184148021138,0.8627786037448774,823813.5415249241,51,Neutral,0.631578947368421,0.9868421052631579,Neutral,Low Leverage
0xbee1707d6b44d4d52bfe19e41f8a828645437aab,2025-02-18,3935.153067,150.06850005,512,250,51,301,226,933694.74,1823.6225390625,0.0022064655090269347,0.015529278072751387,0.9888356932231541,826477.2700673242,47,Neutral,0.8305647840531561,0.7902097902097902,Neutral,Low Leverage
0xbee1707d6b44d4d52bfe19e41f8a828645437aab,2025-02-19,5930.986467,137.51040693,406,230,2,232,171,693700.84,1708.6227586206896,0.002057689993322199,0.054314771302462386,0.9264785523248256,830724.7312199511,44,Fear,0.9913793103448276,0.7276595744680852,Neutral,Low Leverage
0xbee1707d6b44d4d52bfe19e41f8a828645437aab,2025-02-20,819.221222,53.59084817,162,62,19,81,71,185018.25,1142.087962962963,0.0013697310035016177,0.007178183594694506,0.6192823999416451,833846.4880555787,49,Neutral,0.7654320987654321,0.7802197802197802,Neutral,Low Leverage
0xbee1707d6b44d4d52bfe19e41f8a828645437aab,2025-02-21,4483.141317,99.12235592,255,116,0,116,112,425686.52,1669.3589019607844,0.001999072213131365,0.026216646534650955,0.905188234790764,834938.6014855275,55,Greed,1.0,0.7832167832167832,Neutral,Low Leverage
0xbee1707d6b44d4d52bfe19e41f8a828645437aab,2025-02-22,1391.928432,22.127139969999998,60,41,0,41,26,65838.61,1097.3101666666666,0.0013075142393382262,0.006107604837807056,0.595002220083583,839374.6122128887,49,Neutral,1.0,0.7647058823529411,Neutral,Low Leverage
0xbee1707d6b44d4d52bfe19e41f8a828645437aab,2025-02-23,383.135241,12.72868155,45,25,0,25,32,102770.62,2283.7915555555555,0.0027187369862357864,0.01693356837518175,1.2383563800302242,840004.3978096914,50,Neutral,1.0,2.4615384615384617,Neutral,Low Leverage
0xbee1707d6b44d4d52bfe19e41f8a828645437aab,2025-02-24,-10373.274402000001,276.72258301,744,110,295,405,339,1040850.59,1398.9927284946236,0.0016750806257421328,0.03525434695963015,0.7585856803493486,834471.0811273281,49,Neutral,0.2716049382716049,0.837037037037037,Neutral,Low Leverage
0xbee1707d6b44d4d52bfe19e41f8a828645437aab,2025-02-25,-23384.358492,564.95772004,1642,446,433,879,694,2367753.16,1441.9933982947625,0.0017922783940784437,0.023354603478659478,0.781902236391006,804366.4554831487,25,Fear,0.5073947667804323,0.7320675105485233,Fear,Low Leverage
0xbee1707d6b44d4d52bfe19e41f8a828645437aab,2025-02-26,2617.069579,148.7986648,394,160,45,205,222,594692.02,1509.370609137056,0.0018719307210535256,0.01655636697547954,0.8184366559671824,806244.7512307995,21,Extreme Fear,0.7804878048780488,1.2906976744186047,Fear,Low Leverage
0xbee1707d6b44d4d52bfe19e41f8a828645437aab,2025-02-27,2886.786952,222.56163231,703,215,143,358,331,1018785.28,1449.1966998577525,0.0017887102981383606,0.039901936339467155,0.7858081333307293,810206.239754985,10,Extreme Fear,0.6005586592178771,0.8897849462365591,Fear,Low Leverage
0xbee1707d6b44d4d52bfe19e41f8a828645437aab,2025-02-28,2642.770468,97.00998097,302,134,0,134,116,409413.87,1355.6750662251654,0.0016691862310995217,0.02877130502075981,0.7350972392484579,812186.2259281313,16,Extreme Fear,1.0,0.6236559139784946,Fear,Low Leverage
0xbee1707d6b44d4d52bfe19e41f8a828645437aab,2025-03-01,446.358633,14.13199339,51,16,0,16,36,70632.18,1384.9447058823528,0.001702604039562986,0.00883678585087954,0.7509683221073516,813441.2964725868,20,Extreme Fear,1.0,2.4,Fear,Low Leverage
0xbee1707d6b44d4d52bfe19e41f8a828645437aab,2025-03-02,2576.6453030000002,22.79932942,102,55,0,55,32,195968.57,1921.2604901960785,0.002357910648194188,0.01321393409259229,1.0417786071354238,814774.048877337,26,Fear,1.0,0.45714285714285713,Fear,Low Leverage
0xbee1707d6b44d4d52bfe19e41f8a828645437aab,2025-03-03,2448.046511,21.1804367,73,48,0,48,56,143853.55,1970.5965753424655,0.002410026017876696,0.012704286696249241,1.0685304600609333,817402.3648634421,33,Fear,1.0,3.2941176470588234,Fear,Low Leverage
0xbee1707d6b44d4d52bfe19e41f8a828645437aab,2025-03-04,-4934.6700519999995,345.84151396,979,377,122,499,480,1464907.5,1496.3304392236976,0.0018452592652034407,0.04633850783266138,0.8113657927924752,810372.0030076825,15,Extreme Fear,0.7555110220440882,0.9619238476953907,Fear,Low Leverage
0xbee1707d6b44d4d52bfe19e41f8a828645437aab,2025-03-05,12814.770318,85.9329572,202,126,19,145,91,365851.66,1811.146831683168,0.002201338143902635,0.011944693742557078,0.9820709025438107,823255.8733896109,20,Extreme Fear,0.8689655172413793,0.8198198198198198,Fear,Low Leverage
0xbee1707d6b44d4d52bfe19e41f8a828645437aab,2025-03-06,601.486585,17.94404193,88,37,0,37,53,123746.02,1406.2047727272727,0.0017015411406588294,0.010294088061726762,0.7624963178884162,826329.6801531992,25,Fear,1.0,1.5142857142857142,Fear,Low Leverage
0xbee1707d6b44d4d52bfe19e41f8a828645437aab,2025-03-07,9142.064849,310.4394441,623,318,36,354,304,1174974.32,1885.9940930979135,0.0022749956758783226,0.047934348655018666,1.022655860253838,828479.9223216674,34,Fear,0.8983050847457628,0.9529780564263323,Fear,Low Leverage
0xbee1707d6b44d4d52bfe19e41f8a828645437aab,2025-03-08,2219.262399,21.81652738,134,52,0,52,82,159554.75,1190.7070895522388,0.0014236752659043735,0.007721177706260564,0.6456454913791563,836213.1037595351,28,Fear,1.0,1.5769230769230769,Fear,Low Leverage
0xbee1707d6b44d4d52bfe19e41f8a828645437aab,2025-03-09,805.6551,35.18756423,178,44,0,44,134,286089.11,1607.242191011236,0.0019178407957594365,0.016485767032534664,0.8715062531214018,838069.3337139635,27,Fear,1.0,3.0454545454545454,Fear,Low Leverage
0xbee1707d6b44d4d52bfe19e41f8a828645437aab,2025-03-10,9791.668235,490.0149171,1428,727,118,845,583,1972859.59,1381.5543347338937,0.0016413649173269368,0.03395349757122261,0.7491299372809642,841573.4315562287,20,Extreme Fear,0.8603550295857988,0.6899408284023668,Fear,Low Leverage
0xbee1707d6b44d4d52bfe19e41f8a828645437aab,2025-03-11,-136.41741799999994,86.10364051,333,115,95,210,128,408130.63,1225.6175075075075,0.0014462134693394345,0.01547598068380918,0.66457521318291,847472.7189134886,24,Extreme Fear,0.5476190476190477,0.624390243902439,Fear,Low Leverage
0xbee1707d6b44d4d52bfe19e41f8a828645437aab,2025-03-12,8096.937709,171.13070397,553,272,82,354,223,990831.72,1791.739095840868,0.002101866903290489,0.02723377279291581,0.971547309248359,852579.9857948703,34,Fear,0.768361581920904,0.6757575757575758,Fear,Low Leverage
0xbee1707d6b44d4d52bfe19e41f8a828645437aab,2025-03-13,5090.880874,241.675669,690,392,30,422,286,1008417.36,1461.4744347826086,0.0017029464548341368,0.029261571060440365,0.7924655760117523,858231.1918147592,45,Neutral,0.9289099526066351,0.7079207920792079,Neutral,Low Leverage
0xbee1707d6b44d4d52bfe19e41f8a828645437aab,2025-03-14,-49.672291,39.822176999999996,92,16,35,51,48,159132.11,1729.6968478260867,0.002010900587709657,0.012235628647887001,0.9379057041405617,860149.9387515063,27,Fear,0.3137254901960784,1.0909090909090908,Fear,Low Leverage
0xbee1707d6b44d4d52bfe19e41f8a828645437aab,2025-03-15,1764.258791,23.296708,75,46,0,46,51,127889.5,1705.1933333333334,0.0019796449698799845,0.013998461701656703,0.9246189908976438,861315.4348625867,46,Neutral,1.0,2.125,Neutral,Low Leverage
0xbee1707d6b44d4d52bfe19e41f8a828645437aab,2025-03-16,5.068941999999984,29.704423,97,11,2,13,95,138322.47,1426.0048453608247,0.0016541387829008332,0.014690725285382962,0.7732326507254366,862088.2780025984,30,Fear,0.8461538461538461,47.5,Fear,Low Leverage
0xbee1707d6b44d4d52bfe19e41f8a828645437aab,2025-03-17,390.08642000000003,89.645779,241,89,32,121,120,325165.39,1349.2339834024897,0.0015658114446532993,0.02199928998065311,0.7316046455446409,861809.2678858277,32,Fear,0.7355371900826446,0.9917355371900827,Fear,Low Leverage
0xbee1707d6b44d4d52bfe19e41f8a828645437aab,2025-03-18,1930.871511,86.032419,266,85,57,142,124,352600.03,1325.5640225563911,0.0015367345859250425,0.014361506407904866,0.7187699159663098,862539.5176332096,34,Fear,0.5985915492957746,0.8732394366197183,Fear,Low Leverage
0xbee1707d6b44d4d52bfe19e41f8a828645437aab,2025-03-19,5253.432742,297.190079,879,429,73,502,397,1646388.36,1873.024300341297,0.002157375406327739,0.03416891553261128,1.0156231581805006,867850.3468879086,32,Fear,0.8545816733067729,0.8236514522821576,Fear,Low Leverage
0xbee1707d6b44d4d52bfe19e41f8a828645437aab,2025-03-20,-682.2653320000001,113.166543,283,13,114,127,147,433941.82,1533.3633215547704,0.0017648463290573673,0.026541243027199814,0.8314463934033468,868835.2805747745,49,Neutral,0.10236220472440945,1.0808823529411764,Neutral,Low Leverage
0xbee1707d6b44d4d52bfe19e41f8a828645437aab,2025-03-21,4866.15672,144.56949283,550,279,0,279,273,634061.52,1152.8391272727274,0.001326229179162964,0.01686287461306459,0.6251120794863315,869106.2419981312,31,Fear,1.0,0.9855595667870036,Fear,Low Leverage
0xbee1707d6b44d4d52bfe19e41f8a828645437aab,2025-03-22,1637.832293,144.635452,344,88,64,152,138,516969.77,1502.8190988372094,0.0017204358728836473,0.044174127870522016,0.8148841843946729,873546.7360180379,32,Fear,0.5789473684210527,0.6699029126213593,Fear,Low Leverage
0xbee1707d6b44d4d52bfe19e41f8a828645437aab,2025-03-23,882.848973,39.66749003,178,18,0,18,161,173103.66,972.4924719101124,0.0011111277197958245,0.010089357256890754,0.5273214423582956,875237.3242721875,30,Fear,1.0,9.470588235294118,Fear,Low Leverage
0xbee1707d6b44d4d52bfe19e41f8a828645437aab,2025-03-24,7122.965048,160.22526237,500,302,26,328,152,694593.88,1389.18776,0.0015791096144088263,0.026322348491322912,0.7532690632256116,879236.5920621507,45,Neutral,0.9207317073170732,0.4367816091954023,Neutral,Low Leverage
0xbee1707d6b44d4d52bfe19e41f8a828645437aab,2025-03-25,1256.867824,84.40796484,306,135,7,142,164,370384.07,1210.40545751634,0.001371514423845995,0.019340649748131548,0.6563266761769491,882562.8509308649,46,Neutral,0.9507042253521126,1.1549295774647887,Neutral,Low Leverage
0xbee1707d6b44d4d52bfe19e41f8a828645437aab,2025-03-26,-6062.660109,1202.9397565900001,2551,586,718,1304,1304,4730632.06,1854.422602900823,0.00210973428715082,0.05863062608143736,1.0055366287646412,879861.4167408922,47,Neutral,0.4493865030674847,1.045709703287891,Neutral,Low Leverage
0xbee1707d6b44d4d52bfe19e41f8a828645437aab,2025-03-27,1743.483217,40.749951,136,84,0,84,76,169471.23,1246.1119852941176,0.0014208667400594742,0.010241248986225169,0.6756880782168042,877099.1013676574,40,Fear,1.0,1.2666666666666666,Fear,Low Leverage
0xbee1707d6b44d4d52bfe19e41f8a828645437aab,2025-03-28,1841.802102,59.20153658,246,82,0,82,161,281273.3,1143.3873983739836,0.00130133411388887,0.013366643296653094,0.6199870019565533,878739.8897653985,44,Fear,1.0,1.8941176470588235,Neutral,Low Leverage
0xbee1707d6b44d4d52bfe19e41f8a828645437aab,2025-03-29,-3661.1103980000003,344.78915796,965,308,154,462,503,1332948.75,1381.2940414507773,0.0015816871129853524,0.05802521726013783,0.748988796620801,873266.0595567697,26,Fear,0.6666666666666666,1.0887445887445888,Fear,Low Leverage
0xbee1707d6b44d4d52bfe19e41f8a828645437aab,2025-03-30,536.150767,19.074014000000002,53,26,0,26,27,86676.97,1635.4145283018868,0.0018670214050923325,0.0159661453939953,0.8867823379897313,875984.5929470966,32,Fear,1.0,1.0384615384615385,Fear,Low Leverage
0xbee1707d6b44d4d52bfe19e41f8a828645437aab,2025-03-31,41.277454000000034,13.750005,81,56,23,79,2,65542.37,809.165061728395,0.0009233283214383522,0.015960101668814335,0.4387592704121165,876437.4205080499,34,Fear,0.7088607594936709,0.02531645569620253,Fear,Low Leverage
0xbee1707d6b44d4d52bfe19e41f8a828645437aab,2025-04-01,147.445788,7.901415,35,27,0,27,18,42937.41,1226.783142857143,0.0014000407449299768,0.0159596827433904,0.6652072638481724,876273.3914753179,34,Fear,1.0,1.0588235294117647,Fear,Low Leverage
0xbee1707d6b44d4d52bfe19e41f8a828645437aab,2025-04-02,1842.839943,26.7983,118,76,0,76,53,116943.01,991.0424576271186,0.0011296373450447293,0.010286111122467826,0.537379931762131,877402.182196957,44,Fear,1.0,0.8153846153846154,Neutral,Low Leverage
0xbee1707d6b44d4d52bfe19e41f8a828645437aab,2025-04-03,-3368.876326,78.09696617,261,0,69,69,192,445407.35,1706.5415708812259,0.0019453336217290557,0.024798190010658715,0.925350055238944,877617.1733393697,25,Fear,0.0,2.782608695652174,Fear,Low Leverage
0xbee1707d6b44d4d52bfe19e41f8a828645437aab,2025-04-04,-4513.160132,110.944353,326,52,152,204,122,462902.01,1419.9448159509202,0.001631154258790419,0.024662433133226625,0.7699466782974054,870774.5226478605,28,Fear,0.2549019607843137,0.5980392156862745,Fear,Low Leverage
0xbee1707d6b44d4d52bfe19e41f8a828645437aab,2025-04-05,1113.761229,27.97517,90,27,0,27,63,100509.71,1116.7745555555557,0.001282387953545489,0.01000508375371164,0.6055565327594968,870897.5460390534,30,Fear,1.0,2.3333333333333335,Fear,Low Leverage
0xbee1707d6b44d4d52bfe19e41f8a828645437aab,2025-04-06,1828.77716,34.458222,114,33,0,33,81,237329.68,2081.839298245614,0.0023853124070360924,0.034594398341838986,1.128850385188924,872798.6572199567,34,Fear,1.0,2.4545454545454546,Fear,Low Leverage
0xbee1707d6b44d4d52bfe19e41f8a828645437aab,2025-04-07,-9593.258137,150.995911,386,20,214,234,152,630246.61,1632.7632383419689,0.001889231400666077,0.013443298499275436,0.8853447103615936,864458.6253853181,23,Extreme Fear,0.08547008547008547,0.6495726495726496,Fear,Low Leverage
0xbee1707d6b44d4d52bfe19e41f8a828645437aab,2025-04-08,11735.32104,50.877125,167,125,0,125,42,254159.43,1521.912754491018,0.0017473255488084898,0.011436262730870233,0.8252374717774359,870397.9338923068,24,Extreme Fear,1.0,0.336,Fear,Low Leverage
0xbee1707d6b44d4d52bfe19e41f8a828645437aab,2025-04-09,2503.69251,37.24659368,134,84,23,107,27,153175.38,1143.0998507462687,0.001303628516225306,0.011475951100011794,0.6198310829811646,876842.2152084706,18,Extreme Fear,0.7850467289719626,0.2523364485981308,Fear,Low Leverage
0xbee1707d6b44d4d52bfe19e41f8a828645437aab,2025-04-10,35.58096,16.02657293,52,28,0,28,30,50057.18,962.6380769230769,0.0010972014982864574,0.005815674376938231,0.5219780243594648,877358.6916807727,39,Fear,1.0,1.3636363636363635,Fear,Low Leverage
0xbee1707d6b44d4d52bfe19e41f8a828645437aab,2025-04-11,857.60294,32.61326378,123,29,25,54,78,164913.22999999998,1340.7579674796746,0.0015268898935550336,0.02025591404924594,0.7270086357337971,878014.3278898586,25,Fear,0.5370370370370371,1.7333333333333334,Fear,Low Leverage
0xbee1707d6b44d4d52bfe19e41f8a828645437aab,2025-04-12,4358.599132,109.12335053,307,115,0,115,109,469749.1,1530.1273615635178,0.0017376469321214259,0.019199880865771023,0.8296917360262575,880532.0655297248,43,Fear,1.0,0.5505050505050505,Neutral,Low Leverage
0xbee1707d6b44d4d52bfe19e41f8a828645437aab,2025-04-13,2319.824156,126.6096883,346,109,20,129,153,498833.4,1441.715028901734,0.00163403468547271,0.014283691650436097,0.7817512941944542,882082.3281001209,45,Neutral,0.8449612403100775,0.7927461139896373,Neutral,Low Leverage
0xbee1707d6b44d4d52bfe19e41f8a828645437aab,2025-04-14,6100.692122,164.4995029,380,191,0,191,182,546393.08,1437.8765263157893,0.0016203856129308812,0.01691310703494036,0.7796699159025063,887274.8952621658,31,Fear,1.0,0.9191919191919192,Fear,Low Leverage
0xbee1707d6b44d4d52bfe19e41f8a828645437aab,2025-04-15,920.056063,17.853521,40,25,0,25,15,99581.44,2489.536,0.0027930553326161464,0.011703431622659143,1.3499186392100346,891095.0062655008,38,Fear,1.0,0.6,Fear,Low Leverage
0xbee1707d6b44d4d52bfe19e41f8a828645437aab,2025-04-16,1958.056487,94.74223206,286,79,80,159,126,357560.58,1250.2118181818182,0.0014025062645750617,0.016885834730156205,0.677911159478836,891311.0328035487,29,Fear,0.4968553459119497,0.7875,Fear,Low Leverage
0xbee1707d6b44d4d52bfe19e41f8a828645437aab,2025-04-17,3359.966896,263.853514,588,247,0,247,233,833455.5,1417.4413265306123,0.0015828942745739606,0.015393866380502337,0.7685891935968271,895394.1623803575,30,Fear,1.0,0.6563380281690141,Fear,Low Leverage
0xbee1707d6b44d4d52bfe19e41f8a828645437aab,2025-04-18,2945.701617,226.8835711,562,314,5,319,324,847389.21,1507.8099822064057,0.0016792842791805167,0.030564151278281597,0.8175904262350003,898020.5086010342,33,Fear,0.9843260188087775,1.361344537815126,Fear,Low Leverage
0xbee1707d6b44d4d52bfe19e41f8a828645437aab,2025-04-19,976.5105639999999,369.109564,971,192,202,394,394,1377878.27,1419.0301441812564,0.0015784353238806883,0.03170775496272019,0.7694507093816603,899045.8656663693,32,Fear,0.4873096446700508,0.682842287694974,Fear,Low Leverage
0xbee1707d6b44d4d52bfe19e41f8a828645437aab,2025-04-20,807.262731,14.714917,63,41,0,41,41,67712.65,1074.8039682539682,0.0011941195657617777,0.010208141894086397,0.5827985256059531,900040.9504467235,37,Fear,1.0,1.8636363636363635,Fear,Low Leverage
0xbee1707d6b44d4d52bfe19e41f8a828645437aab,2025-04-21,711.68096,18.593413,55,29,0,29,29,85418.48,1553.0632727272728,0.0017242479317009676,0.01587870943496974,0.8421284366753816,900717.3327688014,39,Fear,1.0,1.1153846153846154,Fear,Low Leverage
0xbee1707d6b44d4d52bfe19e41f8a828645437aab,2025-04-22,1463.173211,133.374425,427,208,13,221,230,686404.56,1607.504824355972,0.0017821142121428382,0.03827483866355523,0.8716486626496582,902131.0196246273,47,Neutral,0.9411764705882353,1.16751269035533,Neutral,Low Leverage
0xbee1707d6b44d4d52bfe19e41f8a828645437aab,2025-04-23,1700.6386770000001,141.40794267,329,107,68,175,182,594489.68,1806.9595136778116,0.0020010969634884812,0.04164230188968087,0.9798003836102701,903058.2663201432,72,Greed,0.6114285714285714,1.2380952380952381,Greed,Low Leverage
0xbee1707d6b44d4d52bfe19e41f8a828645437aab,2025-04-24,-45.94597,2.1870230000000004,2,0,2,2,0,7290.08,3645.04,0.004031698169783082,0.007552113688470657,1.976475711404111,904115.221400267,63,Greed,0.0,0.0,Greed,Low Leverage
0xbee1707d6b44d4d52bfe19e41f8a828645437aab,2025-04-25,1101.511718,33.112463,154,65,0,65,65,160289.59,1040.8414935064934,0.0011508440884072989,0.011387665437799167,0.5643828137241742,904346.8127481047,60,Greed,1.0,0.7303370786516854,Greed,Low Leverage
0xbee1707d6b44d4d52bfe19e41f8a828645437aab,2025-04-26,18.390524,1.74816868,29,2,0,2,29,51380.6,1771.7448275862068,0.0019573605285277845,0.015650817647519896,0.9607056763519748,905169.1913977022,65,Greed,1.0,1.0,Greed,Low Leverage
0xbee1707d6b44d4d52bfe19e41f8a828645437aab,2025-04-27,1709.194807,25.639876,82,32,0,32,50,176616.47,2153.8593902439025,0.002378279225984894,0.027954210995685964,1.1679023469143663,905347.3127524528,61,Greed,1.0,1.5625,Greed,Low Leverage
0xbee1707d6b44d4d52bfe19e41f8a828645437aab,2025-04-28,4008.588908,159.55024042,430,169,19,188,164,643081.52,1495.5384186046513,0.0016457311635782056,0.047331110788503515,0.8109363298739677,908708.1088798443,54,Neutral,0.898936170212766,0.6165413533834586,Neutral,Low Leverage
0xbee1707d6b44d4d52bfe19e41f8a828645437aab,2025-04-29,8561.771838,348.921445,902,398,34,432,432,1749645.47,1939.7399889135254,0.0021188841966562027,0.03802411266630424,1.0517988758770447,915320.916393325,60,Greed,0.9212962962962963,0.9191489361702128,Greed,Low Leverage
0xbee1707d6b44d4d52bfe19e41f8a828645437aab,2025-04-30,2520.773814,20.31523462,75,39,0,39,50,131160.4,1748.8053333333332,0.001899794399726099,0.014366064654065537,0.9482670328192018,920673.4823234509,56,Greed,1.0,2.0,Neutral,Low Leverage
0xbee1707d6b44d4d52bfe19e41f8a828645437aab,2025-05-01,1364.022527,59.900085,131,43,51,94,87,320749.11,2448.466488549618,0.002656845401202667,0.022711518252165455,1.3276492287616137,921633.0049972986,53,Neutral,0.4574468085106383,1.9772727272727273,Neutral,Low Leverage
